Sat May 02 23:54:28 +0000 2015,Nerlens Noel's progress giving #NBA #76ers something to feel good about http://t.co/02K2WLToLK
Sat May 02 23:32:33 +0000 2015,#NBA #76ers- NWT Mitchell &amp; Ness Philadelphia 76ers NBA Free Agent Vest, Small:  $49.99... http://t.co/V6mYxCqbsm http://t.co/k33Sm3HFUt
Sat May 02 23:32:27 +0000 2015,#NBA Noel's progress giving #76ers something to feel good about http://t.co/F0haPAHiZJ
Sat May 02 22:48:57 +0000 2015,#NBA Nerlens Noel's progress giving #76ers something to feel good about http://t.co/mBe8tKe35B
Sat May 02 22:48:56 +0000 2015,#NBA Nerlens Noel's progress giving #76ers something to feel good about http://t.co/fmJGzqhsBP
Sat May 02 22:48:55 +0000 2015,#NBA Nerlens Noel's progress giving #76ers something to feel good about http://t.co/mASoEfSEQt
Sat May 02 22:40:02 +0000 2015,RT @tmoore76ers: #NBA column: Towns should merit serious consideration by #Sixers: http://t.co/vRvdQ5zfk2 @ExCats #76ers @KentuckyMBB #NBAD…
Sat May 02 22:36:49 +0000 2015,RT @tmoore76ers: #NBA column: Towns should merit serious consideration by #Sixers: http://t.co/TeM84lVhyH @ExCats #76ers #NBADraft
Sat May 02 22:36:08 +0000 2015,RT @tmoore76ers: #NBA column: Towns should merit serious consideration by #Sixers: http://t.co/vRvdQ5zfk2 @ExCats #76ers @KentuckyMBB #NBAD…
Sat May 02 22:25:06 +0000 2015,#NBA column: Towns should merit serious consideration by #Sixers: http://t.co/vRvdQ5zfk2 @ExCats #76ers @KentuckyMBB #NBADraft
Sat May 02 22:04:04 +0000 2015,#NBA Noel's progress giving #76ers something to feel good about http://t.co/eGz0VcZN1r
Sat May 02 22:04:03 +0000 2015,#NBA Noel's progress giving #76ers something to feel good about http://t.co/rPOW6r01NN
Sat May 02 22:04:03 +0000 2015,#NBA Nerlens Noel's progress giving #76ers something to feel good about http://t.co/lAVJApU9NF
Sat May 02 21:25:23 +0000 2015,#NBA #76ers- NWT NEW Reebok Philadelphia 76ers Allen Iverson Stitched Jersey Adult 50 S... http://t.co/9mJdcMiZqD http://t.co/k33Sm3HFUt
Sat May 02 21:25:23 +0000 2015,#NBA #76ers- NBA  76ers matchbox  basketball  collectible cars  NIB:  $5.00End Date: Mo... http://t.co/rotC549az1 http://t.co/k33Sm3HFUt
Sat May 02 20:58:11 +0000 2015,#NBA Nerlens Noel's progress giving #76ers something to feel good about http://t.co/uusO84fso2
Sat May 02 20:21:23 +0000 2015,#NBA #76ers- Mens Vtg PHILADELPHIA 76ers SIXERS 1/2 Zip Sewn On Harwood Classics Jersey... http://t.co/XnF87FoWy9 http://t.co/k33Sm3HFUt
Sat May 02 20:21:23 +0000 2015,#NBA #76ers- 1991-92 Charles Barkley Philadelphia 76ers Sixers Authentic Champion jerse... http://t.co/nEHyreH2g5 http://t.co/k33Sm3HFUt
Sat May 02 20:14:19 +0000 2015,#NBA Nerlens Noel's progress giving #76ers something to feel good about http://t.co/ErIFtmO3F5
Sat May 02 19:08:21 +0000 2015,#NBA Noel's progress giving #76ers something to feel good about http://t.co/Mw4UIZYxes
Sat May 02 19:08:17 +0000 2015,#NBA Noel's progress giving #76ers something to feel good about http://t.co/ZrIuTLj1bY
Sat May 02 18:46:04 +0000 2015,Nerlens Noel's progress giving #NBA #76ers something to feel good about http://t.co/KXvqE3hzQq
Sat May 02 18:24:20 +0000 2015,#NBA Noel's progress giving #76ers something to feel good about http://t.co/aMdBpn33q4
Sat May 02 18:13:02 +0000 2015,#NBA #76ers- NWT NBA Men's Philadelphia 76ers Red T Shirt 2XL $40.00:  $14.99End Date: ... http://t.co/JVnNfVMEhv http://t.co/k33Sm3HFUt
Sat May 02 18:13:02 +0000 2015,#NBA #76ers- Alan Iversen Philadelphia 76Ers Basketball Jersey Men's Size Extra Large: ... http://t.co/2x7wKmcaRp http://t.co/k33Sm3HFUt
Sat May 02 17:07:51 +0000 2015,#NBA #76ers- Allen Iverson MED Philadelphia 76ers Red Hwd Classic Throwback Swingman Je... http://t.co/giuHUySsOU http://t.co/k33Sm3HFUt
Sat May 02 17:07:51 +0000 2015,#NBA #76ers- Philadelphia 76ers Dancers playing cards, SGA, Brand New:  $1.99End Date: ... http://t.co/xvo624KHzr http://t.co/k33Sm3HFUt
Sat May 02 17:07:50 +0000 2015,#NBA #76ers- Philadelphia 76ers Jersey "Warm-Up"  XL "NIKE":  $49.95End Date: Monday Ju... http://t.co/VcqtPx1QhW http://t.co/k33Sm3HFUt
Sat May 02 16:56:08 +0000 2015,Nerlens Noel's progress giving #NBA #76ers something to feel good about http://t.co/gW0LxwvdnT
Sat May 02 16:56:05 +0000 2015,#NBA Noel's progress giving #76ers something to feel good about http://t.co/yVy0NfqH4k
Sat May 02 16:34:28 +0000 2015,#NBA Nerlens Noel's progress giving #76ers something to feel good about http://t.co/Om2Hj7uAhe
Sat May 02 16:34:25 +0000 2015,Nerlens Noel's progress giving #NBA #76ers something to feel good about http://t.co/t6zFm2yMsi
Sat May 02 16:12:24 +0000 2015,Nerlens Noel's progress giving #NBA #76ers something to feel good about http://t.co/1CXdVT8GOb
Sat May 02 16:12:06 +0000 2015,Nerlens Noel's progress giving #NBA #76ers something to feel good about http://t.co/3gajd9f47e
Sat May 02 15:37:21 +0000 2015,#76ers #Philadelphia76ers #Sixers RTRS: Lottery Party, Nerlens ROY Snub, Draft Talk, Dario Saric Unease http://t.co/Q90YlJF93K
Sat May 02 15:28:13 +0000 2015,#NBA Nerlens Noel's progress giving #76ers something to feel good about http://t.co/wg2VZXj5Mz
Sat May 02 15:09:03 +0000 2015,Out of all three years. I finally decided to wear this suit during finals 🏊 #ihsswimteam #76ers PC: @jayssiehaynes 💕 http://t.co/f8yAJ9aPOG
Sat May 02 14:58:36 +0000 2015,#NBA #76ers- NBA Nike Philadelphia 76ers Sixers Black Red White Blue retro sewn warm up... http://t.co/ZOzBn6912p http://t.co/k33Sm3HFUt
Sat May 02 14:58:35 +0000 2015,#NBA #76ers- NBA Nike Philadelphia 76ers Sixers Red White Blue retro sewn warm up sz 3X... http://t.co/VVakBKjuXe http://t.co/k33Sm3HFUt
Sat May 02 14:58:35 +0000 2015,#NBA #76ers- NBA Basketball Philadelphia 76ers Puma Black Shirt Adult L Large:  $4.95En... http://t.co/Tv5p3w5N7i http://t.co/k33Sm3HFUt
Sat May 02 14:47:01 +0000 2015,RT @tmoore76ers: The #Sixers' San Hinkie received a second-place vote for #NBA Executive of the Year. The #Warriors' Bob Myers won. #76ers
Sat May 02 14:46:48 +0000 2015,RT @tmoore76ers: The #Sixers' San Hinkie received a second-place vote for #NBA Executive of the Year. The #Warriors' Bob Myers won. #76ers
Sat May 02 14:37:09 +0000 2015,#76ers #Philadelphia76ers #Sixers Something About Sixers, But Not Really: The Phylogeny of a 76ers Cult http://t.co/sqNTRwfdwo
Sat May 02 14:27:01 +0000 2015,RT @tmoore76ers: The #Sixers' San Hinkie received a second-place vote for #NBA Executive of the Year. The #Warriors' Bob Myers won. #76ers
Sat May 02 14:22:11 +0000 2015,#NBA Nerlens Noel's progress giving #76ers something to feel good about http://t.co/MtbXuYPXeM
Sat May 02 13:58:25 +0000 2015,#NBA 1981-82 #59 #Philadelphia #76ers Team Leaders - #Topps #Basketball - #Dr.J #Erving, #Jones, #Cheeks  http://t.co/cqFMMrF9rL via @eBay
Sat May 02 13:45:31 +0000 2015,#76ers #Philadelphia76ers #Sixers New Philadelphia 76ers Rumors. Saturday, May 2 2015 http://t.co/qGVklPKHfG
Sat May 02 13:16:26 +0000 2015,#NBA Noel's progress giving #76ers something to feel good about http://t.co/glMg73cuR5
Sat May 02 12:49:09 +0000 2015,#NBA #76ers- ALLEN IVERSON STARTING LINEUP 1996 EDITION NBA SIXERS SUPERSTAR COLLECTIBL... http://t.co/ZwXJDwRr3N http://t.co/k33Sm3HFUt
Sat May 02 12:49:09 +0000 2015,#NBA #76ers- MAJESTIC PHILADELPHIA 76ERS SEWN THROWBACK JERSEY 3XL 3X NEW:  $24.99End D... http://t.co/xnfPNZI8fJ http://t.co/k33Sm3HFUt
Sat May 02 12:49:09 +0000 2015,#NBA #76ers- Vintage Philidelphia 76ers NBA Sweater Size Medium M Throwback Retro:  $44... http://t.co/JTLJLOnVQu http://t.co/k33Sm3HFUt
Sat May 02 12:32:19 +0000 2015,Nerlens Noel's progress giving #76ers something to feel good about #NBA http://t.co/62I75E4rs3
Sat May 02 12:32:18 +0000 2015,Nerlens Noel's progress giving #76ers something to feel good about #NBA http://t.co/rkmRDOA74u
Sat May 02 12:10:36 +0000 2015,#76ers 【RETWEET】 #Followback #Follow #TFB #TFBJP #F4F #FF #Me #Love #TF #Like #MGWV @FollowbackImage http://t.co/jqhCLrMfEU
Sat May 02 12:10:34 +0000 2015,#NBA Noel's progress giving #76ers something to feel good about http://t.co/f4qmRyHbll
Sat May 02 12:10:32 +0000 2015,#NBA Nerlens Noel's progress giving #76ers something to feel good about http://t.co/4wlHavaI6e
Sat May 02 12:10:28 +0000 2015,Nerlens Noel's progress giving #NBA #76ers something to feel good about http://t.co/LCUOw4L6Lr
Sat May 02 11:26:19 +0000 2015,#NBA Nerlens Noel's progress giving #76ers something to feel good about http://t.co/JSR2ETnLAh
Sat May 02 11:04:10 +0000 2015,Nerlens Noel's progress giving #NBA #76ers something to feel good about http://t.co/fPYlgq4AHQ
Sat May 02 10:20:23 +0000 2015,Nerlens Noel's progress giving #76ers something to feel good about #NBA http://t.co/kg1aPElizv
Sat May 02 09:58:11 +0000 2015,#NBA Nerlens Noel's progress giving #76ers something to feel good about http://t.co/Wsv8V0x9O8
Sat May 02 09:38:40 +0000 2015,#NBA #76ers- BNWT ALLEN IVERSON PHILADELPHIA 76ERS CHAMPION AUTHENTIC JERSEY SIZE 52 2X... http://t.co/SPIAABWyzO http://t.co/k33Sm3HFUt
Sat May 02 09:38:40 +0000 2015,#NBA #76ers- BNWT ALLEN IVERSON PHILADELPHIA 76ERS NIKE REWIND SWINGMAN JERSEY SIZE 2XL... http://t.co/Ur9KO7C5Ky http://t.co/k33Sm3HFUt
Sat May 02 08:35:44 +0000 2015,#NBA #76ers- RARE Authentic VINTAGE Philadelphia 76ers CHAMPION Shorts 50 SEWN IN NBA 9... http://t.co/pzo1YUwPnq http://t.co/k33Sm3HFUt
Sat May 02 06:29:03 +0000 2015,#NBA #76ers- ALLEN IVERSON PHILADELPHIA 76ERS AUTHENTIC NBA JERSEY, YOUTHE SIZE MEDIUM:... http://t.co/p1oH3eMrmL http://t.co/k33Sm3HFUt
Sat May 02 06:08:05 +0000 2015,#76ers #Philadelphia76ers Hawks beat Nets 111-87 to wrap up series in Game 6 http://t.co/JEOY7XbcP7
Sat May 02 05:26:32 +0000 2015,#NBA #76ers- Julius Erving Dr. J Jersey Philadelphia 76ers Hardwood Classics HWC Youth ... http://t.co/Ggh6durBkg http://t.co/k33Sm3HFUt
Sat May 02 05:01:03 +0000 2015,Report: #Pistons, #Pelicans, #Sixers #76ers and #Magic among the NBA teams interested in PG Tyus Jones. #NBADraft.
Sat May 02 04:28:16 +0000 2015,#NBA Nerlens Noel's progress giving #76ers something to feel good about http://t.co/L66t2od02g
Sat May 02 04:06:32 +0000 2015,#NBA Noel's progress giving #76ers something to feel good about http://t.co/bRczgIOhvy
Sat May 02 04:06:29 +0000 2015,#NBA Nerlens Noel's progress giving #76ers something to feel good about http://t.co/F070edQ9Bu
Sat May 02 04:06:05 +0000 2015,Nerlens Noel's progress giving #76ers something to feel good about #NBA http://t.co/bYdMOc4MjR
Sat May 02 03:18:36 +0000 2015,#NBA #76ers- NBA 76ers Basketball Graphic Tee, Gray, Size LARGE:  $11.99End Date: Sunda... http://t.co/5Zp9RNCEnA http://t.co/k33Sm3HFUt
Sat May 02 03:18:35 +0000 2015,#NBA #76ers- NWOT Adidas NBA Philadelphia 76ers Women's On-Court Track Jacket Sz Medium... http://t.co/mqGqhMX4fP http://t.co/k33Sm3HFUt
Sat May 02 03:18:35 +0000 2015,#NBA #76ers- MITCHELL &amp; NESS PHILADELPHIA 76ers WARMUP JACKET - New with tags SIZE 52 (... http://t.co/XZW7e05Kmh http://t.co/k33Sm3HFUt
Sat May 02 03:18:35 +0000 2015,#NBA #76ers- 4" Philly 76ers NBA Logo Basketball Die-Cut Sticker:  $1.99End Date: Sunda... http://t.co/plPLTdfFPn http://t.co/k33Sm3HFUt
Sat May 02 02:43:21 +0000 2015,RT @Lakers_FZ: Nerlens Noel's progress giving #76ers something to feel good about #NBA http://t.co/uaLD3dN0E0
Sat May 02 02:38:37 +0000 2015,Nerlens Noel's progress giving #76ers something to feel good about #NBA http://t.co/uaLD3dN0E0
Sat May 02 02:38:02 +0000 2015,#NBA Nerlens Noel's progress giving #76ers something to feel good about http://t.co/ZPjD2uy9nA
Sat May 02 02:19:04 +0000 2015,#76ers! http://t.co/jq0lypL4ZT #NBA #follow #basketball #Philadelphea76ers
Sat May 02 02:16:09 +0000 2015,#NBA #76ers- Philadelphia 76ers Mens Shirt Large Adidas 76ers Blue TShirt NBA:  $16.99E... http://t.co/dgkE90h5j2 http://t.co/k33Sm3HFUt
Sat May 02 02:16:09 +0000 2015,#NBA #76ers- Philadelphia 76ers Andrew Bynum adidas "NBA Swingman Jersey" - XL - NEW:  ... http://t.co/VVWB8aLAYF http://t.co/k33Sm3HFUt
Sat May 02 01:54:45 +0000 2015,#NBA Noel's progress giving #76ers something to feel good about http://t.co/FLeMAc1AAQ
Sat May 02 01:54:44 +0000 2015,#NBA Noel's progress giving #76ers something to feel good about http://t.co/mLwiiaRHKA
Sat May 02 01:29:26 +0000 2015,Absolutely necessary selfie #Fridaynight #selfie #girldj #femaleproducer #femaledj #violinist #76ers... http://t.co/kFvVuRUGfj
Sat May 02 01:13:05 +0000 2015,#NBA #76ers- RARE ALLEN IVERSON 76ers PHILADELPHIA SIXERS CHAMPION NBA JERSEY SZ 52:  $... http://t.co/jz0NL0KNJp http://t.co/k33Sm3HFUt
Sat May 02 01:10:37 +0000 2015,Nerlens Noel's progress giving #76ers something to feel good about #NBA http://t.co/5qlbh8znzG
Sat May 02 00:26:29 +0000 2015,Nerlens Noel's progress giving #NBA #76ers something to feel good about http://t.co/5tVn0lEJur
Sat May 02 00:13:35 +0000 2015,#adidas #crazy97 eqt elevation #philadelphi #76ers #s9o5 #sneakers #kicks #olx #pdub instagram… https://t.co/IAJBFDLwN2
Sat May 02 00:09:30 +0000 2015,#NBA #76ers- Philadelphia 76ers Mitchell &amp; Ness Snapback Hat:  $19.99End Date: Friday M... http://t.co/o7GrMSJfU6 http://t.co/k33Sm3HFUt
Sat May 02 00:09:30 +0000 2015,#NBA #76ers- Allen Iverson #3 Philadelphia 76ers Sixers NBA Jersey REEBOK 3XL:  $24.99E... http://t.co/51afIbED0I http://t.co/k33Sm3HFUt
Sat May 02 00:04:37 +0000 2015,Nerlens Noel's progress giving #76ers something to feel good about #NBA http://t.co/GorDBcmNNg
Fri May 01 23:06:39 +0000 2015,#NBA #76ers- VTG MENS SZ 48 ALLEN IVERSON NBA JERSEY Philadelphia 76ers by CHAMPION:  $... http://t.co/Rg75qVRs97 http://t.co/k33Sm3HFUt
Fri May 01 23:06:39 +0000 2015,#NBA #76ers- MENS XL HARDWOOD CLASSICS PHILADELPHIA 76ers Warm-Up Jersey Blue:  $9.99En... http://t.co/wzLL51YwKW http://t.co/k33Sm3HFUt
Fri May 01 23:02:17 +0000 2015,@sixers so tired of the harassing phone calls I continue to receive to buy tix from u guys after many requests for the calls to end #76ers
Fri May 01 22:58:29 +0000 2015,#NBA Nerlens Noel's progress giving #76ers something to feel good about http://t.co/6nkBzQxgYl
Fri May 01 22:58:20 +0000 2015,Nerlens Noel's progress giving #76ers something to feel good about #NBA http://t.co/RSEMeICgru
Fri May 01 22:37:07 +0000 2015,#76ers #Philadelphia76ers #Sixers The Milwaukee Bucks? Gone till November. (Ball Don't Lie) http://t.co/BajaUWFICt
Fri May 01 22:14:37 +0000 2015,#Philadelphia The Milwaukee Bucks? Gone till November. (Ball Don't Lie): For once, the Mi... http://t.co/8coiKmCrTz #76ers #SixersNation
Fri May 01 22:14:35 +0000 2015,#NBA Nerlens Noel's progress giving #76ers something to feel good about http://t.co/5iRgWTjhxP
