Sat May 02 23:37:06 +0000 2015,#milwaukeebucks #milwaukee #bucks #MIL Giannis Antetokounmpo suspended one game for flagrant foul, Dunleavy no.. http://t.co/nG3BhZt0vX
Sat May 02 23:11:51 +0000 2015,http://t.co/qiRDLbcld3 For Bulls, question remains which team will show up (The Associated  #Bucks http://t.co/GAezkgmgLd
Sat May 02 23:08:43 +0000 2015,#MilwaukeeBucks Bucks' Antetokounmpo suspended 1 game: New York, NY (http://t.co/LuMXkiIFzY) - Milwaukee... http://t.co/NKor2fxDrK #Bucks
Sat May 02 22:56:17 +0000 2015,Pennsylvania Turnpike crash kills driver, injures 3 workers  http://t.co/cWnFEt77v0
  #bucks #investigation #temple
Sat May 02 22:55:32 +0000 2015,At http://t.co/W6jKxVre98 -- #chicagobulls #dabulls #hisairness #NBA #NBAPLAYOFFS #BUCKS #BULLS #CLIPPERS #SPURS … http://t.co/XTzYhjeB41
Sat May 02 22:53:11 +0000 2015,3rd green tea today smh #bucks
Sat May 02 22:46:11 +0000 2015,RT @MK_Country_Show: Not long now-Milton Keynes Country Show 30th May 2015. Get your entries in Young Farmers #Bucks #farming #countryshow …
Sat May 02 22:45:39 +0000 2015,http://t.co/hysGUQ1tWv: Working Kill Shot Hack for iOS and Android Get all... http://t.co/bXo8RX5wCD #android #bucks #hack #shot #working
Sat May 02 22:45:30 +0000 2015,@BucksCamps Leading the way in #bucks! Tired of unwanted subscription emails? Try Unroll.Me: http://t.co/Abp3MwUHhQ
Sat May 02 22:43:00 +0000 2015,RT @NOTSportsCenter: Every time someone gets drafted, add 10 to the #Bulls score and take 10 away from the #Bucks and you'll have the curre…
Sat May 02 22:42:50 +0000 2015,AYLESBURY: Sunday Telegraph: Vote in the national interest. Vote Conservative - http://t.co/lvbom1nhdf http://t.co/2PKVbUN7aX #Bucks
Sat May 02 22:42:39 +0000 2015,http://t.co/JDe7w4y50X [Wisconsin State Journal] - Bucks: Scott Walker says deal on new #Bucks http://t.co/aP2lMjLymD
Sat May 02 22:33:32 +0000 2015,@markcraignfl #Buckeyes #Bucks #Ohio State #osu
Sat May 02 22:23:50 +0000 2015,RT @buckssportspage: Sources tell me the #Packers are considering moving up to draft the #Bucks Giannis Antetokounmpo after his impressive …
Sat May 02 22:23:19 +0000 2015,@NicholasBatty Which #Conservative candidate is that? And which #BUCKS constituency? Can you be more specific? #StopHs2 #Vote #UKIP
Sat May 02 22:22:26 +0000 2015,RT @buckssportspage: Sources tell me the #Packers are considering moving up to draft the #Bucks Giannis Antetokounmpo after his impressive …
Sat May 02 22:19:00 +0000 2015,9 Year Old Girl Reportd Shot wiv BB #gun http://t.co/85x4Gz0XCA #Bucks #hospital
Sat May 02 22:11:16 +0000 2015,@WileyUpdates 1Tweet4 @OurBucksX2, Follow #Bucks News, Player Tweets, UTubes, Stats &amp; More! Visit http://t.co/JDe7w4y50X RT!
Sat May 02 22:06:52 +0000 2015,RT @buckssportspage: Sources tell me the #Packers are considering moving up to draft the #Bucks Giannis Antetokounmpo after his impressive …
Sat May 02 22:04:38 +0000 2015,RT @buckssportspage: Sources tell me the #Packers are considering moving up to draft the #Bucks Giannis Antetokounmpo after his impressive …
Sat May 02 22:04:37 +0000 2015,#MilwaukeeBucks Bucks' Antetokounmpo suspended for first game next season: Milwaukee Bucks forward Gian... http://t.co/4ulasdewo3 #Bucks
Sat May 02 22:02:21 +0000 2015,Bikin season returns &amp; officials stress courtesy on #Montgomery County trails  http://t.co/H71CAYTGY2 #Bucks #SchuylkillRiver #UPPER
Sat May 02 22:01:53 +0000 2015,@juicebmb #BMB #BUCKS #100Trilly https://t.co/nHW9VToo7S
Sat May 02 21:58:22 +0000 2015,9 Year Old Girl Reportd Shot wiv BB Gun #Bucks #Mary #police http://t.co/kKKtfGyctg
Sat May 02 21:57:03 +0000 2015,RT @BucksCamps: Be sure to register soon! Spots filling up for @Bucks Camps! Boys &amp; Girls ages 7-16! #Bucks #FearTheDeer
Sat May 02 21:53:49 +0000 2015,@juicebmb #BMB #BUCKS #100Trilly https://t.co/fwh6HVFVxs
Sat May 02 21:53:48 +0000 2015,RT @buckssportspage: Sources tell me the #Packers are considering moving up to draft the #Bucks Giannis Antetokounmpo after his impressive …
Sat May 02 21:47:13 +0000 2015,#Bucks forward Giannis #Antetokounmpo suspended 1 game http://t.co/sH7r2D4uoM
Sat May 02 21:46:42 +0000 2015,Early take on SG for #Bucks: Keep Middleton or bring Wesley Matthews or Jimmie Butler #Milwaukeealumni #Bucksoffseason
Sat May 02 21:34:27 +0000 2015,RT @Sportsnet: #Bucks forward Giannis Antetokounmpo suspended one game for play vs. Bulls http://t.co/ODGvu0Vyf3 http://t.co/hcnD0pxZvJ
Sat May 02 21:31:20 +0000 2015,RT @buckssportspage: It was a great season #Bucks excited for next year. We'll continue tweeting news &amp; provide analysis while the #Bulls g…
Sat May 02 21:30:17 +0000 2015,RT @buckssportspage: It was a great season #Bucks excited for next year. We'll continue tweeting news &amp; provide analysis while the #Bulls g…
Sat May 02 21:28:25 +0000 2015,Bikin season returns &amp; officials #stress courtesy on #Montgomery County trails  http://t.co/WxwiytSSDe #Bucks #Schuylkill
Sat May 02 21:25:08 +0000 2015,RT YePhiladelphia: City Council To Investigate Whether Suburban Rea  http://t.co/9r03YPxYJG
  #bucks #delaware #montgomery #realestate
Sat May 02 21:21:21 +0000 2015,City Council To Investigate Whether Suburban Rea  http://t.co/5LInciWAct
  #bucks #delaware #montgomery #realestate
Sat May 02 21:17:57 +0000 2015,#Bucks'ta Middleton Sancısı ;
Kontrat süreci sıkıntılı olacak gibi. http://t.co/ldOX2UcIaR
Sat May 02 21:15:20 +0000 2015,Watch the Bulls take on the Bucks tonight for Game 7 at Parlor!  #ParlorChicago #GoBulls #ChicagoBulls #Game7 #Bucks http://t.co/7ylkQl2c3I
Sat May 02 21:10:13 +0000 2015,#Bucks forward Giannis Antetokounmpo suspended 1 game (Yahoo Sports): @YahooSports http://t.co/o1H3WrMqiq #NBA
Sat May 02 21:09:29 +0000 2015,@orlando_pirates tanks #BUCKS we love u gys
Sat May 02 21:08:09 +0000 2015,#milwaukeebucks #milwaukee #bucks #MIL New Milwaukee Bucks Rumors. Saturday, May 2 2015 http://t.co/KPUzkq2C6A
Sat May 02 21:08:08 +0000 2015,#milwaukeebucks #milwaukee #bucks #MIL Bucks' Antetokounmpo suspended for first game next season http://t.co/ycv1UzkoSm
Sat May 02 21:08:07 +0000 2015,#milwaukeebucks #milwaukee #bucks #MIL For Bulls, question remains which team will show up (The Associated Pre.. http://t.co/oaAvkXgXvl
Sat May 02 21:05:25 +0000 2015,@HenryGaines702 1Tweet4 @OurBucksX2, Follow #Bucks News, Player Tweets, UTubes, Stats &amp; More! Visit http://t.co/JDe7w4y50X RT!
Sat May 02 20:59:14 +0000 2015,RT @buckssportspage: Sources tell me the #Packers are considering moving up to draft the #Bucks Giannis Antetokounmpo after his impressive …
Sat May 02 20:58:21 +0000 2015,RT @OwnersBoxNBA: #NBA #StartingFive #Bucks
[G] Carter-Williams
[G] Middleton
[F] Antetokounmpo
[F] Ilyasova
[C] Pachulia
vs Bulls on Thurs…
Sat May 02 20:57:49 +0000 2015,RT @OwnersBoxNBA: #NBA #Bucks
SG Giannis Antetokounmpo has been suspended for one game next season for knocking over Mike Dunleavy in Game …
Sat May 02 20:57:24 +0000 2015,RT @Sportsnet: #Bucks forward Giannis Antetokounmpo suspended one game for play vs. Bulls http://t.co/ODGvu0Vyf3 http://t.co/hcnD0pxZvJ
Sat May 02 20:54:05 +0000 2015,@foolsfestival have seen Morris Men whenI lived in England - love them. Happy memories of their performance in Little Chalfont #Bucks
Sat May 02 20:53:32 +0000 2015,Man who died in M40 crash named locally as son of TV antique expert http://t.co/9c35hrAZm3 #Bucks
Sat May 02 20:53:31 +0000 2015,#bucks Man who died in M40 crash named locally as son of TV antique expert: A 26-year-old man who died in a ca... http://t.co/sIFMEuPCZk
Sat May 02 20:53:12 +0000 2015,RT @buckssportspage: Sources tell me the #Packers are considering moving up to draft the #Bucks Giannis Antetokounmpo after his impressive …
Sat May 02 20:52:26 +0000 2015,RT @Sportsnet: #Bucks forward Giannis Antetokounmpo suspended one game for play vs. Bulls http://t.co/ODGvu0Vyf3 http://t.co/hcnD0pxZvJ
Sat May 02 20:52:22 +0000 2015,RT @buckssportspage: Sources tell me the #Packers are considering moving up to draft the #Bucks Giannis Antetokounmpo after his impressive …
Sat May 02 20:52:11 +0000 2015,#Bucks forward Giannis Antetokounmpo suspended one game for play vs. Bulls http://t.co/ODGvu0Vyf3 http://t.co/hcnD0pxZvJ
Sat May 02 20:51:51 +0000 2015,Looking forward to some Velvet! #bucks #muley #mossback #photography #summer http://t.co/vEw8RdNpQQ
Sat May 02 20:49:30 +0000 2015,RT @buckssportspage: Sources tell me the #Packers are considering moving up to draft the #Bucks Giannis Antetokounmpo after his impressive …
Sat May 02 20:49:16 +0000 2015,#Bucks' Giannis Antetokounmpo suspended for first game next season http://t.co/J4tzMbhjB6
Sat May 02 20:47:24 +0000 2015,RT @buckssportspage: Sources tell me the #Packers are considering moving up to draft the #Bucks Giannis Antetokounmpo after his impressive …
Sat May 02 20:46:53 +0000 2015,RT @JoshFOXIL: Will Krug singles to score Fletcher -- tied at 4. #Illini have runners on 2nd &amp; 3rd with 1 out...pitching change for #Bucks
Sat May 02 20:46:34 +0000 2015,Will Krug singles to score Fletcher -- tied at 4. #Illini have runners on 2nd &amp; 3rd with 1 out...pitching change for #Bucks
Sat May 02 20:44:13 +0000 2015,#NBA: #Bucks F #GiannisAntetokounmpo suspended 1 game without #pay for his flagrant foul 2 on #Bulls F #MikeDunleavy
Sat May 02 20:43:52 +0000 2015,#Bucks For Bulls, question remains which team will show up (The Associated Press): The Chicago... http://t.co/rORK3CN0QL #MilwaukeeBucks
Sat May 02 20:40:00 +0000 2015,RT @BucksCamps: Be sure to register soon! Spots filling up for @Bucks Camps! Boys &amp; Girls ages 7-16! #Bucks #FearTheDeer
Sat May 02 20:39:26 +0000 2015,http://t.co/JDe7w4y50X [Bleacher Report] - Giannis Antetokounmpo Suspended: Latest Deta #Bucks http://t.co/anokWTz0Qq
Sat May 02 20:37:10 +0000 2015,#milwaukeebucks #milwaukee #bucks #MIL Eastern Notes: Magic, Celtics, Middleton http://t.co/ccxq7RR3bc
Sat May 02 20:37:09 +0000 2015,#milwaukeebucks #milwaukee #bucks #MIL Bucks forward Giannis Antetokounmpo suspended 1 game (The Associated Pr.. http://t.co/AqTHMUrGxc
Sat May 02 20:36:53 +0000 2015,RT @BucksCamps: Be sure to register soon! Spots filling up for @Bucks Camps! Boys &amp; Girls ages 7-16! #Bucks #FearTheDeer
Sat May 02 20:36:20 +0000 2015,#NBA #Bucks - Milwaukee Bucks Red Baseball Cap Hat Jabari Parker Jason Kidd NBA:  $5.99... http://t.co/fWF2YDa9Ea http://t.co/k33Sm3HFUt
Sat May 02 20:31:58 +0000 2015,@buckssportspage @JessiRose14 leave that right there for you and your #Bucks followers http://t.co/rQ1x0EqJUi
Sat May 02 20:31:04 +0000 2015,Sources tell me the #Packers are considering moving up to draft the #Bucks Giannis Antetokounmpo after his… http://t.co/jiHpo0Y6h2
Sat May 02 20:30:21 +0000 2015,RT @buckssportspage: It was a great season #Bucks excited for next year. We'll continue tweeting news &amp; provide analysis while the #Bulls g…
Sat May 02 20:29:28 +0000 2015,Spitalfields Tables ScrtMsgs #Buckingham #Bucks #furniture #style #HomeStaging #interiors #modern #quirky…… http://t.co/G2Xc0A1IZc

— Buc…
Sat May 02 20:28:11 +0000 2015,Biking season returns, and officials stress courtesy on #Montgomery ... #Abington #Bucks #SchuylkillRiver http://t.co/lAnBwZVtZq
Sat May 02 20:26:27 +0000 2015,RT @buckssportspage: Sources tell me the #Packers are considering moving up to draft the #Bucks Giannis Antetokounmpo after his impressive …
Sat May 02 20:25:23 +0000 2015,RT @BucksCamps: Be sure to register soon! Spots filling up for @Bucks Camps! Boys &amp; Girls ages 7-16! #Bucks #FearTheDeer
Sat May 02 20:23:03 +0000 2015,RT @AndrewGruman: #Bucks forward Giannis Antetokounmpo suspended one game by the NBA for his flagrant-2 foul in Game 6
Sat May 02 20:22:34 +0000 2015,RT @buckssportspage: Sources tell me the #Packers are considering moving up to draft the #Bucks Giannis Antetokounmpo after his impressive …
Sat May 02 20:20:02 +0000 2015,RT @BucksCamps: Be sure to register soon! Spots filling up for @Bucks Camps! Boys &amp; Girls ages 7-16! #Bucks #FearTheDeer
Sat May 02 20:19:17 +0000 2015,#Bucks F Giannis Antetokounmpo has been suspended one game without pay for running over #Bulls F Mike Dunleavy,... http://t.co/NIwn5BzMHa
Sat May 02 20:18:41 +0000 2015,Bikin season returns &amp; officials #stress courtesy on #Montgomery County trails http://t.co/NrCQUlHMdX #Bucks #Schuylkill
Sat May 02 20:16:43 +0000 2015,RT @buckssportspage: Sources tell me the #Packers are considering moving up to draft the #Bucks Giannis Antetokounmpo after his impressive …
Sat May 02 20:13:13 +0000 2015,Spitalfields Tables ScrtMsgs #Buckingham #Bucks #furniture #style #HomeStaging #interiors #modern #quirky…… http://t.co/G2Xc0A1IZc

— Buc…
Sat May 02 20:05:09 +0000 2015,Central Notes :Middleton, Love, Butler http://t.co/4JF3fJXlk9 #Bucks #NBA
Sat May 02 20:04:45 +0000 2015,In honor of #MayweatherPacquiao tonight, here's the #Bucks fight from Game 6 
http://t.co/WgersT9bGg
Via @HoopsHabit http://t.co/0Ol67pziIO
Sat May 02 20:04:21 +0000 2015,Bikin season returns &amp; officials stress courtesy on #Montgomery County trails  http://t.co/DclvslCZjF #Abington #Bucks #SchuylkillRiver
Sat May 02 20:03:53 +0000 2015,RT @BucksCamps: Be sure to register soon! Spots filling up for @Bucks Camps! Boys &amp; Girls ages 7-16! #Bucks #FearTheDeer
Sat May 02 20:03:03 +0000 2015,RT @topMBucks: Latest On Thaddeus Young, Option Decision http://t.co/2otfuEogWU #Bucks #NBA
Sat May 02 20:02:29 +0000 2015,RT @HatStetson: Yo, I loike dat beer.  @BeerFestFail #Bucks
Sat May 02 20:00:40 +0000 2015,Yo, I loike dat beer.  @BeerFestFail #Bucks
Sat May 02 19:59:04 +0000 2015,Spitalfields Tables ScrtMsgs #Buckingham #Bucks #furniture #style #HomeStaging #interiors #modern #quirky…… http://t.co/LtCNGrrAyR
Sat May 02 19:57:59 +0000 2015,#MilwaukeeBucks Milwaukee Bucks' Giannis Antetokounmpo dealt one-game suspension in 2015-16: Bucks forw... http://t.co/NfydhEyU4X #Bucks
Sat May 02 19:56:49 +0000 2015,RT @buckssportspage: Sources tell me the #Packers are considering moving up to draft the #Bucks Giannis Antetokounmpo after his impressive …
Sat May 02 19:55:17 +0000 2015,RT @BucksCamps: Be sure to register soon! Spots filling up for @Bucks Camps! Boys &amp; Girls ages 7-16! #Bucks #FearTheDeer
Sat May 02 19:55:10 +0000 2015,RT @buckssportspage: Sources tell me the #Packers are considering moving up to draft the #Bucks Giannis Antetokounmpo after his impressive …
Sat May 02 19:55:07 +0000 2015,RT Bucks "RT BucksCamps: Be sure to register soon! Spots filling up for Bucks Camps! Boys &amp; Girls ages 7-16! #Bucks #FearTheDeer"
Sat May 02 19:50:07 +0000 2015,RT @buckssportspage: Sources tell me the #Packers are considering moving up to draft the #Bucks Giannis Antetokounmpo after his impressive …
Sat May 02 19:49:20 +0000 2015,Police: 2 Injured In Falls Township Accident   http://t.co/8zsBZ6QUHZ  #bucks #lincolnhighway #police #vehicle
Sat May 02 19:48:47 +0000 2015,RT @BucksCamps: Be sure to register soon! Spots filling up for @Bucks Camps! Boys &amp; Girls ages 7-16! #Bucks #FearTheDeer
Sat May 02 19:48:45 +0000 2015,RT @buckssportspage: Sources tell me the #Packers are considering moving up to draft the #Bucks Giannis Antetokounmpo after his impressive …
Sat May 02 19:48:14 +0000 2015,RT @buckssportspage: Sources tell me the #Packers are considering moving up to draft the #Bucks Giannis Antetokounmpo after his impressive …
