Sun May 03 00:05:13 +0000 2015,Cavaliers' Kyrie Irving certainly has respect of Bulls' Derrick Rose http://t.co/Sugm6Wni9F #Bulls #NBA
Sun May 03 00:05:00 +0000 2015,My recap of the #Bulls Game 6 win and what lies ahead http://t.co/oZshIVI4FU @Page2Sportslive
Sun May 03 00:04:36 +0000 2015,#Basketball #Bulls LEBRON JAMES WADE CARMNELO #DerrickRose DURANT DIRK All-Star #Jerseys #ed… http://t.co/bRCEeIV61Y #Buzz #Collectible
Sun May 03 00:04:35 +0000 2015,#DerrickRose #Bulls DERRICK ROSE 2008-09 UPPER DECK FIRST EDITION RC ROOKIE http://t.co/jK5vS7wQmQ #NBA #Collectibles
Sun May 03 00:03:18 +0000 2015,http://t.co/ydN1NV5wQD 4 Courtside Seats - Game 2 Cleveland Cavaliers vs Chicago Bulls  #Bulls http://t.co/RAX8HUlb8M
Sun May 03 00:03:08 +0000 2015,L #DerrickRose #Bulls DWYANE WADE DERRICK ROSE RONDO CHRIS PAUL NASH PARKER JASON KIDD Assists… #NBA #Collectibles http://t.co/Dxp18glmAG
Sun May 03 00:02:36 +0000 2015,#GetFit #Fitspo Achieve Your Weight Loss Goals and See Fast Results http://t.co/oKzxummu9r #DerrickRose #Bulls
Sun May 03 00:02:34 +0000 2015,TIX http://t.co/QPfcVZgqXO A 8 5/8 NBA Eastern Conference Semifinals : Chicago #Bulls v CLE… http://t.co/cmB4rQcMr0 #Tickets #Deals
Sun May 03 00:01:31 +0000 2015,RT @Madonna_415: 今日も出勤です。

#MA-1 #chanel #リメイク #bulls #converse #cap #gdmn #shibuya #wark #today #code #outfit #street #cry #sleep http://t…
Sun May 03 00:01:09 +0000 2015,今日も出勤です。

#MA-1 #chanel #リメイク #bulls #converse #cap #gdmn #shibuya #wark #today #code #outfit #street #cry #sleep http://t.co/CTWfXBhlSk
Sun May 03 00:01:05 +0000 2015,TIX http://t.co/WNmQiCuOIw 4 Courtside Seats - Game 2 Cleveland Cavaliers vs Chicago #Bulls… http://t.co/lJvMEc9Ixg #Tickets #Ticket
Sun May 03 00:00:11 +0000 2015,RT @216land: @cavs will sweep the #bulls. This is  #CavsMania and it's #AllInCLE so #GetCocky
Sun May 03 00:00:08 +0000 2015,RT @ChiSportUpdates: LeBron James says Joakim Noah "a guy you hate to compete against" but a player you love if a teammate  -via ESPN #Bulls
Sat May 02 23:59:46 +0000 2015,Parents/Athletes in SWFL #239 sign up now #USF #Bulls Show Off your talent #DreamsDoesComeTrue #NFMHS http://t.co/1NY9VqGdSc
Sat May 02 23:59:05 +0000 2015,TIX http://t.co/QPfcVZgqXO 8 TIX 5/8 NBA Eastern Conference Semifinals : Chicago #Bulls v CLE… http://t.co/cmB4rQcMr0 #Tickets #Deals
Sat May 02 23:58:57 +0000 2015,At http://t.co/W6jKxVre98 -- #chicagobulls #dabulls #hisairness #me #snapback #chicagobulls #bulls #caylerandsons… http://t.co/gm71VkJvm3
Sat May 02 23:58:43 +0000 2015,At http://t.co/W6jKxVre98 -- #chicagobulls #dabulls #hisairness #NBA #NBAPLAYOFFS #SCOREPREDICTOR #BULLS #CLIPPER… http://t.co/yWAkkqyM7k
Sat May 02 23:58:12 +0000 2015,L B #Sporting #Goods #DerrickRose 2012-13 PANINI THREADS #15 #Bulls #Forsale #Onsale http://t.co/utvfHfnF77
Sat May 02 23:58:11 +0000 2015,L #Bulls #Collectible 1998 UD Upper Deck Michael Jordan MJx Timepieces RED DIE CUT #69 376/2300 #MichaelJordan http://t.co/vvQwPpaQ21
Sat May 02 23:58:05 +0000 2015,TIX http://t.co/WNmQiCuOIw L L 4 5/8 NBA Eastern Conference Semifinals : Chicago #Bulls v CLE… http://t.co/pYxXeOj1vp #Tickets #Ticket
Sat May 02 23:54:33 +0000 2015,RT @ChiSportUpdates: LeBron James says Joakim Noah "a guy you hate to compete against" but a player you love if a teammate  -via ESPN #Bulls
Sat May 02 23:53:05 +0000 2015,#Sporting #Goods Lot of 2 Limited Edition Chicago #Bulls Michael Jordan Pin Championship Set NEW http://t.co/3x6wYsK9Cg #Deals #Bargains
Sat May 02 23:53:05 +0000 2015,#NBA #Basketball NBA Chicago #Bulls Great Derrick Rose Adidas Authentic Youth Jersey Very Nice! http://t.co/423RSeC3mQ #onsale #Discount
Sat May 02 23:52:34 +0000 2015,L L L #Basketball #Bulls #DerrickRose 2008 08-09 Topps Draft Day Rookie Auto Autograph /100 Chicago… #Buzz… http://t.co/WqfJJOmnTc
Sat May 02 23:52:34 +0000 2015,#Bulls #Collectible 1998 Upper Deck MJ Sticker Collection #40 Michael Jordan http://t.co/Bs2ASGnXI0 #MichaelJordan
Sat May 02 23:52:33 +0000 2015,L L L #NBA #Basketball Boys adidas Chicago #Bulls NBA Basketball Youth Shorts SIZE M Medium (10-12) #onsale… http://t.co/l6N01Si6qG
Sat May 02 23:51:26 +0000 2015,RT @ReverieChicago: The #Bulls are back in Chicago 2n against Bucks. Our specials are still kickin’ w $18 Bud/Miller buckets &amp; $25 Mix and …
Sat May 02 23:51:03 +0000 2015,Go #Bulls http://t.co/jq0lypL4ZT #ChicagoBulls #follow #NBA
Sat May 02 23:50:14 +0000 2015,The #Bulls are back in Chicago 2n against Bucks. Our specials are still kickin’ w $18 Bud/Miller buckets &amp; $25 Mix and Match Craft Brew!
Sat May 02 23:49:21 +0000 2015,#Basketball #Bulls #DerrickRose 2008-09 UPPER DECK FIRST EDITION RC ROOKIE http://t.co/A8809OBag0 #Buzz #Collectible
Sat May 02 23:49:21 +0000 2015,#DerrickRose #Bulls Derrick Rose Basketball Shoes size 7.5 used good shape http://t.co/RYzJfIVVXz #NBA #Collectibles
Sat May 02 23:49:05 +0000 2015,#FatLoss #Fitness Pure White Kidney Bean Extract Review ARE YOU INTERSTED IN? http://t.co/kcGxx2pgug #Bulls #FitBit
Sat May 02 23:48:02 +0000 2015,http://t.co/ydN1NV5wQD Vintage New Era Chicago Bulls Alternate Logo B Hat Cap Black Fit #Bulls http://t.co/m9HVWk1Z4n
Sat May 02 23:47:39 +0000 2015,#GetFit #Fitspo Tips That Can Make Weight-Loss Enjoyable And Surprise Every Person By Slimming… http://t.co/KUgoTo4SNF #DerrickRose #Bulls
Sat May 02 23:46:43 +0000 2015,http://t.co/EEkB0NdMH9: CHICAGO BULLS http://t.co/dIpABV8D9l #bulls #chicago
Sat May 02 23:45:05 +0000 2015,TIX http://t.co/WNmQiCuOIw Chicago #Bulls Playoff Tickets - Second Round - Home Game A http://t.co/CcKlLmNhcg #Tickets #Ticket
Sat May 02 23:44:21 +0000 2015,RT @Chicago_History: Walter Payton, @MikeTyson , &amp; Don King at a #Bulls game to watch Michael Jordan play some ball. #Mayweather #Chicago h…
Sat May 02 23:43:04 +0000 2015,TIX http://t.co/WNmQiCuOIw L L 4 5/8 NBA Eastern Conference Semifinals : Chicago #Bulls v CLE… http://t.co/AhMicVygeb #Tickets #Ticket
Sat May 02 23:43:04 +0000 2015,TIX http://t.co/QPfcVZgqXO 4 TIX 5/8 NBA Eastern Conference Semifinals : Chicago #Bulls v CLE… http://t.co/f0ypB6A03F #Tickets #Deals
Sat May 02 23:43:00 +0000 2015,RT @ChiSportUpdates: LeBron James says Joakim Noah "a guy you hate to compete against" but a player you love if a teammate  -via ESPN #Bulls
Sat May 02 23:41:51 +0000 2015,RT @Chicago_History: Walter Payton, @MikeTyson , &amp; Don King at a #Bulls game to watch Michael Jordan play some ball. #Mayweather #Chicago h…
Sat May 02 23:41:35 +0000 2015,RT @Chicago_History: Walter Payton, @MikeTyson , &amp; Don King at a #Bulls game to watch Michael Jordan play some ball. #Mayweather #Chicago h…
Sat May 02 23:40:33 +0000 2015,RT @ChiSportUpdates: LeBron James says Joakim Noah "a guy you hate to compete against" but a player you love if a teammate  -via ESPN #Bulls
Sat May 02 23:39:12 +0000 2015,RT @ChiSportUpdates: LeBron James says Joakim Noah "a guy you hate to compete against" but a player you love if a teammate  -via ESPN #Bulls
Sat May 02 23:38:17 +0000 2015,RT @ChiSportUpdates: LeBron James says Joakim Noah "a guy you hate to compete against" but a player you love if a teammate  -via ESPN #Bulls
Sat May 02 23:37:36 +0000 2015,L L #Sporting #Goods 2008 Skybox #DerrickRose (RC) #201 BGS 9 CHICAGO #Bulls #Forsale #Onsale http://t.co/ghmCgnyMnF
Sat May 02 23:37:18 +0000 2015,#Bulls #Collectible 1998 UD Upper Deck Michael Jordan MJx Timepieces RED DIE CUT #45 1264/2300 http://t.co/TEWlMzP2rn #MichaelJordan
Sat May 02 23:37:07 +0000 2015,#Sporting #Goods NWT Chicago #Bulls Jimmy Butler red road Jersey for men size S http://t.co/lh0gorehpU #Deals #Bargains
Sat May 02 23:37:07 +0000 2015,#NBA #Basketball Chicago #Bulls #23 MICHAEL JORDAN Basketball Jersey Youth Sz Small SEWN Swingman http://t.co/BZCtoX6zig #onsale #Discount
Sat May 02 23:36:47 +0000 2015,Turn up #team #ManyPacmanPaquio 💪👊#pacman #bulls #chicago 👌#Ufeelenet https://t.co/SgMuZ11o5G
Sat May 02 23:34:11 +0000 2015,#FatLoss #Fitness How to Lose 10kg in 1 Month With A Simple Tip http://t.co/pFrr555QFL #Bulls #FitBit
Sat May 02 23:33:44 +0000 2015,RT @216land: @cavs will sweep the #bulls. This is  #CavsMania and it's #AllInCLE so #GetCocky
Sat May 02 23:33:43 +0000 2015,For #Bulls question remains which team will show up  http://t.co/Hf5fgb8zQt #Milwaukee #Rose #shot
Sat May 02 23:32:35 +0000 2015,L L #NBA #Basketball Lot of 2 Limited Edition Chicago #Bulls Michael Jordan Pin Championship Set NEW #onsale… http://t.co/wuUTzLBaOg
Sat May 02 23:32:35 +0000 2015,TIX http://t.co/QPfcVZgqXO A 2 5/8 NBA Eastern Conference Semifinals : Chicago #Bulls v CLE… http://t.co/nCd8CkSyM2 #Tickets #Deals
Sat May 02 23:32:28 +0000 2015,#NBA Rose helps #Bulls put away pesky #Sixers http://t.co/J4AkcFcGOu
Sat May 02 23:32:27 +0000 2015,Derrick Rose helps #Bulls put away pesky #Sixers #NBA http://t.co/gPfx4KPi8O
Sat May 02 23:32:16 +0000 2015,L L L #Sporting #Goods #DerrickRose 2007 TOPPS MCDONALDS ALL AMERICAN RC ROOKIE #Bulls PSA 10 GEM MINT #Forsale… http://t.co/8WHrUfRgvr
Sat May 02 23:32:15 +0000 2015,#Basketball #Bulls #DerrickRose Basketball Shoes size 7.5 used good shape http://t.co/Vd4SBm78ue #Buzz #Collectible
Sat May 02 23:32:15 +0000 2015,#DerrickRose #Bulls Adidas Derrick Rose 3.5 Triple Hero Basketball Shoes - Size 11 1/2 -Blue http://t.co/iQRybCHbHC #NBA #Collectibles
Sat May 02 23:32:14 +0000 2015,#GetFit #Fitspo Start on Your 3 Month Body Transformation Now http://t.co/DQMmBvY5C3 #DerrickRose #Bulls
Sat May 02 23:32:14 +0000 2015,L #Bulls #Collectible 1998 UD Upper Deck Michael Jordan MJx Timepieces BRONZE DIE CUT #75 102/230 #MichaelJordan http://t.co/YAJJX4MRJR
Sat May 02 23:30:14 +0000 2015,RT @robbie_CL2: Congratulations to the #Bulls with the win and great #fight back by the boys keep #believing never give up @LionsRugbyUnion
Sat May 02 23:29:05 +0000 2015,TIX http://t.co/WNmQiCuOIw 2 TIX 5/8 Round 2 Chicago #Bulls v Cavaliers Home Game 1 321 Rw:15… http://t.co/R9JLs497Rj #Tickets #Ticket
Sat May 02 23:28:28 +0000 2015,Free Cheese &amp; Hot Sauce #Podcast 5/2/2015 - http://t.co/Cf4hJG5F30 "
Chris, Jon, ..." #Basketball #Bulls #Nba http://t.co/xx5O5do6vo
Sat May 02 23:28:08 +0000 2015,RT @ChiSportUpdates: LeBron James says Joakim Noah "a guy you hate to compete against" but a player you love if a teammate  -via ESPN #Bulls
Sat May 02 23:27:56 +0000 2015,RT @ChiSportUpdates: LeBron James says Joakim Noah "a guy you hate to compete against" but a player you love if a teammate  -via ESPN #Bulls
Sat May 02 23:27:54 +0000 2015,RT @ChiSportUpdates: LeBron James says Joakim Noah "a guy you hate to compete against" but a player you love if a teammate  -via ESPN #Bulls
Sat May 02 23:27:24 +0000 2015,#bullsnation Mike Dunleavy escapes suspension, leaving Bulls at full strength: By K.C. Johnson... http://t.co/WY1fUZm17f #chicago #bulls
Sat May 02 23:27:07 +0000 2015,TIX http://t.co/WNmQiCuOIw L 4 5/8 NBA Eastern Conference Semifinals : Chicago #Bulls v CLE… http://t.co/pYxXeOj1vp #Tickets #Ticket
Sat May 02 23:27:06 +0000 2015,TIX http://t.co/QPfcVZgqXO 8 TIX 5/8 NBA Eastern Conference Semifinals : Chicago #Bulls v CLE… http://t.co/cl4LuKsSTe #Tickets #Deals
Sat May 02 23:26:57 +0000 2015,"Trending South Africa:01:26 AM SAST"
7. #UpTheBucs
8. Fikile
9. La Liga
10. #Bulls
Sat May 02 23:26:34 +0000 2015,Me va re grande el buzo #Chicago #bulls https://t.co/JqXAjAcxT3
Sat May 02 23:25:40 +0000 2015,Thank you #bulls for volunteering @MLBPAA #lfyclinic with @evasheroes http://t.co/KsIGaWYqNl
Sat May 02 23:25:25 +0000 2015,LaMarcus Aldridge Believed To Have Strongest Interest In Spurs - http://t.co/QzsP3KX2C0 #NBA #BULLS
Sat May 02 23:25:12 +0000 2015,Chicago Bulls vs. Milwaukee Bucks Game 6 Odds Preview, Betting Stats http://t.co/kbLaLTSDTk #Bulls #NBA
Sat May 02 23:23:51 +0000 2015,RT @sportsfeedia: Report: The Orlando #Magic could be preparing to make a run at Chicago #Bulls head coach Tom #Thibodeau.
Sat May 02 23:23:44 +0000 2015,RT @ChiSportUpdates: LeBron James says Joakim Noah "a guy you hate to compete against" but a player you love if a teammate  -via ESPN #Bulls
Sat May 02 23:23:36 +0000 2015,RT @ChiSportUpdates: LeBron James says Joakim Noah "a guy you hate to compete against" but a player you love if a teammate  -via ESPN #Bulls
Sat May 02 23:23:16 +0000 2015,Report: The Orlando #Magic could be preparing to make a run at Chicago #Bulls head coach Tom #Thibodeau.
Sat May 02 23:23:10 +0000 2015,LeBron James says Joakim Noah "a guy you hate to compete against" but a player you love if a teammate  -via ESPN #Bulls
Sat May 02 23:22:18 +0000 2015,L L #DerrickRose #Bulls (2) 2014-15 Select #25 DERRICK ROSE Red Refractor 107/149 122/149 #NBA #Collectibles http://t.co/oAxHULPD10
Sat May 02 23:22:09 +0000 2015,#Sporting #Goods Michael Jordan Chicago #Bulls jersey AIR JORDAN 1982 youth XL black #23 http://t.co/K10UfoJWZW #Deals #Bargains
Sat May 02 23:22:08 +0000 2015,#NBA #Basketball Vintage Michael Jordan #23 Chicago #Bulls Jersey Red/Black S-48 http://t.co/wxPq6Vtaim #onsale #Discount
Sat May 02 23:21:20 +0000 2015,http://t.co/ydN1NV5wQD [Canton Rep] - Role reversal in Cavs-Bulls series  #Bulls http://t.co/3YIc1iOnBl
Sat May 02 23:21:13 +0000 2015,RT @trendinaliaZA: 6. Adriaan
7. #UpTheBucs
8. Fikile
9. La Liga
10. #Bulls

2015/5/3 01:12 SAST #trndnl http://t.co/I3Pws3WfVi
Sat May 02 23:21:06 +0000 2015,#Bulls #Collectible 1998 UD Upper Deck Michael Jordan MJx Timepieces RED DIE CUT #69 376/2300 http://t.co/SWHN6JFeAC #MichaelJordan
Sat May 02 23:19:05 +0000 2015,#FatLoss #Fitness Weight Loss Gallery - 2 http://t.co/6jmaGY409e #Bulls #FitBit
Sat May 02 23:16:38 +0000 2015,L #DerrickRose #Bulls 2008 ETOPPS IN HAND DERRICK ROSE CHICAGO BULLS ROOKIE CARD 702/999 #NBA #Collectibles http://t.co/ZpOfTXLty4
Sat May 02 23:16:38 +0000 2015,#Sporting #Goods 2008 ETOPPS IN HAND #DerrickRose CHICAGO #Bulls ROOKIE CARD 702/999 http://t.co/axYDWbiIoI #Forsale #Onsale
Sat May 02 23:16:37 +0000 2015,#Basketball #Bulls Adidas Men's #DerrickRose 773 II Basketball Shoes - Size 13 - Navy Blue http://t.co/3rL6rMxZ3S #Buzz #Collectible
Sat May 02 23:16:36 +0000 2015,#DerrickRose #Bulls DWYANE WADE DERRICK ROSE RONDO CHRIS PAUL NASH PARKER JASON KIDD Assists… http://t.co/6fEuvD5evk #NBA #Collectibles
Sat May 02 23:16:35 +0000 2015,#GetFit #Fitspo Weight Loss Gallery - 2 http://t.co/TBOQWfLF3f #DerrickRose #Bulls
Sat May 02 23:16:34 +0000 2015,L L #NBA #Basketball Boys adidas Chicago #Bulls NBA Basketball Youth Shorts SIZE M Medium (10-12) #onsale #Discount http://t.co/ZUYH2FIsnH
Sat May 02 23:16:34 +0000 2015,L #Bulls #Collectible 1998 UD Upper Deck Michael Jordan MJx Timepieces RED DIE CUT #72 1666/2300 #MichaelJordan http://t.co/Ch9bqamfT0
Sat May 02 23:15:22 +0000 2015,Hayul #Hayul JURISTMDLULI: RT TrendieZA: "Trending South Africa:01:10 AM SAST"
7. #UpTheBucs
8. Fikile
9. La Liga
10. #Bulls
Sat May 02 23:14:29 +0000 2015,RT @TrendieZA: "Trending South Africa:01:10 AM SAST"
7. #UpTheBucs
8. Fikile
9. La Liga
10. #Bulls
Sat May 02 23:13:34 +0000 2015,TIX http://t.co/WNmQiCuOIw 4 TIX 5/8 #NBA Eastern Conference Semifinals : Chicago #Bulls v CLE… http://t.co/RCun0RDuQI #Tickets #Ticket
Sat May 02 23:13:01 +0000 2015,Stay on that #Bulls ish http://t.co/1mTSHD8VoJ
Sat May 02 23:11:58 +0000 2015,RT @cgycuckcouple: #heaven is kissing your #hotwife after she has just orally received her #BULLS cum in her mouth #cuckoldingclub http://t…
