Sun May 03 00:05:48 +0000 2015,For Sale $249 OBO: #Nike Kyrie 1 "Brotherhood" Size 10 Deadstock #Cavs #Lebron #Duke  #Kyrie1 http://t.co/KPE6SQlHQS http://t.co/TlNVoFguq4
Sun May 03 00:05:41 +0000 2015,For Sale $249 OBO: #Nike Kyrie 1 "Brotherhood" Size 10 Deadstock #Cavs #Lebron #Duke  #Kyrie1 http://t.co/KPE6SQlHQS http://t.co/sQ4Xc3TfqG
Sun May 03 00:05:32 +0000 2015,For Sale $249 OBO: #Nike Kyrie 1 "Brotherhood" Size 10 Deadstock #Cavs #Lebron #Duke  #Kyrie1 http://t.co/KPE6SQlHQS http://t.co/XL8BXt8Iam
Sun May 03 00:05:25 +0000 2015,For Sale $249 OBO: #Nike Kyrie 1 "Brotherhood" Size 10 Deadstock #Cavs #Lebron #Duke  #Kyrie1 http://t.co/KPE6SQlHQS http://t.co/ThIL9Lljni
Sun May 03 00:05:18 +0000 2015,For Sale $249 OBO: #Nike Kyrie 1 "Brotherhood" Size 10 Deadstock #Cavs #Lebron #Duke  #Kyrie1 http://t.co/KPE6SQ46Zk http://t.co/yBBrch97LB
Sun May 03 00:05:09 +0000 2015,Cavs' Kevin Love likely to miss remainder of NBA playoffs #ClevelandCavaliers  #Cavs http://t.co/J7WlaL1Lze
Sun May 03 00:02:09 +0000 2015,Bring on the #Cavs and @KingJames. #SeeRed #BullsNation https://t.co/c37IAnM1Kt
Sun May 03 00:00:35 +0000 2015,RT @ChrisBHaynes: New Story: Bulls C Joakim Noah likely to continue trolling F LeBron James, vulnerable #Cavs http://t.co/EuW8v0qQDn
Sat May 02 23:59:56 +0000 2015,RT @NBAMemes: Kelly Olynyk &amp; Kevin Love.

#Celtics #Cavs http://t.co/tnAVRWj8H5
Sat May 02 23:58:59 +0000 2015,RT @NBAMemes: Kevin Love these days...#Cavs http://t.co/YaScfV090q
Sat May 02 23:56:08 +0000 2015,RT @ChrisBHaynes: New Story: Bulls C Joakim Noah likely to continue trolling F LeBron James, vulnerable #Cavs http://t.co/EuW8v0qQDn
Sat May 02 23:55:15 +0000 2015,#brongang #cavs #cavaliers #teammayweather lol https://t.co/h1ZKT2fIDp
Sat May 02 23:54:07 +0000 2015,RT @ChrisBHaynes: New Story: Bulls C Joakim Noah likely to continue trolling F LeBron James, vulnerable #Cavs http://t.co/EuW8v0qQDn
Sat May 02 23:54:01 +0000 2015,RT @ChrisBHaynes: New Story: Bulls C Joakim Noah likely to continue trolling F LeBron James, vulnerable #Cavs http://t.co/EuW8v0qQDn
Sat May 02 23:53:55 +0000 2015,My #NBAFinals prediction #CLEvsSAS is in jeopardy w/Game 7 tonight in #Staples and KLove out for the #Cavs  #LACvsSAS
Sat May 02 23:53:36 +0000 2015,RT @ChrisBHaynes: New Story: Bulls C Joakim Noah likely to continue trolling F LeBron James, vulnerable #Cavs http://t.co/EuW8v0qQDn
Sat May 02 23:53:17 +0000 2015,#Velez #CAVS #MiAmor #TeAmo #VamosVelezCarajo #YaVamosARemontar #AguanteElFortinViejaNoMeImportaNada http://t.co/GwAs3zX6vd
Sat May 02 23:52:50 +0000 2015,RT @ChrisBHaynes: New Story: Bulls C Joakim Noah likely to continue trolling F LeBron James, vulnerable #Cavs http://t.co/EuW8v0qQDn
Sat May 02 23:51:17 +0000 2015,RT @ChrisBHaynes: New Story: Bulls C Joakim Noah likely to continue trolling F LeBron James, vulnerable #Cavs http://t.co/EuW8v0qQDn
Sat May 02 23:50:27 +0000 2015,RT @ChrisBHaynes: New Story: Bulls C Joakim Noah likely to continue trolling F LeBron James, vulnerable #Cavs http://t.co/EuW8v0qQDn
Sat May 02 23:50:07 +0000 2015,#NBA J.R. Smith suspendido y sin sueldo http://t.co/NyYS8Rhs5x  #cavs http://t.co/gWOoSATF6p
Sat May 02 23:49:31 +0000 2015,RT @ChrisBHaynes: New Story: Bulls C Joakim Noah likely to continue trolling F LeBron James, vulnerable #Cavs http://t.co/EuW8v0qQDn
Sat May 02 23:49:01 +0000 2015,RT @ChrisBHaynes: New Story: Bulls C Joakim Noah likely to continue trolling F LeBron James, vulnerable #Cavs http://t.co/EuW8v0qQDn
Sat May 02 23:47:15 +0000 2015,RT @ChrisBHaynes: New Story: Bulls C Joakim Noah likely to continue trolling F LeBron James, vulnerable #Cavs http://t.co/EuW8v0qQDn
Sat May 02 23:47:08 +0000 2015,New Story: Bulls C Joakim Noah likely to continue trolling F LeBron James, vulnerable #Cavs http://t.co/EuW8v0qQDn
Sat May 02 23:43:57 +0000 2015,RT @Cavs_Mania: REPORT: LaMarcus Aldridge interested in joining #Cavs.

RT if you know @aldridge_12 would be great here!

#CavsMania http:/…
Sat May 02 23:37:05 +0000 2015,#Cavs #cavaliers Bob Finnan's NBA notes: Examining Kevin Love's contract options http://t.co/EX9MsNjssa
Sat May 02 23:35:16 +0000 2015,Cleveland Cavaliers' forward Kevin Love faced with crucial decision leading up to offseason: Kevin ... http://t.co/4SfYpAcErc #Cavs #NBA
Sat May 02 23:35:15 +0000 2015,Joakim Noah likely to continue trolling LeBron James, vulnerable Cleveland Cavaliers: Joakim Noah w... http://t.co/ATcYuy0Av5 #Cavs #NBA
Sat May 02 23:35:15 +0000 2015,Why LeBron James' history of playoff triumphs over the Chicago Bulls matters little now: LeBron Jam... http://t.co/E4SvfLHef7 #Cavs #NBA
Sat May 02 23:33:51 +0000 2015,RT @namissig: @KingJames check out what we just picked up. True fans since day one. #ALLinCLE #Cavs #CavsMania http://t.co/CTVGR5axl1
Sat May 02 23:29:34 +0000 2015,RT @FiorellaRocioo: EN LAS BUENAS VAMO A ESTAR, EN LAS MALAS MUCHO MAAAS ! #CAVS
Sat May 02 23:28:38 +0000 2015,RT @NBAMemes: LeBron James when he realized he's facing the BULLS.

#Cavs http://t.co/CEaj240jya
Sat May 02 23:27:32 +0000 2015,RT @RegaladoWalrry: Y que e... No le están cayendo los tiros de 3 a los #CAVS 
#NBA
#CelticsVsCavs
Sat May 02 23:27:04 +0000 2015,RT @ClevelandNewDay: #CavsNation #Cleveland #Cavs #ClevelandCavaliers #AllforOne #NBA #Basketball http://t.co/OUor4CGiNU #CavsMania http://…
Sat May 02 23:24:05 +0000 2015,Aunque ganes o pierdas no me importa una mierda.
#CAVS  #JuegaVelez  #demivida https://t.co/mm7cBwR35b
Sat May 02 23:21:01 +0000 2015,#CavsNation Boston Celtics HOFr Jo Jo White says #cavs LeBron James not yet all-time great http://t.co/tvUPp7im6g http://t.co/Eujq4bdlV9
Sat May 02 23:19:14 +0000 2015,#Cavs Tweets: This Day in #CavsHistory: '08 Cavs knock out… http://t.co/kQgmqWAK9I #NBA http://t.co/QRlj2ZhKKJ http://t.co/fDNGDkzYDi
Sat May 02 23:18:10 +0000 2015,RT jweirREP Role reversal in #Cavs-Bulls series http://t.co/tNV4Rta0ov https://t.co/za1LlPt0PT
Sat May 02 23:16:38 +0000 2015,http://t.co/RkkczuLcyo [Canton Rep] - Role reversal in Cavs-Bulls series  #Cavs http://t.co/td8ECHbc1A
Sat May 02 23:16:25 +0000 2015,RT @FiorellaRocioo: EN LAS BUENAS VAMO A ESTAR, EN LAS MALAS MUCHO MAAAS ! #CAVS
Sat May 02 23:14:47 +0000 2015,RT @FiorellaRocioo: EN LAS BUENAS VAMO A ESTAR, EN LAS MALAS MUCHO MAAAS ! #CAVS
Sat May 02 23:13:54 +0000 2015,RT @FiorellaRocioo: EN LAS BUENAS VAMO A ESTAR, EN LAS MALAS MUCHO MAAAS ! #CAVS
Sat May 02 23:12:37 +0000 2015,RT @FiorellaRocioo: EN LAS BUENAS VAMO A ESTAR, EN LAS MALAS MUCHO MAAAS ! #CAVS
Sat May 02 23:12:09 +0000 2015,RT @FiorellaRocioo: EN LAS BUENAS VAMO A ESTAR, EN LAS MALAS MUCHO MAAAS ! #CAVS
Sat May 02 23:11:35 +0000 2015,RT @FiorellaRocioo: EN LAS BUENAS VAMO A ESTAR, EN LAS MALAS MUCHO MAAAS ! #CAVS
Sat May 02 23:11:01 +0000 2015,EN LAS BUENAS VAMO A ESTAR, EN LAS MALAS MUCHO MAAAS ! #CAVS
Sat May 02 23:10:25 +0000 2015,#Cavs win in return to playoffs #NBA http://t.co/vxQWC1U7JW
Sat May 02 23:10:24 +0000 2015,#Cavs win in #NBA return to playoffs http://t.co/L1One7GUa0
Sat May 02 23:10:22 +0000 2015,#Cavs win in return to #NBA playoffs http://t.co/6ygGjnPrmq
Sat May 02 23:09:45 +0000 2015,RT @Bottlegate: Mail Kevin Love your well wishes in the "Send Love Some Love" campaign http://t.co/KlXviR4Zao #cavs #GoCavs http://t.co/xAd…
Sat May 02 23:08:38 +0000 2015,#ClevelandCavaliers #cleveland #cavs Brandon Jennings: Winner of Clippers-Spurs series 'will be playing the Ca.. http://t.co/NEmroGWCRV
Sat May 02 23:05:09 +0000 2015,Alan Anderson Intends To Opt Out http://t.co/Bu3czCoY4j #cavs #NBA
Sat May 02 23:05:07 +0000 2015,NBA Playoffs: Rockets eliminate Mavericks in 5 games #ClevelandCavaliers  #Cavs http://t.co/H9wAfNkHMO
Sat May 02 23:04:44 +0000 2015,RT @Argiamarie: Fuck @KellyOlynyk we'll still win the whole thing. #cavs #nicetry http://t.co/ieOcJcdJy4
Sat May 02 23:04:33 +0000 2015,RT @namissig: @KingJames check out what we just picked up. True fans since day one. #ALLinCLE #Cavs #CavsMania http://t.co/CTVGR5axl1
Sat May 02 23:01:28 +0000 2015,http://t.co/RkkczuLcyo Reebok Cleveland Cavaliers fitted hats (3) black on black 7 1/4 x #Cavs http://t.co/kHStwYLXs0
Sat May 02 23:00:56 +0000 2015,RT @Argiamarie: Fuck @KellyOlynyk we'll still win the whole thing. #cavs #nicetry http://t.co/aQdR0CrTn2
Sat May 02 23:00:26 +0000 2015,RT @namissig: @KingJames check out what we just picked up. True fans since day one. #ALLinCLE #Cavs #CavsMania http://t.co/CTVGR5axl1
Sat May 02 23:00:09 +0000 2015,Danny Ainge exit interview #Boston #Celtics signing big name #nba free agent is possible after #cavs #nbaplayoffs http://t.co/1mjcCFSJhm
Sat May 02 22:59:07 +0000 2015,NBA playoffs roundup: Rockets advance, Spurs head home with lead #ClevelandCavaliers  #Cavs http://t.co/JtDdeashzi
Sat May 02 22:58:00 +0000 2015,Fuck @KellyOlynyk we'll still win the whole thing. #cavs #nicetry http://t.co/ieOcJcdJy4
Sat May 02 22:53:10 +0000 2015,Role reversal in #Cavs-Bulls series http://t.co/kXW8SfPf5T
Sat May 02 22:52:29 +0000 2015,RT @namissig: @KingJames check out what we just picked up. True fans since day one. #ALLinCLE #Cavs #CavsMania http://t.co/CTVGR5axl1
Sat May 02 22:51:01 +0000 2015,#Cavs #cavaliers #ClevelandCavaliers NBA Playoffs 2015: Latest Postseason Bracket and Standings http://t.co/Z0Dk0KInpi
Sat May 02 22:50:49 +0000 2015,RT @namissig: @KingJames check out what we just picked up. True fans since day one. #ALLinCLE #Cavs #CavsMania http://t.co/CTVGR5axl1
Sat May 02 22:50:43 +0000 2015,RT @namissig: @KingJames check out what we just picked up. True fans since day one. #ALLinCLE #Cavs #CavsMania http://t.co/CTVGR5axl1
Sat May 02 22:50:17 +0000 2015,RT @namissig: @KingJames check out what we just picked up. True fans since day one. #ALLinCLE #Cavs #CavsMania http://t.co/CTVGR5axl1
Sat May 02 22:50:13 +0000 2015,RT @CrossOver_JL: Can't wait for Irving VS Rose! #NBA #Bulls #cavs http://t.co/jZ18SeTV5Y
Sat May 02 22:48:49 +0000 2015,It feels like forever since the @cavs last played. I'm ready for this series to start. #Cleveland #Cavs #CavsBulls
Sat May 02 22:48:24 +0000 2015,RT @namissig: @KingJames check out what we just picked up. True fans since day one. #ALLinCLE #Cavs #CavsMania http://t.co/CTVGR5axl1
Sat May 02 22:48:23 +0000 2015,RT @namissig: @KingJames check out what we just picked up. True fans since day one. #ALLinCLE #Cavs #CavsMania http://t.co/CTVGR5axl1
Sat May 02 22:47:51 +0000 2015,RT @namissig: @KingJames check out what we just picked up. True fans since day one. #ALLinCLE #Cavs #CavsMania http://t.co/CTVGR5axl1
Sat May 02 22:47:36 +0000 2015,RT @YoBeatmaker: PepsiCo Announces Multi-Year M #Cavsnation #ClevelandCavaliers #LebronJames #KyrieIrving #KevinLove #TheLand #Cavs http://…
Sat May 02 22:46:42 +0000 2015,RT @namissig: @KingJames check out what we just picked up. True fans since day one. #ALLinCLE #Cavs #CavsMania http://t.co/CTVGR5axl1
Sat May 02 22:46:03 +0000 2015,RT @namissig: @KingJames check out what we just picked up. True fans since day one. #ALLinCLE #Cavs #CavsMania http://t.co/CTVGR5axl1
Sat May 02 22:46:01 +0000 2015,#Cavs #cavaliers #ClevelandCavaliers Tristan Thompson or Iman Shumpert: Who Is More Critical Fill-in for Caval.. http://t.co/DCn2egbObP
Sat May 02 22:45:47 +0000 2015,@AlbertSui194 Top of #cavs today! Tired of unwanted subscription emails? Try Unroll.Me: http://t.co/hDk5ZVDhiz
Sat May 02 22:45:03 +0000 2015,#NBA J.R. Smith suspendido y sin sueldo http://t.co/NyYS8Rhs5x  #cavs http://t.co/gWOoSATF6p
Sat May 02 22:43:36 +0000 2015,RT @CavaliersViews: #Cavs #cavaliers #ClevelandCavaliers Building Cleveland Cavaliers' Game Plan for the 2nd Round of NBA Playoffs http://t…
Sat May 02 22:43:22 +0000 2015,RT @CavaliersViews: #Cavs #cavaliers #ClevelandCavaliers Kevin Love Injury Update: Cavaliers Star Out 4-6 Months After Shoulder Su.. http:/…
Sat May 02 22:43:08 +0000 2015,RT @CavaliersViews: #ClevelandCavaliers #cleveland #cavs New Cleveland Cavaliers Rumors. Saturday, May 2 2015 http://t.co/ckZFAnetpT
Sat May 02 22:42:55 +0000 2015,RT @CavaliersViews: #Cavs #cavaliers Cleveland Cavaliers' forward Kevin Love faced with crucial decision leading up to offseason http://t.c…
Sat May 02 22:42:42 +0000 2015,RT @CavaliersViews: #Cavs #cavaliers #ClevelandCavaliers East Playoffs Suddenly Wide Open with Kevin Love Out, Bulls, Hawks Strugg.. http:/…
Sat May 02 22:42:22 +0000 2015,RT @CavaliersViews: #Cavs #cavaliers #ClevelandCavaliers Cleveland Cavaliers About to Find Out How Valuable Kevin Love Really Is http://t.c…
Sat May 02 22:41:06 +0000 2015,#Cavs #cavaliers #ClevelandCavaliers East Playoffs Suddenly Wide Open with Kevin Love Out, Bulls, Hawks Strugg.. http://t.co/0Z0C2d91UN
Sat May 02 22:40:08 +0000 2015,Central Notes :Middleton, Love, Butler http://t.co/ViJ6jxXQNz #cavs #NBA
Sat May 02 22:39:29 +0000 2015,#Cleveland #Cavs #ClevelandCavaliers #AllforOne #NBA #Basketball follow http://t.co/ilHvMaTGXm http://t.co/hQu4UbeB6T
Sat May 02 22:39:29 +0000 2015,#CavsNation #Cleveland #Cavs #ClevelandCavaliers #AllforOne #NBA #Basketball http://t.co/OUor4CGiNU #CavsMania http://t.co/HMKCQJaH5x
Sat May 02 22:39:28 +0000 2015,#Cleveland #Cavs #ClevelandCavaliers #AllforOne #NBA #Basketball #CavsMania #LeBronJames #TeamLebron http://t.co/HxBnM50VrL
Sat May 02 22:39:27 +0000 2015,#TeamLebron #StriveForGreatness #LeBron #LebronJames #Cleveland #Cavs #ClevelandCavaliers #CavsMania #CavsNation http://t.co/mj3AO0n5jR
Sat May 02 22:39:26 +0000 2015,#Cleveland #Cavs #ClevelandCavaliers #AllforOne #NBA #Basketball Follow #CavsMania http://t.co/D4l3oYtqpL
Sat May 02 22:37:08 +0000 2015,#ClevelandCavaliers #cleveland #cavs New Cleveland Cavaliers Rumors. Saturday, May 2 2015 http://t.co/ckZFAnetpT
Sat May 02 22:37:05 +0000 2015,#Cavs #cavaliers Cleveland Cavaliers' forward Kevin Love faced with crucial decision leading up to offseason http://t.co/IpFDh1M7YH
Sat May 02 22:35:59 +0000 2015,#Cavs #cavaliers #ClevelandCavaliers Kevin Love Injury Update: Cavaliers Star Out 4-6 Months After Shoulder Su.. http://t.co/lRh3D0I6zi
Sat May 02 22:34:44 +0000 2015,Thank goodness #Browns had a great draft and #Cavs start up again on Monday. Help everyone forget the crapfest that is currently #Indians
Sat May 02 22:31:27 +0000 2015,http://t.co/CsiGYYfpI1 [Toronto Star] - Warriors, Hawks and Cavs: NBA semifinal previews and #NBA #Cavs http://t.co/AyeZq7kf62
Sat May 02 22:31:00 +0000 2015,#Cavs #cavaliers #ClevelandCavaliers Building Cleveland Cavaliers' Game Plan for the 2nd Round of NBA Playoffs http://t.co/jI52rW5uoQ
Sat May 02 22:28:44 +0000 2015,Kevin Love or LaMarcus Aldridge? Hmm #cavs
Sat May 02 22:28:39 +0000 2015,RT @Cavs_Mania: REPORT: LaMarcus Aldridge interested in joining #Cavs.

RT if you know @aldridge_12 would be great here!

#CavsMania http:/…
