Sun May 03 00:00:13 +0000 2015,Central Notes :Middleton, Love, Butler http://t.co/nwVImkVwTV #Celtics #NBA
Sat May 02 23:59:56 +0000 2015,RT @NBAMemes: Kelly Olynyk &amp; Kevin Love.

#Celtics #Cavs http://t.co/tnAVRWj8H5
Sat May 02 23:59:53 +0000 2015,RT @BostonCelts4eva: In 2012, #Celtics fan Manny Pacquiao refused to go into the ring for his match until game 7 of the #Celtics vs. #Heat …
Sat May 02 23:59:09 +0000 2015,#NBA #CELTICS - Larry Bird Boston Celtics, Keepsake Ornament, Collector's Series, 1996.... http://t.co/2orWGPHLZD http://t.co/k33Sm3HFUt
Sat May 02 23:59:08 +0000 2015,#NBA #CELTICS - BOSTON CELTICS HARDWOOD CLASSICS WARM REVERSIBLE SHARP JACKET YOUTH SMA... http://t.co/ydEadOIHeS http://t.co/k33Sm3HFUt
Sat May 02 23:59:08 +0000 2015,#NBA #CELTICS - Boston Celtics 3ft x 5ft Flag MLB Banner:  $18.99End Date: Tuesday May-... http://t.co/UyzBo1b6De http://t.co/k33Sm3HFUt
Sat May 02 23:59:08 +0000 2015,#NBA #CELTICS - KEVIN GARNETT--BOSTON CELTICS HOME JERSEY SIZE 54:  $55.00End Date: Mon... http://t.co/5RLyRh4txy http://t.co/k33Sm3HFUt
Sat May 02 23:59:08 +0000 2015,#NBA #CELTICS - Boston Celtics Mitchell &amp; Ness Gray/Green Cap:  $24.00End Date: Monday ... http://t.co/SWOrt0zVPj http://t.co/k33Sm3HFUt
Sat May 02 23:58:09 +0000 2015,L #NBA #Arena Vtg 90s Mens NBA BOSTON #Celtics Champion STITCHED Lined ZIP UP Jacket Large #BasketBall #Deals http://t.co/bbv9MHJX1h
Sat May 02 23:57:51 +0000 2015,RT @NBAPassion_com: Lo vedreste bene DeMarcus #Cousins con la casacca dei #Celtics? #NBAPassion http://t.co/q45ilR2uvi
Sat May 02 23:57:50 +0000 2015,RT @swedensoursauce: @JonasJerebko finally finished this! #Sweden #Celtics http://t.co/54JGA1LKZR
Sat May 02 23:55:46 +0000 2015,Lo vedreste bene DeMarcus #Cousins con la casacca dei #Celtics? #NBAPassion http://t.co/q45ilR2uvi
Sat May 02 23:54:00 +0000 2015,RT @KWAPT: Nate &amp; Shaquille. That squad was SO much fun. #NBAonTNT #Celtics https://t.co/SarxFpZw1h
Sat May 02 23:53:16 +0000 2015,RT @BostonCelts4eva: Report: The #Celtics will try to trade for DeMarcus Cousins this summer.
Sat May 02 23:52:33 +0000 2015,L L #NBA #Arena Boston #Celtics 1986 World Championship Banner #BasketBall #Deals http://t.co/ZmvFE4TrTH
Sat May 02 23:52:08 +0000 2015,#Celtics #Jersey KEVIN GARNETT--BOSTON CELTICS HOME JERSEY SIZE 54 http://t.co/gYFzBUMWwG #Basketball #NBA
Sat May 02 23:48:50 +0000 2015,RT @KWAPT: Nate &amp; Shaquille. That squad was SO much fun. #NBAonTNT #Celtics https://t.co/SarxFpZw1h
Sat May 02 23:48:44 +0000 2015,RT @BostonCelts4eva: In 2012, #Celtics fan Manny Pacquiao refused to go into the ring for his match until game 7 of the #Celtics vs. #Heat …
Sat May 02 23:48:15 +0000 2015,RT @BostonCelts4eva: In 2012, #Celtics fan Manny Pacquiao refused to go into the ring for his match until game 7 of the #Celtics vs. #Heat …
Sat May 02 23:48:04 +0000 2015,RT @KWAPT: Nate &amp; Shaquille. That squad was SO much fun. #NBAonTNT #Celtics https://t.co/SarxFpZw1h
Sat May 02 23:47:36 +0000 2015,#Healthy #Program Experience the Latest Hollywood Diet http://t.co/m24JiBRI90 #Celtics #GetFit
Sat May 02 23:47:11 +0000 2015,RT @BostonCelts4eva: In 2012, #Celtics fan Manny Pacquiao refused to go into the ring for his match until game 7 of the #Celtics vs. #Heat …
Sat May 02 23:47:09 +0000 2015,Go #Celtics! http://t.co/jq0lypL4ZT #NBA #follow #basketball #BostonCeltics
Sat May 02 23:46:49 +0000 2015,RT @BostonCelts4eva: In 2012, #Celtics fan Manny Pacquiao refused to go into the ring for his match until game 7 of the #Celtics vs. #Heat …
Sat May 02 23:46:16 +0000 2015,RT @BostonCelts4eva: In 2012, #Celtics fan Manny Pacquiao refused to go into the ring for his match until game 7 of the #Celtics vs. #Heat …
Sat May 02 23:46:15 +0000 2015,RT @BostonCelts4eva: In 2012, #Celtics fan Manny Pacquiao refused to go into the ring for his match until game 7 of the #Celtics vs. #Heat …
Sat May 02 23:46:11 +0000 2015,RT @BostonCelts4eva: In 2012, #Celtics fan Manny Pacquiao refused to go into the ring for his match until game 7 of the #Celtics vs. #Heat …
Sat May 02 23:45:58 +0000 2015,RT @BostonCelts4eva: In 2012, #Celtics fan Manny Pacquiao refused to go into the ring for his match until game 7 of the #Celtics vs. #Heat …
Sat May 02 23:45:41 +0000 2015,RT @BostonCelts4eva: In 2012, #Celtics fan Manny Pacquiao refused to go into the ring for his match until game 7 of the #Celtics vs. #Heat …
Sat May 02 23:45:24 +0000 2015,RT @BostonCelts4eva: In 2012, #Celtics fan Manny Pacquiao refused to go into the ring for his match until game 7 of the #Celtics vs. #Heat …
Sat May 02 23:45:05 +0000 2015,#NBA Vtg Adidas #Boston #Celtics Mens T-Shirt Sz L Green Throwback http://t.co/jW3RE7oAjK #BasketBall #Forsale
Sat May 02 23:45:05 +0000 2015,#NBA #Arena Boston #Celtics 1986 NBA champs shirt. men's size xl http://t.co/xiAK8aMjja #BasketBall #Deals
Sat May 02 23:43:09 +0000 2015,L #NBA #Boston #Celtics starter jacket #BasketBall #Forsale http://t.co/J0Cdbf7aLf
Sat May 02 23:42:17 +0000 2015,LaMarcus Aldridge. RT @ESPNBoston: #Celtics could offer free agent maximum contract.
Sat May 02 23:41:17 +0000 2015,そんなこともあったね(*´∇｀*)"@KWAPT: Nate &amp; Shaquille. That squad was SO much fun. #NBAonTNT #Celtics http://t.co/VlFFxoUu2I"
Sat May 02 23:41:01 +0000 2015,RT @CrossOver_JL: 47 years ago today the #Celtics won their 10th championships #NBA http://t.co/usjueKExyH
Sat May 02 23:40:12 +0000 2015,Latest On Thaddeus Young, Option Decision http://t.co/rjEUW4UYBW #Celtics #NBA
Sat May 02 23:37:14 +0000 2015,RT @CrossOver_JL: 47 years ago today the #Celtics won their 10th championships #NBA http://t.co/usjueKExyH
Sat May 02 23:37:11 +0000 2015,L L #NBA #Arena Nike Boston #Celtics Basketball Jersey and Shorts Workout Practice - Mens: L #BasketBall #Deals http://t.co/9bYttBRLTl
Sat May 02 23:37:10 +0000 2015,#Celtics #Tshirt VINTAGE 91 LARRY BIRD BOSTON CELTICS FULL FACE SHOT T SHIRT USA MADE SIZE L http://t.co/LlHnNP3tt2 #NBA #Boston
Sat May 02 23:35:36 +0000 2015,#Celtics #Jersey MENS NIKE BOSTON CELTICS #34 PIERCE SEWN NBA BASKETBALL JERSEY SZ XXL http://t.co/VhUd9xOPqd #Basketball #NBA
Sat May 02 23:35:14 +0000 2015,Nate &amp; Shaquille. That squad was SO much fun. #NBAonTNT #Celtics https://t.co/SarxFpZw1h
Sat May 02 23:32:08 +0000 2015,L #Celtics #Jersey NEW BOSTON CELTICS RAJON RONDO #9 OFFICIAL NBA JERSEY MEN'S SMALL S BASKETBALL #Basketball #NBA http://t.co/JBSMD9ne7b
Sat May 02 23:32:07 +0000 2015,#Healthy #Program 10 Weeks in and 137 lbs Down in Our Healthy Weight Loss Challenge http://t.co/3tO25wrCJD #Celtics #GetFit
Sat May 02 23:29:06 +0000 2015,#NBA #Boston #Celtics NBA TEAM APPERAL HOODIE LARGE GREAT SHAPE http://t.co/BiRUwRy6uS #BasketBall #Forsale
Sat May 02 23:29:06 +0000 2015,#NBA #Arena BOSTON #Celtics Men's NBA UNK Blue Label LUCKY LEPRECHAUN Green T SHIRT size XL http://t.co/OH2httC1sI #BasketBall #Deals
Sat May 02 23:27:12 +0000 2015,Game 4 Preview :Cavaliers at Celtics - http://t.co/wztFPLo4ZI #Celtics
Sat May 02 23:27:07 +0000 2015,L #NBA #Arena BOSTON #Celtics LOGO ADIDAS T-SHIRT XL GREEN GREAT SHAPE #BasketBall #Deals http://t.co/FNh3CfNyWV
Sat May 02 23:22:17 +0000 2015,RT @BostonCelts4eva: Report: The #Celtics will try to trade for DeMarcus Cousins this summer.
Sat May 02 23:22:08 +0000 2015,L L #NBA #Arena Vintage 1970's M-S-A Skullgard Boston #Celtics Fiberglass Hard Hat Helmet #BasketBall #Deals http://t.co/THTuDf8BWX
Sat May 02 23:21:06 +0000 2015,#Celtics #Tshirt BOSTON CELTICS Men's NBA UNK Blue Label LUCKY LEPRECHAUN Green T SHIRT size XL http://t.co/iflLcaefTJ #NBA #Boston
Sat May 02 23:20:11 +0000 2015,Hoops Rumors Originals 4/26/15-5/2/15 http://t.co/S2Irpxk9G3 #Celtics #NBA
Sat May 02 23:20:01 +0000 2015,Brad Stevens enough to get #Boston #Celtics #nba max free agent? #freeagency #celticstalk  http://t.co/mcx2FPy4mi http://t.co/Zhtj3HAkYi
Sat May 02 23:17:31 +0000 2015,RT @BostonCelts4eva: In 2012, #Celtics fan Manny Pacquiao refused to go into the ring for his match until game 7 of the #Celtics vs. #Heat …
Sat May 02 23:16:35 +0000 2015,L L #Celtics #Hat Vintage 1970's M-S-A Skullgard Boston Celtics Fiberglass Hard Hat Helmet #Boston #BestSeller http://t.co/HOnwDwiUJz
Sat May 02 23:16:34 +0000 2015,#Healthy #Program Bite Counter: is 100 bites per day the secret to weight loss? http://t.co/jxCXp3cLqa #Celtics #GetFit
Sat May 02 23:13:04 +0000 2015,#NBA Vtg 90s Mens NBA #Boston #Celtics Champion STITCHED Lined ZIP UP Jacket Large http://t.co/M26SVq5gv7 #BasketBall #Forsale
Sat May 02 23:13:04 +0000 2015,#NBA #Arena Vtg 90s Mens NBA BOSTON #Celtics Champion STITCHED Lined ZIP UP Jacket Large http://t.co/g5acZCSSjq #BasketBall #Deals
Sat May 02 23:11:36 +0000 2015,L #NBA #Arena Boston #Celtics 1986 World Championship Banner #BasketBall #Deals http://t.co/x3tQCwH3vC
Sat May 02 23:07:54 +0000 2015,RT @BostonCelts4eva: In 2012, #Celtics fan Manny Pacquiao refused to go into the ring for his match until game 7 of the #Celtics vs. #Heat …
Sat May 02 23:06:15 +0000 2015,L #Celtics #Hat 1 New Era® NBA® 9Fifty™ Boston Celtics Emphasized Wool Snapback Hat Sz M/L #Boston #BestSeller http://t.co/isFTZdgbmf
Sat May 02 23:05:54 +0000 2015,http://t.co/KX6iKUfbTz [CSNNE] - Five players to watch in NBA playoffs second round  #Celtics http://t.co/QDpDlYe43W
Sat May 02 23:05:09 +0000 2015,#Celtics #Tshirt Vtg Adidas Boston Celtics Mens T-Shirt Sz L Green Throwback http://t.co/FLgz4DMArI #NBA #Boston
Sat May 02 23:05:07 +0000 2015,#Celtics #Hat Early Larry Bird Boston Celtics Autographed Hat http://t.co/PbXW1IfXbJ #Boston #BestSeller
Sat May 02 23:03:16 +0000 2015,47 years ago today, the #Celtics won their 10th #NBA championship.
Sat May 02 23:01:09 +0000 2015,L #Celtics #Jersey Boston Celtics Paul Pierce Nike Sewn Jersey Youth XL + 2 Length #Basketball #NBA http://t.co/NF1mitMDWM
Sat May 02 23:00:34 +0000 2015,RT @GreenTalkPod: Check out http://t.co/yqQdgHHt5H for the latest news on the #Celtics &amp; the #NBA Tune-in to the #GreenTalk Podcast New eve…
Sat May 02 23:00:21 +0000 2015,Check out http://t.co/yqQdgHHt5H for the latest news on the #Celtics &amp; the #NBA Tune-in to the #GreenTalk Podcast New every Thursday.
Sat May 02 23:00:18 +0000 2015,#Celtics #NEBH gala http://t.co/voD9SCjUzY
Sat May 02 23:00:11 +0000 2015,Southwest Notes :Parsons, Villanueva, Fredette http://t.co/lTKBEXUGcG #Celtics #NBA
Sat May 02 23:00:09 +0000 2015,Danny Ainge exit interview #Boston #Celtics signing big name #nba free agent is possible after #cavs #nbaplayoffs http://t.co/1mjcCFSJhm
Sat May 02 22:58:47 +0000 2015,#boston #prudential #view #roofdrinking #samueladams #weekend #top #prudentialtower #celtics… https://t.co/PUHPewK417
Sat May 02 22:56:38 +0000 2015,#NBA #Boston #Celtics starter jacket http://t.co/RXfA3KujfU #BasketBall #Forsale
Sat May 02 22:56:37 +0000 2015,#NBA #Arena Boston #Celtics Authentic Adidas Oncourt Warmup Shooting Shirt 3XL http://t.co/V4mCiadS4q #BasketBall #Deals
Sat May 02 22:56:00 +0000 2015,http://t.co/KX6iKUfbTz VINTAGE 91 LARRY BIRD BOSTON CELTICS FULL FACE SHOT T SHIRT US #Celtics http://t.co/Ig5brBk98z
Sat May 02 22:55:35 +0000 2015,L #NBA #Arena Nike Boston #Celtics Basketball Jersey and Shorts Workout Practice - Mens: L #BasketBall #Deals http://t.co/orUPxMJrYG
Sat May 02 22:55:11 +0000 2015,RT @BostonCelts4eva: In 2012, #Celtics fan Manny Pacquiao refused to go into the ring for his match until game 7 of the #Celtics vs. #Heat …
Sat May 02 22:53:24 +0000 2015,@BSO @thacover2 Good. Don't want that punk on the #Celtics
Sat May 02 22:52:30 +0000 2015,RT @BostonCelts4eva: In 2012, #Celtics fan Manny Pacquiao refused to go into the ring for his match until game 7 of the #Celtics vs. #Heat …
Sat May 02 22:52:10 +0000 2015,Boston Celtics top five stories of the week - http://t.co/17z3CIqRiP #Celtics
Sat May 02 22:50:05 +0000 2015,L L #NBA #Boston #Celtics Paul Pierce #34 Reebok Team Apparel Jersey Size XL NBA Authentics #BasketBall #Forsale http://t.co/O8plBP3aSJ
Sat May 02 22:49:16 +0000 2015,LeBron James And Cavaliers Complete Sweep Of Celtic  http://t.co/FPZdqBFQU2  #boston #cavaliers #celtics #cleveland
Sat May 02 22:48:07 +0000 2015,#Celtics #Jersey NEW BOSTON CELTICS RAJON RONDO #9 OFFICIAL NBA JERSEY MEN'S SMALL S BASKETBALL http://t.co/JPwTwWtaon #Basketball #NBA
Sat May 02 22:46:14 +0000 2015,#Healthy #Program Number 1 Weight Management Tool I Give ALL My Clients - Part 2 http://t.co/tlhFPPFOkX #Celtics #GetFit
Sat May 02 22:45:15 +0000 2015,@swedensoursauce Top of #celtics today! Organize your emails: quickly and easily! Try Unroll.Me http://t.co/iztn5iBXEi
Sat May 02 22:45:09 +0000 2015,Marcus Smart of the Boston #Celtics completes a successful rookie season by gaining valuable experience... http://t.co/WdPCFuUEJp #NBAVideo
Sat May 02 22:44:18 +0000 2015,RT @BostonCelts4eva: 47 years ago today, the #Celtics won their 10th #NBA championship.
Sat May 02 22:41:27 +0000 2015,RT @BostonCelts4eva: In 2012, #Celtics fan Manny Pacquiao refused to go into the ring for his match until game 7 of the #Celtics vs. #Heat …
Sat May 02 22:40:36 +0000 2015,L #NBA #Boston #Celtics 1986 NBA champs shirt. men's size xl #BasketBall #Forsale http://t.co/tvcKSVCTvX
Sat May 02 22:40:35 +0000 2015,#NBA NWT MENS LARRY BIRD #33 #Boston #Celtics NBA THROWBACK JERSEY 2XL SEWN http://t.co/YO1tnSsYl8 #BasketBall #Forsale
Sat May 02 22:40:34 +0000 2015,#NBA #Arena BOSTON #Celtics LOGO ADIDAS T-SHIRT XL GREEN GREAT SHAPE http://t.co/RWNVKMK7Q2 #BasketBall #Deals
Sat May 02 22:39:48 +0000 2015,RT @CrossOver_JL: 47 years ago today the #Celtics won their 10th championships #NBA http://t.co/usjueKExyH
Sat May 02 22:35:18 +0000 2015,LeBron James And Cavaliers Complete Sweep Of Celtics   http://t.co/Hu6ga8ZB3r
  #celtics #cleveland #thegame
Sat May 02 22:35:13 +0000 2015,That&amp;#039;s What He Said - Cavaliers at Celtics http://t.co/SsDyKI1RT8 #Celtics #NBA
Sat May 02 22:35:06 +0000 2015,L #NBA #Arena Vintage 1970's M-S-A Skullgard Boston #Celtics Fiberglass Hard Hat Helmet #BasketBall #Deals http://t.co/56XC5vSWQV
Sat May 02 22:33:05 +0000 2015,#Celtics #Hat Boston Celtics Shamrock 59Fifty 100% Wool Hat 6 3/4 Cream Green http://t.co/yGNwFynhBS #Boston #BestSeller
Sat May 02 22:32:54 +0000 2015,Disfrutemos un buen rato de Evan Turner https://t.co/1VS3fxl9z4 #celtics
Sat May 02 22:32:09 +0000 2015,RT @BostonCelts4eva: In 2012, #Celtics fan Manny Pacquiao refused to go into the ring for his match until game 7 of the #Celtics vs. #Heat …
Sat May 02 22:29:36 +0000 2015,L #Celtics #Hat Vintage 1970's M-S-A Skullgard Boston Celtics Fiberglass Hard Hat Helmet #Boston #BestSeller http://t.co/kTn0Hw8uOW
Sat May 02 22:29:35 +0000 2015,#Healthy #Program Reasons Why Weight Loss Is Difficult for Many People http://t.co/U93qNGYfzI #Celtics #GetFit
