Sun May 03 00:25:11 +0000 2015,GBB Roundtable :Thoughts on Memphis Grizzlies vs. Golden State Warriors http://t.co/NmsEA7HFh6 #Grizzlies #NBA
Sun May 03 00:19:10 +0000 2015,RT @CSNAuthentic: #Grizzlies' Joerger: Conley 'doubtful' for Game 1 vs. #Warriors (@KKurzCSN) http://t.co/rDmKuxSNxg #NBA #NBAPlayoffs http…
Sun May 03 00:17:22 +0000 2015,RT @JDJohnDickinson: REMINDER: Catch NBA Show w/myself &amp; @SteinmetzNBA tomorrow 9-11a on @957thegame. We'll preview #Warriors #Grizzlies &amp; …
Sun May 03 00:11:12 +0000 2015,REMINDER: Catch NBA Show w/myself &amp; @SteinmetzNBA tomorrow 9-11a on @957thegame. We'll preview #Warriors #Grizzlies &amp; look back at LAC/SA G7
Sun May 03 00:08:48 +0000 2015,RT @MikeShumann: #Warriors #Andrewbogut talks about how physical this next round will be with the #Grizzlies 5pm on ABC7. #dubson7
Sun May 03 00:06:14 +0000 2015,http://t.co/Vuom56pVob
#Warriors vs. #Grizzlies Preview
Sun May 03 00:05:10 +0000 2015,How Jeff Green is not maximizing the utility of his pump fake http://t.co/elrUjKx3G7 #Grizzlies #NBA
Sun May 03 00:02:22 +0000 2015,Anthony, Knicks beat 76ers 84-77 in preseason - http://t.co/SBMmhhYBzX #Grizzlies
Sat May 02 23:59:24 +0000 2015,RT @CSNAuthentic: #Grizzlies' Joerger: Conley 'doubtful' for Game 1 vs. #Warriors (@KKurzCSN) http://t.co/rDmKuxSNxg #NBA #NBAPlayoffs http…
Sat May 02 23:58:59 +0000 2015,2003-04 Fleer EX VINCE CARTER Behind the Numbers Jersey Card VC-BTNGU #138/150  http://t.co/MsQRqCouqO @eBay #grizzlies @mrvincecarter15
Sat May 02 23:58:07 +0000 2015,#Grizzlies Tweets: Don't forget.... Grizzlies Live! Playoff Edition tomorrow at 2 pm… http://t.co/GFQdtPd1Ci #NBA http://t.co/tTkRzWlPbY
Sat May 02 23:49:17 +0000 2015,RT @abc7newsBayArea: Who will be the x-factor in the #Warriors #Grizzlies playoff series and why? We want to know what you think! Reply usi…
Sat May 02 23:45:10 +0000 2015,Memphis Grizzlies Top 5 Stories of the Week http://t.co/EUFRygxhwI #Grizzlies #NBA
Sat May 02 23:45:06 +0000 2015,Who will be the x-factor in the #Warriors #Grizzlies playoff series and why? We want to know what you think! Reply using #Dubson7
Sat May 02 23:44:23 +0000 2015,RT @CSNAuthentic: #Grizzlies' Joerger: Conley 'doubtful' for Game 1 vs. #Warriors (@KKurzCSN) http://t.co/rDmKuxSNxg #NBA #NBAPlayoffs http…
Sat May 02 23:39:03 +0000 2015,#Grizzlies #Memphis Warriors vs. Grizzlies: NBA Playoffs Series Preview: After what feels like a ... http://t.co/RY9Z4denFt #GrizzNation
Sat May 02 23:39:02 +0000 2015,So Conley not an allstar but has made it further than in career than, Cp3, Lillard, Curry, Teague, Kyrie, Lowry and Jonh Wall hmm #grizzlies
Sat May 02 23:38:13 +0000 2015,#Grizzlies, #Warriors ready to meet in conference semifinals (Yahoo Sports… http://t.co/HG8JpCRKRI #NBA
Sat May 02 23:37:35 +0000 2015,#NBA #Grizzlies- NEW Memphis Grizzlies Sleeveless T-Shirt - Size Youth XLARGE NWOT FREE... http://t.co/HH7CHUUfkP http://t.co/lQmogZfBKD
Sat May 02 23:37:34 +0000 2015,#NBA #Grizzlies - NEW Memphis Grizzlies Sleeveless T-Shirt - Size Youth XLARGE NWOT FRE... http://t.co/EjM28dV7i5 http://t.co/k33Sm3HFUt
Sat May 02 23:37:05 +0000 2015,#memphis #grizzlies Calkins: Once again, it's beauty vs. the beast http://t.co/RPg8hACSaj
Sat May 02 23:37:01 +0000 2015,http://t.co/NvAB9WpvYy Grizzlies, Warriors ready to meet in conference semifinals ( #Grizzlies http://t.co/U5MEQb1BvW
Sat May 02 23:36:04 +0000 2015,#Grizzlies' Joerger: Conley 'doubtful' for Game 1 vs. #Warriors (@KKurzCSN) http://t.co/rDmKuxSNxg #NBA #NBAPlayoffs http://t.co/0tw1L3aX2V
Sat May 02 23:27:20 +0000 2015,Roster Report - http://t.co/WDxnmk8DQ5 #Grizzlies
Sat May 02 23:26:23 +0000 2015,#Grizzlies When I heard Mike Conley is "doubtful" for Game 1 http://t.co/VsyyNIhcmT
Sat May 02 23:23:32 +0000 2015,RT @MikeShumann: #Warriors #Andrewbogut talks about how physical this next round will be with the #Grizzlies 5pm on ABC7. #dubson7
Sat May 02 23:23:20 +0000 2015,RT @CSNAuthentic: #Grizzlies' Joerger: Conley 'doubtful' for Game 1 vs. #Warriors http://t.co/rDmKuxSNxg #WarriorsTalk #NBA http://t.co/mpD…
Sat May 02 23:22:50 +0000 2015,RT @CSNAuthentic: #Grizzlies' Joerger: Conley 'doubtful' for Game 1 vs. #Warriors http://t.co/rDmKuxSNxg #WarriorsTalk #NBA http://t.co/mpD…
Sat May 02 23:22:19 +0000 2015,#Grizzlies' Joerger: Conley 'doubtful' for Game 1 vs. #Warriors http://t.co/rDmKuxSNxg #WarriorsTalk #NBA http://t.co/mpDs6k0OoH
Sat May 02 23:20:25 +0000 2015,#Warriors #Andrewbogut talks about how physical this next round will be with the #Grizzlies 5pm on ABC7. #dubson7
Sat May 02 23:19:07 +0000 2015,#Grizzlies Tweets: Enter NOW&amp;gt; to win 4 tix to a #Grizz Playoff game from… http://t.co/y4rUmmG9xR #NBA http://t.co/tTkRzWlPbY
Sat May 02 23:12:48 +0000 2015,The #Grizzlies are leaving everyone in suspense when it comes to the status of Mike Conley!! I guess we'll have to wait until game time!
Sat May 02 23:08:39 +0000 2015,#memphis #grizzlies Mike Conley doubtful for Game 1 vs. Golden State http://t.co/5P5iDw8pat
Sat May 02 23:08:34 +0000 2015,RT @grizzliespress: #Grizzlies Tweets: . @mrvincecarter15 heating up! #Vinsanity http://t.co/IUgf0HeGMG #NBA http://t.co/tTkRzWlPbY
Sat May 02 23:06:17 +0000 2015,#Grizzlies Tweets: Check out the latest @memgrizz fan! Love her photobomb!! #GrizzNation @MarcGasol @aa000G9… #NBA http://t.co/tTkRzWlPbY
Sat May 02 23:04:31 +0000 2015,#NBA #Grizzlies
Mike Conley (face) is now doubtful for Sunday's Game 1 vs Golden State.
@mconley11
Sat May 02 22:58:52 +0000 2015,Enter to win a Date night at the #Grizzlies! http://t.co/gk4zf3Falx
Sat May 02 22:54:17 +0000 2015,RT @SplashWarriorss: #Warriors #Grizzlies
G1 5/3 Su @GS 12:30p
G2 5/5 Tu @GS 7:30p
G3 5/9 Sa @MEM 5p
G4 5/11 Mo @MEM 6:30p
G5 5/13 @GSW
G6 …
Sat May 02 22:52:18 +0000 2015,The Coachâs Changing Role - http://t.co/pecIrRsMQg #Grizzlies
Sat May 02 22:51:56 +0000 2015,What do you think: Do #Grizzlies have a chance against the #Warriors? Tag your pick for the Western semifinals.
Sat May 02 22:47:42 +0000 2015,#Grizzlies Mike Conley (face) is doubtful to play against the Warriors on Sunday in Game 1.  http://t.co/ojOABVyels
Sat May 02 22:43:33 +0000 2015,RT @MontePooleCSN: Andrew Bogut on facing Gasol/Randolph tandem in #Warriors v #Grizzlies series: 'It's going to be an ice-bath series.'
Sat May 02 22:41:52 +0000 2015,#Wizards #Hawks begins early tomorrow. DC punished TOR, ATL had some issues vs BKN. #Grizzlies #Warriors super series starts at 3:30.
Sat May 02 22:40:35 +0000 2015,#Grizzlies Tweets: . @mrvincecarter15 heating up! #Vinsanity http://t.co/IUgf0HeGMG #NBA http://t.co/tTkRzWlPbY
Sat May 02 22:38:31 +0000 2015,Vince Carter: the most important thing for us being able to take a punch and still fight back.  #Grizzlies #GSWarriors
Sat May 02 22:35:24 +0000 2015,#Grizzlies Tweets: Congrats to all of #GrizzNation graduates! Use #GrizzGrad to share pics this wknd &amp;amp;… #NBA http://t.co/tTkRzWlPbY
Sat May 02 22:35:16 +0000 2015,#Grizzlies #Memphis Grizzlies-Warriors Playoff Capsule: EASTERN CONFERENCE. No. 1 GOLDEN STATE WA... http://t.co/bVYZFdcyga #GrizzNation
Sat May 02 22:34:23 +0000 2015,RT @StanfordVoice: #Grizzlies G Mike Conley is doubtful for Game 1 vs #GSWarriors #KTVU
Sat May 02 22:33:12 +0000 2015,#Grizzlies coach David Joerger: "there's a misconception about the mask.  Just because (Conley) wears the mask doesn't mean he can play."
Sat May 02 22:32:00 +0000 2015,#Grizzlies G Mike Conley is doubtful for Game 1 vs #GSWarriors #KTVU
Sat May 02 22:29:38 +0000 2015,#Grizzlies Tweets: .@MarcGasol and @BenoUdrih1 address the media after practice in Oakland.… #NBA http://t.co/tTkRzWlPbY
Sat May 02 22:25:18 +0000 2015,#Grizzlies Tweets: MT @FirstTennessee: You don't need a regulation hoop for an… http://t.co/5Xqt79JjAJ #NBA http://t.co/tTkRzWlPbY
Sat May 02 22:20:00 +0000 2015,RT @Grizzliesfans10: How Jeff Green is not maximizing the utility of his pump fake - http://t.co/qLQh118c43 #Grizzlies
Sat May 02 22:17:43 +0000 2015,http://t.co/NvAB9WpvYy [CSNNE] - Five players to watch in NBA playoffs second round #Grizzlies http://t.co/kSdU2XlRPP
Sat May 02 22:17:26 +0000 2015,RT @MontePooleCSN: Andrew Bogut on facing Gasol/Randolph tandem in #Warriors v #Grizzlies series: 'It's going to be an ice-bath series.'
Sat May 02 22:17:16 +0000 2015,How Jeff Green is not maximizing the utility of his pump fake - http://t.co/qLQh118c43 #Grizzlies
Sat May 02 22:16:58 +0000 2015,RT @abc7newsBayArea: Who will be the x-factor in the #Warriors #Grizzlies playoff series and why? We want to know what you think! Reply usi…
Sat May 02 22:16:04 +0000 2015,Love seeing people accomplish their goals!! Congrats OU grads!! #Grizzlies 🐻
Sat May 02 22:12:57 +0000 2015,#FOCUS #grizzlies #grizznation #grit #grind #allheart #MemphisGrizzlies #zachrandolph #itsallinthetude #goldenstate… http://t.co/MtqlHx1Ud7
Sat May 02 22:12:50 +0000 2015,http://t.co/NvAB9WpvYy 2 TIX Round 2 Memphis Grizzlies v GS Warriors HG3 5/15 Fedex #Grizzlies http://t.co/Kh7qesjNUL
Sat May 02 22:12:34 +0000 2015,RT @OwnersBoxNBA: #NBA #Grizzlies
Mike Conley (face) is questionable for Sunday's Game 1 vs Golden State.
@mconley11
Sat May 02 22:10:57 +0000 2015,Alright i don't care about horse racing, but i am picking #ItsAKnockout because it has long odds and has #Grizzlies colors!!! #KOGSW
Sat May 02 22:09:29 +0000 2015,RT @MontePooleCSN: Andrew Bogut on facing Gasol/Randolph tandem in #Warriors v #Grizzlies series: 'It's going to be an ice-bath series.'
Sat May 02 22:02:06 +0000 2015,RT @OwnersBoxNBA: #NBA #Grizzlies
Mike Conley (face) is questionable for Sunday's Game 1 vs Golden State.
@mconley11
Sat May 02 22:01:35 +0000 2015,#NBA #Grizzlies
Mike Conley (face) is questionable for Sunday's Game 1 vs Golden State.
@mconley11
Sat May 02 21:59:23 +0000 2015,Andrew Bogut on facing Gasol/Randolph tandem in #Warriors v #Grizzlies series: 'It's going to be an ice-bath series.'
Sat May 02 21:55:05 +0000 2015,#NBA Playoffs: #Grizzlies vs #Warriors Game 1 NBA Playoff Pick Against the Spread: http://t.co/DDZlbkbgUS http://t.co/yquJPzLQsw
Sat May 02 21:54:57 +0000 2015,Enter to win a Date night at the #Grizzlies! http://t.co/ba4p1kUmoL
Sat May 02 21:52:04 +0000 2015,#Grizzlies Tweets: RT @EmilyHinkle: NEW CAR! Thanks Memphis @Toyota Dealers #GoGrizz #GrizzliesShowcase… #NBA http://t.co/tTkRzWlPbY
Sat May 02 21:51:11 +0000 2015,#Grizzlies Will they let me bring in a camera to the playoff game? http://t.co/gva85n7zay
Sat May 02 21:43:26 +0000 2015,Not too worried about #Warriors v. #Grizzlies matchup. Crossmatching Bogut on Randolph (w/ Green on Gasol) will get us enough stops...
Sat May 02 21:43:05 +0000 2015,TIX http://t.co/tebk7rKDq8 2 TIX Round 2 Memphis #Grizzlies v GS Warriors HG3 5/15 Fedex Forum… http://t.co/VVUccN68xl #Ticket #BasketBall
Sat May 02 21:42:14 +0000 2015,Recap :New Orleans vs. Houston - http://t.co/6gbCN8M0xt #Grizzlies
Sat May 02 21:32:35 +0000 2015,RT @LetsGoWarriors: #MoSpeights on his familiarity with the #Grizzlies: "It's always fun 'cuz I know there's a chance I'll play a lot."😊 ht…
Sat May 02 21:31:44 +0000 2015,#Grizzlies #Memphis Grizzlies, Warriors ready to meet in conference semifinals: Sure, they know t... http://t.co/FwRZWOI3en #GrizzNation
Sat May 02 21:30:19 +0000 2015,#NBA #Grizzlies- Memphis Grizzlies Retro Nike Hat:  $2.99 (0 Bids)End Date: Thursday Ma... http://t.co/6SHhoamZZW http://t.co/lQmogZfBKD
Sat May 02 21:30:18 +0000 2015,#NBA #Grizzlies - Memphis Grizzlies Retro Nike Hat:  $2.99 (0 Bids)End Date: Thursday M... http://t.co/q4PZ6Bzvy4 http://t.co/k33Sm3HFUt
Sat May 02 21:29:39 +0000 2015,#Grizzlies Tweets: Oracle Arena all set for tomorrow's Game 1. First up, @memgrizz practice… #NBA http://t.co/tTkRzWlPbY
Sat May 02 21:28:03 +0000 2015,TIX http://t.co/tebk7rKDq8 4 TIX Round 2 Memphis #Grizzlies v GS Warriors HG3 5/15 Fedex Forum… http://t.co/WOqVFOtWJE #Ticket #BasketBall
Sat May 02 21:25:39 +0000 2015,RT @Grizzliesfans10: Grizzlies take Series against Blazers 4-1; Advance to Conference Semifinals - http://t.co/dP24e3Zdjq #Grizzlies
Sat May 02 21:24:50 +0000 2015,2015 #NBAPlayoffs: #Warriors vs. #Grizzlies Series Preview &amp; Prediction: http://t.co/ZAxH7rnt3A http://t.co/xdZnFLM7oq
Sat May 02 21:23:27 +0000 2015,RT @957thegame: #The3Amigos preview the #Warriors 2nd round series against the #Grizzlies. Dub fans, what are your thoughts as the series g…
Sat May 02 21:23:16 +0000 2015,2015 NBA Playoffs: #Warriors vs. #Grizzlies Series Preview &amp; Prediction: http://t.co/As9mVRJJi2 via @ChatSports http://t.co/PYPM7Ybn5C
Sat May 02 21:23:00 +0000 2015,#The3Amigos preview the #Warriors 2nd round series against the #Grizzlies. Dub fans, what are your thoughts as the series gets started tmrw?
Sat May 02 21:14:37 +0000 2015,#Grizzlies Tweets: No caption needed. @MacBo50 http://t.co/2AyHz5lcZr #NBA http://t.co/tTkRzWlPbY
Sat May 02 21:13:35 +0000 2015,http://t.co/NvAB9WpvYy Grizzlies-Warriors Playoff Capsule (The Associated Press)  #Grizzlies http://t.co/PYMRVH0eFM
Sat May 02 21:10:15 +0000 2015,#Grizzlies Tweets: . @jordanadams1231 &amp;amp; @aa000G9 take the court for practice in Oracle Arena.… #NBA http://t.co/tTkRzWlPbY
Sat May 02 21:08:19 +0000 2015,RT @grizzliespress: #Grizzlies Tweets: #AirGrizz has landed safely in California! http://t.co/b70XQBmBCE #NBA http://t.co/tTkRzWlPbY
Sat May 02 21:08:08 +0000 2015,#memphisgrizzlies #memphis #grizzlies New Memphis Grizzlies Rumors. Saturday, May 2 2015 http://t.co/lxWQZAwvqn
Sat May 02 21:08:07 +0000 2015,#memphisgrizzlies #grizzlies #grizzfans Grizzlies-Warriors Preview http://t.co/NxlOLGWKqG
Sat May 02 21:07:12 +0000 2015,Grizzlies take Series against Blazers 4-1; Advance to Conference Semifinals - http://t.co/dP24e3Zdjq #Grizzlies
Sat May 02 21:06:28 +0000 2015,RT @MaggiePilloton: #Warriors vs. #Grizzlies features speed vs. grit. Which will prevail? My thoughts:

http://t.co/XF8nJlTW6d #DubNation h…
Sat May 02 21:04:30 +0000 2015,http://t.co/NvAB9WpvYy [True Hoop: 3 Shades of Blue] - Episode 79 – 3SOB Radio 5/2/ #Grizzlies http://t.co/fcI0BXRFQZ
Sat May 02 21:02:22 +0000 2015,RT @MaggiePilloton: #Warriors vs. #Grizzlies features speed vs. grit. Which will prevail? My thoughts:

http://t.co/XF8nJlTW6d #DubNation h…
Sat May 02 21:01:23 +0000 2015,http://t.co/NvAB9WpvYy Golden State Warriors Playoff vs Memphis Grizzlies Tickets 0 #Grizzlies http://t.co/Olm395Nvyd
Sat May 02 21:00:10 +0000 2015,#Warriors vs. #Grizzlies features speed vs. grit. Which will prevail? My thoughts:

http://t.co/XF8nJlTW6d #DubNation http://t.co/yomgxGapkd
Sat May 02 20:57:40 +0000 2015,RT @abc7newsBayArea: Who will be the x-factor in the #Warriors #Grizzlies playoff series and why? We want to know what you think! Reply usi…
Sat May 02 20:55:51 +0000 2015,http://t.co/EEkB0NdMH9: Mike Conley Game Tying Buzzer... http://t.co/pQ24vPJzgP #beater #buzzer #conley #grizzlies #memphis #mike #tying
Sat May 02 20:48:52 +0000 2015,Who will be the x-factor in the #Warriors #Grizzlies playoff series and why? We want to know what you think! Reply using #Dubson7
Sat May 02 20:43:49 +0000 2015,#Grizzlies, #Warriors ready to meet in conference semifinals  http://t.co/VEMLVK5ztb by @AGonzalezAP
