Sun May 03 00:07:18 +0000 2015,Yo! Nets Tie Series At 2 With 120-115 OT Win Over Atlan  http://t.co/63qmAVkjNn  #games #hawks #nets #williams
Sun May 03 00:04:40 +0000 2015,RT @quintonalston52: I'm going to the Bucs baby! #Hawks #Futurelegend #Alatonfamily https://t.co/QzGKk3fMbv
Sun May 03 00:03:06 +0000 2015,#Health #Solution Pure White Kidney Bean Extract Review ARE YOU INTERSTED IN? http://t.co/cvwUl61ZIb #Hawks #Fitness
Sun May 03 00:02:29 +0000 2015,【取引成立】おめでとうございます！出品チケットが取引成立しました！福岡ソフトバンクホークス 対 埼玉西武ライオンズ 2015 6/29 (月)の東京ドーム 2枚 http://t.co/U6jTZmdg5g #ソフトバンクホークス #ホークス #Hawks
Sun May 03 00:02:29 +0000 2015,Josh Smith is talented and versatile, but this is a real quote of his #pistons #hawks #rockets http://t.co/cJBtTKnIy5
Sun May 03 00:02:11 +0000 2015,Hawks vs Nets Game 6 final score :Atlanta advances with 111-87 blowout win| http://t.co/bA5gRNCqo4 #Hawks #NBA
Sun May 03 00:01:34 +0000 2015,#NBA Game This Sunday May 3 #Wizards will be facing #Hawks! Let's support are local #Team together here @... http://t.co/OHBUs7d15K
Sun May 03 00:01:16 +0000 2015,TIX http://t.co/MY3Vif2208 1-6 TIX NBA Eastern Conference Semifinals : Atlanta #Hawks vs TBD 5/4… http://t.co/rbv8S4w8Ku #Tickets #Ticket
Sun May 03 00:01:07 +0000 2015,TIX http://t.co/VQAWDAqIz5 4 TIX NBA Eastern Conference Semifinals : Atlanta #Hawks vs TBD 5/4… http://t.co/174iQwvaJy #Tickets #NBA
Sun May 03 00:00:40 +0000 2015,RT @quintonalston52: I'm going to the Bucs baby! #Hawks #Futurelegend #Alatonfamily https://t.co/QzGKk3fMbv
Sun May 03 00:00:06 +0000 2015,RT @SoleCollector: #SoleWatch: #Hawks @Antic12Pero's Nike Kyrie 1 iD from last night in Brooklyn. (via @GeminiKeez) http://t.co/drrhOOeIdd
Sat May 02 23:58:07 +0000 2015,L L B #Sports #Basketball Atlanta #Hawks T Shirt Size XL #Bestseller #Buy http://t.co/3JnDzYWsGM
Sat May 02 23:58:05 +0000 2015,TIX http://t.co/MY3Vif2208 L 2 NBA Eastern Conference Semifinals : Atlanta #Hawks vs TBD 5/4… http://t.co/WAkfXWrEwo #Tickets #Ticket
Sat May 02 23:56:43 +0000 2015,http://t.co/b0Od0fW8od [Fansided: Soaring Down South] - Will Hawks Offense Continue  #Hawks http://t.co/VTcnKO8laG
Sat May 02 23:55:15 +0000 2015,Prospective Hawks buyer fits NBA trend http://t.co/aO9uVeP8WZ #Hawks #NBA
Sat May 02 23:54:46 +0000 2015,Ladies you all did amazing &amp; kept your heads high! You gave it your all through the end👊👊 #loveyoufam #edhsglax #hawks
Sat May 02 23:54:42 +0000 2015,Great W today boys #hawks ⚾️
Sat May 02 23:53:24 +0000 2015,RT @hsbaseball2015: Nice 8-0 win over Jordan today.  Chase goes big fly.  Get ready for Monday. #Hawks
Sat May 02 23:53:01 +0000 2015,Nice 8-0 win over Jordan today.  Chase goes big fly.  Get ready for Monday. #Hawks
Sat May 02 23:52:34 +0000 2015,Finals are here, #Hawks!!  (30 Photos) http://t.co/yO8OxvsiHs via @TheChive
Sat May 02 23:52:34 +0000 2015,L #Sports #Basketball 2003 NBA ALL STAR GAME ATLANTA #Hawks "HENRY THE HAWK" LTD ED SGA BOBBLEHEAD #Bestseller #Buy http://t.co/lWphpe1q3Y
Sat May 02 23:51:58 +0000 2015,RT @quintonalston52: I'm going to the Bucs baby! #Hawks #Futurelegend #Alatonfamily https://t.co/QzGKk3fMbv
Sat May 02 23:51:55 +0000 2015,RT @DaNewYorkTimez: Yo! Hawks close out Nets with 41-point third quarter   http://t.co/N7socoXXxG  #atlanta #coach #hawks #nets
Sat May 02 23:51:09 +0000 2015,RT @imranx_: @waterblocknyc throughout the series the #Hawks players remained classy. The #Raptors and their GM Akon are just a pathetic bu…
Sat May 02 23:47:42 +0000 2015,#Health #Solution Is it ok to have unsweetened almond milk on a weight loss diet? http://t.co/XhGN8mlZWF #Hawks #Fitness
Sat May 02 23:47:37 +0000 2015,RT @AtlantaHawksX2: http://t.co/b0Od0fW8od 2 TIX NBA Eastern Conference Semifinals : Atlanta Hawks vs TB #Hawks http://t.co/OiH747IVds
Sat May 02 23:47:11 +0000 2015,My youngest soldier holding it down....#2yearsold #youngathlete #hawks #youngestplayer #Amari… https://t.co/MAhxpj1ySg
Sat May 02 23:45:13 +0000 2015,【南海ホークスの歌：２番】
白球飛んで虹となり 砂塵おこって美技つづく 
チームのためにプレイする 南海ホークス頑張ろう 
ああ逞(たくま)しい 羽ばたきに 
そらに鳴る鳴る高らかに勝利の旗！ 
ホークス ホークス 南海ホークス #Nankai #Hawks  #sbhawks
Sat May 02 23:45:09 +0000 2015,#Wizards seek winning direction against #Hawks http://t.co/5xq7sDXdM9 #ESPN
Sat May 02 23:45:06 +0000 2015,TIX http://t.co/MY3Vif2208 2 Tickets Atlanta #Hawks vs Washington Wizards Playoffs Home Game 1… http://t.co/55ZxNT2G18 #Tickets #Ticket
Sat May 02 23:45:05 +0000 2015,TIX http://t.co/VQAWDAqIz5 2 Washington Wizards vs Atlanta #Hawks NBA Playoff #Ticket - Game #3 http://t.co/YcMD8giAfs #Tickets #NBA
Sat May 02 23:43:05 +0000 2015,TIX http://t.co/MY3Vif2208 L L 4 5/5 Atlanta #Hawks Philips Arena 122 http://t.co/KPXWq4d2AR #Tickets #Ticket
Sat May 02 23:42:35 +0000 2015,http://t.co/b0Od0fW8od 2 TIX NBA Eastern Conference Semifinals : Atlanta Hawks vs TB #Hawks http://t.co/OiH747IVds
Sat May 02 23:41:57 +0000 2015,RT @quintonalston52: I'm going to the Bucs baby! #Hawks #Futurelegend #Alatonfamily https://t.co/QzGKk3fMbv
Sat May 02 23:40:59 +0000 2015,RT @quintonalston52: I'm going to the Bucs baby! #Hawks #Futurelegend #Alatonfamily https://t.co/QzGKk3fMbv
Sat May 02 23:38:55 +0000 2015,RT @quintonalston52: I'm going to the Bucs baby! #Hawks #Futurelegend #Alatonfamily https://t.co/QzGKk3fMbv
Sat May 02 23:38:10 +0000 2015,#Wizards seek winning direction against #Hawks: @ESPN http://t.co/tdctNeN5Lb #NBA
Sat May 02 23:37:41 +0000 2015,RT @quintonalston52: I'm going to the Bucs baby! #Hawks #Futurelegend #Alatonfamily https://t.co/QzGKk3fMbv
Sat May 02 23:37:26 +0000 2015,RT @quintonalston52: I'm going to the Bucs baby! #Hawks #Futurelegend #Alatonfamily https://t.co/QzGKk3fMbv
Sat May 02 23:37:14 +0000 2015,RT @quintonalston52: I'm going to the Bucs baby! #Hawks #Futurelegend #Alatonfamily https://t.co/QzGKk3fMbv
Sat May 02 23:36:48 +0000 2015,RT @quintonalston52: I'm going to the Bucs baby! #Hawks #Futurelegend #Alatonfamily https://t.co/QzGKk3fMbv
Sat May 02 23:36:06 +0000 2015,RT @quintonalston52: I'm going to the Bucs baby! #Hawks #Futurelegend #Alatonfamily https://t.co/QzGKk3fMbv
Sat May 02 23:34:46 +0000 2015,RT @quintonalston52: I'm going to the Bucs baby! #Hawks #Futurelegend #Alatonfamily https://t.co/QzGKk3fMbv
Sat May 02 23:33:58 +0000 2015,RT @quintonalston52: I'm going to the Bucs baby! #Hawks #Futurelegend #Alatonfamily https://t.co/QzGKk3fMbv
Sat May 02 23:33:39 +0000 2015,RT @quintonalston52: I'm going to the Bucs baby! #Hawks #Futurelegend #Alatonfamily https://t.co/QzGKk3fMbv
Sat May 02 23:33:22 +0000 2015,#Hawks face quick turnaround but seem 2 have swaggr bak  http://t.co/TpYVqLoLjq #Atlanta #season #Wizards
Sat May 02 23:32:12 +0000 2015,L NBA #AtlantaHawks 2003 NBA ALL STAR GAME ATLANTA HAWKS "HENRY THE HAWK" LTD ED SGA BOBBLEHEAD #Hawks #Sports http://t.co/B6oYixH65U
Sat May 02 23:32:12 +0000 2015,#Health #Solution Is it ok to have unsweetened almond milk on a weight loss diet? http://t.co/xMFuOTFKx2 #Hawks #Fitness
Sat May 02 23:32:07 +0000 2015,RT @quintonalston52: I'm going to the Bucs baby! #Hawks #Futurelegend #Alatonfamily https://t.co/QzGKk3fMbv
Sat May 02 23:31:43 +0000 2015,RT @quintonalston52: I'm going to the Bucs baby! #Hawks #Futurelegend #Alatonfamily https://t.co/QzGKk3fMbv
Sat May 02 23:31:41 +0000 2015,RT @quintonalston52: I'm going to the Bucs baby! #Hawks #Futurelegend #Alatonfamily https://t.co/QzGKk3fMbv
Sat May 02 23:31:10 +0000 2015,RT @quintonalston52: I'm going to the Bucs baby! #Hawks #Futurelegend #Alatonfamily https://t.co/QzGKk3fMbv
Sat May 02 23:29:55 +0000 2015,@waterblocknyc throughout the series the #Hawks players remained classy. The #Raptors and their GM Akon are just a pathetic bunch
Sat May 02 23:29:33 +0000 2015,RT @Passionbasket: Kyle Korver a fait taire les critiques, notamment de Hollins avec un 6/10 à 3pts: quel tueur https://t.co/Epg4ZEe5hM #Ha…
Sat May 02 23:29:06 +0000 2015,TIX http://t.co/MY3Vif2208 4 TIX 5/5 Atlanta #Hawks Philips Arena 209 http://t.co/tUeyK3wN0p #Tickets #Ticket
Sat May 02 23:29:05 +0000 2015,TIX http://t.co/VQAWDAqIz5 1-10 TIX NBA Eastern Conference Semifinals : Atlanta #Hawks vs TBD 5/4… http://t.co/wUKfBoCK1j #Tickets #NBA
Sat May 02 23:27:33 +0000 2015,Beach day🌴☀️ #Hawks https://t.co/uNYCjyByqx
Sat May 02 23:27:11 +0000 2015,L B NBA #AtlantaHawks NEW NBA TEENYMATES 1" Figure Atlanta Hawks #Hawks #Sports http://t.co/UX6zceGHAk
Sat May 02 23:27:10 +0000 2015,TIX http://t.co/MY3Vif2208 L L L 4 5/3 NBA Eastern Conference Quarterfinals : Atlanta #Hawks v… http://t.co/Dcw71x5nil #Tickets #Ticket
Sat May 02 23:27:09 +0000 2015,#Hawks Tweets: True Believers wear red tomorrow. See you at 1:00! #TrueToAtlanta http://t.co/kR0pRiVj2O #NBA http://t.co/WOWHUPGuaq
Sat May 02 23:26:37 +0000 2015,RT @quintonalston52: I'm going to the Bucs baby! #Hawks #Futurelegend #Alatonfamily https://t.co/QzGKk3fMbv
Sat May 02 23:26:13 +0000 2015,RT @Atlanta10Hawks: Atlanta Hawks Announce Sale of Franchise to Ownership Group Led by Tony Ressler| http://t.co/O8Wlk6eCr6 #Hawks #NBA
Sat May 02 23:25:09 +0000 2015,@KSUOwlNation 1Tweet4 @AtlantaHawksX2 Fans, Follow #Hawks News, Player Tweets, UTubes, Pics, Stats &amp; More! Visit http://t.co/VPHTBRBmBH RT!
Sat May 02 23:23:23 +0000 2015,RT @quintonalston52: I'm going to the Bucs baby! #Hawks #Futurelegend #Alatonfamily https://t.co/QzGKk3fMbv
Sat May 02 23:22:44 +0000 2015,Balliiiiiiiiiiin'
#Playoffs #Brooklyn #Nets #Atlanta #Hawks #NBA #Barclays http://t.co/NuClACRs4e
Sat May 02 23:21:07 +0000 2015,#Sports #Basketball Atlanta #Hawks Basketball Decal - High Quality Vinyl Logo For Car Truck Wall http://t.co/eAts4Y6u2E #Bestseller #Buy
Sat May 02 23:21:06 +0000 2015,#NBA #AtlantaHawks Atlanta Hawks Basketball Decal - High Quality Vinyl Logo For Car Truck Wall http://t.co/Ae3lv4oKhm #Hawks #Sports
Sat May 02 23:20:34 +0000 2015,RT @quintonalston52: I'm going to the Bucs baby! #Hawks #Futurelegend #Alatonfamily https://t.co/QzGKk3fMbv
Sat May 02 23:19:17 +0000 2015,I'm going to the Bucs baby! #Hawks #Futurelegend #Alatonfamily https://t.co/QzGKk3fMbv
Sat May 02 23:18:55 +0000 2015,RT @SoleCollector: #SoleWatch: #Hawks @Antic12Pero's Nike Kyrie 1 iD from last night in Brooklyn. (via @GeminiKeez) http://t.co/drrhOOeIdd
Sat May 02 23:17:57 +0000 2015,Yess! #hawks https://t.co/2wP3IKCyeg
Sat May 02 23:16:37 +0000 2015,#Health #Solution Slimera Garcinia Cambogia - Get Rid Big Fat http://t.co/QL7bdZZRJF #Hawks #Fitness
Sat May 02 23:15:00 +0000 2015,o captain my captain #becauseitsthecup #hawks #Chicago #aboutlastnight dcarriz23 @ Westend Bar &amp; Grill https://t.co/tUhNS8dESC
Sat May 02 23:14:14 +0000 2015,RT @SoleCollector: #SoleWatch: #Hawks @Antic12Pero's Nike Kyrie 1 iD from last night in Brooklyn. (via @GeminiKeez) http://t.co/drrhOOeIdd
Sat May 02 23:13:34 +0000 2015,TIX http://t.co/VQAWDAqIz5 4 TIX 5/5 Atlanta #Hawks Philips Arena 122 http://t.co/9mFtrN6Z3g #Tickets #NBA
Sat May 02 23:13:05 +0000 2015,TIX http://t.co/MY3Vif2208 2 TIX NBA Eastern Conference Semifinals : Atlanta #Hawks vs TBD 5/4… http://t.co/WAkfXWrEwo #Tickets #Ticket
Sat May 02 23:11:36 +0000 2015,TIX http://t.co/MY3Vif2208 L 4 5/5 Atlanta #Hawks Philips Arena 122 http://t.co/KPXWq4d2AR #Tickets #Ticket
Sat May 02 23:10:38 +0000 2015,L NBA #AtlantaHawks ATLANTA HAWKS PRIMARY TEAM LOGO EMBLEM NBA JERSEY PATCH #Hawks #Sports http://t.co/AGlyq75DSv
Sat May 02 23:07:26 +0000 2015,#hawks from the Eastern Conference ...#nba http://t.co/CfXHVkzv6n                  http://t.co/sx8htOG1L9 http://t.co/lDa9IaDNIz
Sat May 02 23:06:07 +0000 2015,L B #Sports #Basketball Atlanta #Hawks T Shirt Size XL #Bestseller #Buy http://t.co/m3NyVrzasI
Sat May 02 23:06:07 +0000 2015,ワイ「工藤から無能臭がするンゴ・・・」 
#Hawks #npb #プロ野球 
http://t.co/OpqByXUQjB 
https://t.co/91BzPeht4i
Sat May 02 23:05:03 +0000 2015,RT @54thetop: 値下げ！定価から８０００円引きのペアコカ・コーラS【拡散希望】福岡ソフトバンクホークス 対 千葉ロッテマリーンズ5/4 (月)の福岡 ヤフオク!ドームのチケット http://t.co/ZMy65YBuP4 #ソフトバンクホークス #ホークス #Ha…
Sat May 02 23:05:02 +0000 2015,値下げ！定価から８０００円引きのペアコカ・コーラS【拡散希望】福岡ソフトバンクホークス 対 千葉ロッテマリーンズ5/4 (月)の福岡 ヤフオク!ドームのチケット http://t.co/ZMy65YBuP4 #ソフトバンクホークス #ホークス #Hawks #チケットキャンプ
Sat May 02 23:04:38 +0000 2015,#Sports #Basketball 2003 NBA ALL STAR GAME ATLANTA #Hawks "HENRY THE HAWK" LTD ED SGA BOBBLEHEAD http://t.co/poiQMuZ7u3 #Bestseller #Buy
Sat May 02 23:04:36 +0000 2015,#NBA #AtlantaHawks 2003 NBA ALL STAR GAME ATLANTA HAWKS "HENRY THE HAWK" LTD ED SGA BOBBLEHEAD http://t.co/nQxtSAvPyn #Hawks #Sports
Sat May 02 23:03:35 +0000 2015,Red Shouldered Hawk in flight at HoleyLand Wildlife .. http://t.co/mQOyIyesly #birds #hawks #raptors #red #shouldered #hawk
Sat May 02 23:01:18 +0000 2015,#Health #Solution Weight Loss Gallery - 2 http://t.co/9fnLjIYtMw #Hawks #Fitness
Sat May 02 23:00:08 +0000 2015,L L L NBA #AtlantaHawks NEW NBA TEENYMATES 1" Figure Atlanta Hawks #Hawks #Sports http://t.co/AwBGNc6kYz
Sat May 02 22:58:12 +0000 2015,http://t.co/EEkB0NdMH9: Free Paul George PUSHES a... http://t.co/jGen0BxG07 #atlanta #december #george #hawks #loss #pacers #paul #pushes
Sat May 02 22:56:36 +0000 2015,TIX http://t.co/MY3Vif2208 4 TIX 5/5 Atlanta #Hawks Philips Arena 210 http://t.co/gXrYECi84P #Tickets #Ticket
Sat May 02 22:56:36 +0000 2015,TIX http://t.co/VQAWDAqIz5 Washington Wizards vs Atlanta #Hawks #Ticket 5/3/2015 http://t.co/fY75DRToZw #Tickets #NBA
Sat May 02 22:53:54 +0000 2015,★譲★ 福岡ソフトバンクホークス 対 埼玉西武ライオンズ 2015 5/15 (金) 福岡 ヤフオク!ドームのチケット2枚譲ります♪ コカコーラシートS席ペアチケット http://t.co/zP2LEOlDl7 #ソフトバンクホークス #ホークス #Hawks
Sat May 02 22:53:43 +0000 2015,RT @WashWizards: Atlanta it is... The #Wizards will take on the #Hawks in the second round!  Game 1 on Sunday at 1pm in ATL 

#dcRising
Sat May 02 22:52:50 +0000 2015,RT @SoleCollector: #SoleWatch: #Hawks @Antic12Pero's Nike Kyrie 1 iD from last night in Brooklyn. (via @GeminiKeez) http://t.co/drrhOOeIdd
Sat May 02 22:52:32 +0000 2015,http://t.co/b0Od0fW8od [SB Nation: Peachtree Hoops] - Atlanta Hawks looking to 'keep #Hawks http://t.co/9XKi8gRYQ8
Sat May 02 22:52:07 +0000 2015,Atlanta Hawks Announce Sale of Franchise to Ownership Group Led by Tony Ressler| http://t.co/O8Wlk6eCr6 #Hawks #NBA
Sat May 02 22:46:10 +0000 2015,#Health #Solution Start on Your 3 Month Body Transformation Now http://t.co/kDZfprBbpE #Hawks #Fitness
Sat May 02 22:44:04 +0000 2015,RT @SoleCollector: #SoleWatch: #Hawks @Antic12Pero's Nike Kyrie 1 iD from last night in Brooklyn. (via @GeminiKeez) http://t.co/drrhOOeIdd
Sat May 02 22:42:15 +0000 2015,Yo! Hawks close out Nets with 41-point third quarter   http://t.co/N7socoXXxG  #atlanta #coach #hawks #nets
Sat May 02 22:42:00 +0000 2015,【定価以下】6%OFF！福岡ソフトバンクホークス戦 5/6 (水) 福岡 ヤフオク!ドームのチケットが定価以下で出品中！さらに取引手数料ゼロ！早い者勝ちです。 http://t.co/kYSIdMi3TD #定価以下チケット #ソフトバンクホークス #ホークス #Hawks
