Sun May 03 00:16:23 +0000 2015,#NBA Miami #Heat gets gut-check win vs. Charlotte #Hornets http://t.co/YY0N2pOO89
Sun May 03 00:16:21 +0000 2015,#NBA Miami #Heat gets gut-check win vs. Charlotte #Hornets http://t.co/EPvToT6Sq4
Sun May 03 00:15:14 +0000 2015,New Charlotte Hornets Rumors. Friday, May 1 2015 http://t.co/YZ100KHabv #Hornets #NBA
Sun May 03 00:08:18 +0000 2015,#CharlotteHornets #charlotte #Hornets NBA Playoffs open thread (May 2nd) http://t.co/WLqmfTCJt8
Sun May 03 00:06:06 +0000 2015,RT @Lakers_FZ: Miami #Heat gets #NBA gut-check win vs #Hornets http://t.co/NQf32fqHYF
Sun May 03 00:02:02 +0000 2015,See Anthony Davis&amp;amp;amp;#x2019; rookie season for &amp;amp;#036;43? Yes, if Bobcats get him - http://t.co/Gbyp5ywFrf #Hornets
Sun May 03 00:01:12 +0000 2015,#NBA #Hornets - Charlotte Hornets Buzz City Scarf Fan Giveaway:  $24.95 (0 Bids)End Dat... http://t.co/2Gu8T3fEY0 http://t.co/lQmogZfBKD
Sun May 03 00:01:11 +0000 2015,#NBA #Hornets - Charlotte Hornets, New Era 9Fifty Snapback Cap Hat, NBA, Purple, Blue, ... http://t.co/IMTGf8PxAO http://t.co/lQmogZfBKD
Sat May 02 23:57:39 +0000 2015,@TRTNabilah #Hornets @ajhieidd Please RT. #t4a #PiVE
Sat May 02 23:54:27 +0000 2015,Miami #Heat gets gut-check win vs. Charlotte #Hornets #NBA http://t.co/XserPOV9t8
Sat May 02 23:54:26 +0000 2015,Miami #Heat gets #NBA gut-check win vs #Hornets http://t.co/NQf32fqHYF
Sat May 02 23:50:14 +0000 2015,NBA Playoffs open thread (April 29th) http://t.co/lnN95wJu0A #Hornets #NBA
Sat May 02 23:42:46 +0000 2015,@faqqrulfahmi #Hornets @ajhieidd Please RT. #t4a #cLdk
Sat May 02 23:38:12 +0000 2015,#NBAPlayoffs #Spurs last Game 7 road W 08 West SF at #Hornets
Sat May 02 23:34:27 +0000 2015,We still got it! ⚽️👵🏽🐝 #alumnigame #sacstate #hornets #vickyisababymama #family https://t.co/jC4YzpNDck
Sat May 02 23:28:11 +0000 2015,#NBA #Hornets - Vintage NBA Throwback RM SPORT Charlotte Hornets ' Bee Lieve It ' Dress... http://t.co/VthzCy0Txl http://t.co/k33Sm3HFUt
Sat May 02 23:28:11 +0000 2015,#NBA #Hornets - Vintage NBA Throwback RM SPORT Charlotte Hornets ' Bee Lieve It ' Dress... http://t.co/5QMkgSQy34 http://t.co/lQmogZfBKD
Sat May 02 23:28:11 +0000 2015,#NBA #Hornets - UNCUT SHEET OF CHARLOTTE HORNETS VINTAGE CARDS COKE LJ REX JR CURRY HUG... http://t.co/rtunyvEWwO http://t.co/k33Sm3HFUt
Sat May 02 23:28:10 +0000 2015,#NBA #Hornets - Charlotte Hornets Vintage SnapBack Hat Cap Official Licensed NBA GCC EU... http://t.co/UNNOmCaW8w http://t.co/k33Sm3HFUt
Sat May 02 23:28:10 +0000 2015,#NBA #Hornets - CHARLOTTE HORNETS  THROWBACK  CAP/HAT  FITTED  SIZE  7 5/8  NEW  $28:  ... http://t.co/8bA8boQo2x http://t.co/k33Sm3HFUt
Sat May 02 23:27:45 +0000 2015,@CihadBeyy #Hornets @ajhieidd Please RT. #t4a #yvso
Sat May 02 23:27:00 +0000 2015,Damian Lillard Graduates From Weber State - http://t.co/51qFO4eiCl #Hornets
Sat May 02 23:25:13 +0000 2015,2014-15 Player Report Cards :Jason Maxiell http://t.co/1Dsvn0ChW0 #Hornets #NBA
Sat May 02 23:18:03 +0000 2015,@alfieduz @HornetsX2 Fans get FREE AmazonPrime! Get 40,000+ Movies/TV Shows &amp; 500K+ Ebooks. http://t.co/HNN9nfgk7G RT! #Hornets
Sat May 02 23:14:50 +0000 2015,RT @BeforeFamePics: Never forget...Percy Miller aka Master P played for the #Raptors &amp; #Hornets http://t.co/FN1kObl7x0
Sat May 02 23:12:46 +0000 2015,@ZonaJilbab #Hornets @ajhieidd Please RT. #t4a #2ilq
Sat May 02 23:08:12 +0000 2015,RT @SCandeloro94: Congrats to my bro @Zach_Candeloro for his complete game win today on senior weekend! #Hornets
Sat May 02 23:03:34 +0000 2015,RT @PhillySportPast: 5/2/2003: The #Sixers clinched 1st rd series vs. #Hornets with a 107-103 W. @alleniverson had 45 points (VIDEO) http:/…
Sat May 02 23:00:13 +0000 2015,Top five Charlotte Hornets links of the week (May 1) http://t.co/XehySJDUQX #Hornets #NBA
Sat May 02 22:58:10 +0000 2015,#NBA #Hornets - UNCUT SHEET OF CHARLOTTE HORNETS VINTAGE CARDS COKE LJ REX JR CURRY HUG... http://t.co/BwYPXMRPcW http://t.co/lQmogZfBKD
Sat May 02 22:58:10 +0000 2015,#NBA #Hornets - Charlotte Hornets Vintage SnapBack Hat Cap Official Licensed NBA GCC EU... http://t.co/IDlkEEMkBK http://t.co/lQmogZfBKD
Sat May 02 22:58:09 +0000 2015,#NBA #Hornets - CHARLOTTE HORNETS  THROWBACK  CAP/HAT  FITTED  SIZE  7 5/8  NEW  $28:  ... http://t.co/09mnt4zeNE http://t.co/lQmogZfBKD
Sat May 02 22:57:51 +0000 2015,@AlawiyaRahmah #Hornets @ajhieidd Please RT. #t4a #SfyS
Sat May 02 22:55:00 +0000 2015,#retro5 #retro #jordan #pregrape #hornets #diamondsupplyco #diamondsupply #diamond #fightnight… https://t.co/2hh5aDLynm
Sat May 02 22:51:58 +0000 2015,Final Regular Season Grades for Every Charlotte Hornets Player - http://t.co/tJVz3g9tMi #Hornets
Sat May 02 22:51:54 +0000 2015,RT @ajhieidd: @iezaDrewson_98 #Hornets @ajhieidd Please RT. #t4a #6NrK
Sat May 02 22:49:21 +0000 2015,RT @kingofbuzzcity: #Hornets News:  CHA has contacted 7 cities around the Carolinas to gauge interest in bringing in a D-League team http:/…
Sat May 02 22:43:27 +0000 2015,RT @SCandeloro94: Congrats to my bro @Zach_Candeloro for his complete game win today on senior weekend! #Hornets
Sat May 02 22:42:45 +0000 2015,@iezaDrewson_98 #Hornets @ajhieidd Please RT. #t4a #6NrK
Sat May 02 22:42:19 +0000 2015,Congrats to my bro @Zach_Candeloro for his complete game win today on senior weekend! #Hornets
Sat May 02 22:38:39 +0000 2015,@justinhonore @HornetsX2 Fans get FREE AmazonPrime! Get 40,000+ Movies/TV Shows &amp; 500K+ Ebooks. http://t.co/HNN9nfgk7G RT! #Hornets
Sat May 02 22:37:06 +0000 2015,#CharlotteHornets #charlotte #Hornets Charlotte Hornets plan to start, own NBA D-League team in 2016-17 http://t.co/DtgfIOI4x4
Sat May 02 22:35:12 +0000 2015,Kemba Walker's uphill battle to improve his long range shooting http://t.co/BCsSXsfGF0 #Hornets #NBA
Sat May 02 22:31:05 +0000 2015,.#rick_bonnell #Hornets want to own, operate #NBA D-League team .#nbadleague http://t.co/VAFaKR3HWp… http://t.co/yFB7gtHLl1
Sat May 02 22:30:41 +0000 2015,RT @kingofbuzzcity: #Hornets News:  CHA has contacted 7 cities around the Carolinas to gauge interest in bringing in a D-League team http:/…
Sat May 02 22:29:26 +0000 2015,Good effort in game 1 today. Have to respond and play hard in game 2, which we have struggled to do this summer #Hornets
Sat May 02 22:27:46 +0000 2015,@PrincessGizemm #Hornets @ajhieidd Please RT. #t4a #xXXM
Sat May 02 22:24:32 +0000 2015,#NBA #Hornets - Mitchell and Ness - Charlotte Hornets Split Snapback Hat cap:  $23.99En... http://t.co/TB7YnP8pl0 http://t.co/lQmogZfBKD
Sat May 02 22:24:32 +0000 2015,#NBA #Hornets - Mitchell and Ness - Charlotte Hornets Split Snapback Hat cap:  $21.99En... http://t.co/FZ7dqhyHY7 http://t.co/lQmogZfBKD
Sat May 02 22:19:13 +0000 2015,RT @kingofbuzzcity: #Hornets News:  CHA has contacted 7 cities around the Carolinas to gauge interest in bringing in a D-League team http:/…
Sat May 02 22:12:46 +0000 2015,@Nafiisaa_ #Hornets @ajhieidd Please RT. #t4a #LQkT
Sat May 02 22:10:11 +0000 2015,Charlotte Hornets condense their front office http://t.co/X42EVWxxe1 #Hornets #NBA
Sat May 02 22:04:04 +0000 2015,#NBA Miami #Heat gets gut-check win vs. Charlotte #Hornets http://t.co/DHOZs9K4Iv
Sat May 02 22:04:03 +0000 2015,#NBA #Heat get gut check win vs #Hornets http://t.co/wFMYcAyGbc
Sat May 02 22:02:10 +0000 2015,5/2/2003: The #Sixers clinched 1st rd series vs. #Hornets with a 107-103 W. @alleniverson had 45 points (VIDEO) http://t.co/psAgv4VIdM
Sat May 02 21:57:45 +0000 2015,@VatanBizimAK #Hornets @ajhieidd Please RT. #t4a #rAvq
Sat May 02 21:52:35 +0000 2015,@MrMoosh28 started as a Raider now we here #Angels #baseball #BobJones #Hornets
Sat May 02 21:49:10 +0000 2015,Got the #plug #Jordan #Nike #hornets https://t.co/kvWS8fHJNM
Sat May 02 21:47:55 +0000 2015,RT @mreader: .@rick_bonnell #Hornets want to own, operate #NBA D-League team .@nbadleague

http://t.co/3joAddP9QL http://t.co/zTLFQ791iz
Sat May 02 21:46:22 +0000 2015,RT @mreader: .@rick_bonnell #Hornets want to own, operate #NBA D-League team .@nbadleague

http://t.co/3joAddP9QL http://t.co/zTLFQ791iz
Sat May 02 21:45:11 +0000 2015,Final Regular Season Grades for Every Charlotte Hornets Player http://t.co/U1al6bHwfG #Hornets #NBA
Sat May 02 21:42:47 +0000 2015,@ERENNACARR #Hornets @ajhieidd Please RT. #t4a #7YZd
Sat May 02 21:41:54 +0000 2015,2014-15 Memorable Moments | Hendo Keeps Hornets Alive - http://t.co/lIbEgDMkMQ #Hornets
Sat May 02 21:41:32 +0000 2015,RT @mreader: .@rick_bonnell #Hornets want to own, operate #NBA D-League team .@nbadleague

http://t.co/3joAddP9QL http://t.co/zTLFQ791iz
Sat May 02 21:40:27 +0000 2015,Well we got the win! Hats off to Clarksburg on a good game. 9-3 reg season. Now back to work. #DmasLax #Hornets
Sat May 02 21:40:22 +0000 2015,RT @mreader: .@rick_bonnell #Hornets want to own, operate #NBA D-League team .@nbadleague

http://t.co/3joAddP9QL http://t.co/zTLFQ791iz
Sat May 02 21:39:23 +0000 2015,RT @mreader: .@rick_bonnell #Hornets want to own, operate #NBA D-League team .@nbadleague

http://t.co/3joAddP9QL http://t.co/zTLFQ791iz
Sat May 02 21:39:14 +0000 2015,RT @OnSMASH: We hope you didn't pass on adding these Air Jordan Retro 5 #Hornets to your collection today http://t.co/DS6GNOVAfc http://t.c…
Sat May 02 21:35:41 +0000 2015,RT @OnSMASH: We hope you didn't pass on adding these Air Jordan Retro 5 #Hornets to your collection today http://t.co/DS6GNOVAfc http://t.c…
Sat May 02 21:35:05 +0000 2015,We hope you didn't pass on adding these Air Jordan Retro 5 #Hornets to your collection today http://t.co/DS6GNOVAfc http://t.co/3KEWHrX4OE
Sat May 02 21:31:34 +0000 2015,RT @mreader: .@rick_bonnell #Hornets want to own, operate #NBA D-League team .@nbadleague

http://t.co/3joAddP9QL http://t.co/zTLFQ791iz
Sat May 02 21:27:44 +0000 2015,@berrindemir19 #Hornets @ajhieidd Please RT. #t4a #jmuM
Sat May 02 21:25:51 +0000 2015,RT @mreader: .@rick_bonnell #Hornets want to own, operate #NBA D-League team .@nbadleague

http://t.co/3joAddP9QL http://t.co/zTLFQ791iz
Sat May 02 21:25:04 +0000 2015,.@rick_bonnell #Hornets want to own, operate #NBA D-League team .@nbadleague

http://t.co/3joAddP9QL http://t.co/zTLFQ791iz
Sat May 02 21:20:11 +0000 2015,Miami #Heat gets gut-check win vs. Charlotte #Hornets #NBA http://t.co/e0RzTcvqL8
Sat May 02 21:20:10 +0000 2015,Central Notes :Middleton, Love, Butler http://t.co/qXl4IqMxnC #Hornets #NBA
Sat May 02 21:18:34 +0000 2015,@ASUHornetNation STUDENTS &amp; ALUM - http://t.co/2FnELPtYdX  #ASU #BAMASTATE #HBCU #HBCUALUM #HBCUEVENTSAPP #HORNETS
Sat May 02 21:17:33 +0000 2015,@Abaz17467072 @HornetsX2 Fans get FREE AmazonPrime! Get 40,000+ Movies/TV Shows &amp; 500K+ Ebooks. http://t.co/HNN9nfgk7G RT! #Hornets
Sat May 02 21:14:53 +0000 2015,Charlotte Hornets want to own, operate a Development League team - Charlotte Observer http://t.co/Ym73fUyBKS #NBA #Charlotte #Hornets
Sat May 02 21:12:45 +0000 2015,@indonews #Hornets @ajhieidd Please RT. #t4a #NkWy
Sat May 02 21:08:26 +0000 2015,RT @Lakers_FZ: #NBA #Heat get gut check win vs #Hornets http://t.co/OGv1h22llD
Sat May 02 21:08:18 +0000 2015,Available now, sizes 10, 11 &amp; 13!!! #newrelease #jordan #airjordan #aj #aj5 #hornets #midnightnavy #pregrape... http://t.co/XSO1yLFMuD
Sat May 02 21:08:16 +0000 2015,Available now, sizes 10, 11 &amp; 13!!! #newrelease #jordan #airjordan #aj #aj5 #hornets #midnightnavy… https://t.co/GOXQ4QzvNZ
Sat May 02 21:07:52 +0000 2015,Today's pickup . Shoutout to the 🔌 @jwalkercartel  . #hornets #airjordan #sneakerhead #jordan5… https://t.co/9TTbpzXWZ0
Sat May 02 21:00:04 +0000 2015,RT @topHornets: Latest On Thaddeus Young, Option Decision http://t.co/aEqCwWhEan #Hornets #NBA
Sat May 02 20:58:48 +0000 2015,Good luck to HCHS baseball today in the state tourney. Taking on LCA in Lex! #Hornets #dowork #alwaysanunderdog
Sat May 02 20:58:09 +0000 2015,Miami #Heat gets gut-check win vs. Charlotte #Hornets #NBA http://t.co/qrTUrFkxvh
Sat May 02 20:58:07 +0000 2015,#NBA #Heat get gut check win vs #Hornets http://t.co/OGv1h22llD
Sat May 02 20:58:04 +0000 2015,#NBA Miami #Heat gets gut-check win vs. Charlotte #Hornets http://t.co/gokziIG9Gz
Sat May 02 20:57:46 +0000 2015,@berkingham #Hornets @ajhieidd Please RT. #t4a #JQs1
Sat May 02 20:55:09 +0000 2015,Latest On Thaddeus Young, Option Decision http://t.co/aEqCwWhEan #Hornets #NBA
Sat May 02 20:42:47 +0000 2015,@ArifAlBuny #Hornets @ajhieidd Please RT. #t4a #QAuA
Sat May 02 20:36:29 +0000 2015,Huge RT@kingofbuzzcity:#Hornets contacted 7 cities around Carolinas to gauge interest in bringing in D-League team http://t.co/eV3DqNZPaC
Sat May 02 20:32:39 +0000 2015,@DouglasRiera1 1Tweet4 @HornetsX2 Fans, Follow Team/Player Tweets, UTubes, Stats, Pics &amp; MORE! Visit http://t.co/qaOE6otQR0 RT! #Hornets
Sat May 02 20:31:52 +0000 2015,🔥💨#Hornets #Jordan #Five #FreshAir #KicksAreUs #777 #NeverWaitInLine #GoGetIt #Feugo https://t.co/IFzOeMAb21
Sat May 02 20:31:37 +0000 2015,RT @kingofbuzzcity: #Hornets News:  CHA has contacted 7 cities around the Carolinas to gauge interest in bringing in a D-League team http:/…
Sat May 02 20:30:08 +0000 2015,Hoops Rumors Originals 4/26/15-5/2/15 http://t.co/Z3m7vOfCML #Hornets #NBA
Sat May 02 20:27:45 +0000 2015,@LovatoMyStar #Hornets @ajhieidd Please RT. #t4a #i3Ea
Sat May 02 20:26:12 +0000 2015,Here are the 4 former D-League teams from the Carolinas.  #Hornets http://t.co/5JwCYsruid
Sat May 02 20:24:05 +0000 2015,Cities under consideration for #Hornets DL team: Asheville, Charleston, Columbia, Fayetteville, Greensboro,… http://t.co/JDCAgN49it
