Sun May 03 00:22:10 +0000 2015,#Lakers #Cards 2011-12 Fleer Retro Competitive Advantage Magic Johnson http://t.co/vbJgnuplvW #Card #Bargains
Sun May 03 00:22:09 +0000 2015,#Apparel #Souvenirs New #NBA #LosAngeles #Lakers nascar style twill cotton black jacket men's L http://t.co/ICVXbfGJT4 #Forsale #onsale
Sun May 03 00:22:08 +0000 2015,#Lakers #Autographs BRIAN SHAW VERY RARE SIGNED 8X10 Photo LOS ANGELES LAKERS DENVER NUGGETS http://t.co/MWkdZFLDbQ #Autograph #Auction
Sun May 03 00:21:12 +0000 2015,RT @NextActorStudio: Check out the behind the scene interview of Hollywood Actor &amp; NBA Champion (#Lakers) Rick Fox (He Got Game, Meet... ht…
Sun May 03 00:20:38 +0000 2015,L #Lakers #NBA LOS ANGELES LAKERS #NBA XL #Jersey #34 Shaq Oneal Sewn MJ Team Sports Inc. #Collectibles #Offer http://t.co/9flT94QBui
Sun May 03 00:18:56 +0000 2015,RT @danbino24: Kobe Bryant is my favorite player of all time. #BlackMamba #Vino #GOAT #Lakers #LakersGang #LakersNation http://t.co/yKlhhEK…
Sun May 03 00:17:36 +0000 2015,#Health #Fatloss New weight loss app shames you into shedding pounds http://t.co/daissDPmS3 #Deals #Lakers
Sun May 03 00:16:21 +0000 2015,#Kings beat the #Lakers without Gay, Cousins #NBA http://t.co/30lpbowLNz
Sun May 03 00:15:05 +0000 2015,L #Sports #Memorabilia Sports Illustrated Magazine-2001 Back Issue-#LosAngeles #Lakers-Shaq O. /… #eBay #Bestseller http://t.co/NRO1UN9vBZ
Sun May 03 00:14:36 +0000 2015,L L B #JeremyLin #Lakers JEREMY LIN 2012-13 PRESTIGE #91 ROCKETS #Deals #Online http://t.co/6n9QkV92OV
Sun May 03 00:14:20 +0000 2015,RT @ismailkidd: #Lakers Today’s historic box score looks back at a big night from Jamaal Wilkes in a Laker win over Phoenix. by twc… http:/…
Sun May 03 00:14:00 +0000 2015,Go Spurs!! I'm a #Lakers fan &amp; #Clippers hater&amp; the announcers r so bias.I get ur a fan, but call the game with ur eyes not ur heart,b pros.
Sun May 03 00:13:33 +0000 2015,#Lakers Today’s historic box score looks back at a big night from Jamaal Wilkes in a Laker win over Phoenix. by twc… http://t.co/JKbs2NePSn
Sun May 03 00:13:00 +0000 2015,As a #Lakers fan it's hard to root for the #Clippers but it's hard to root against @CP3
Sun May 03 00:10:12 +0000 2015,L L #Apparel #Souvenirs NWT #NBA Mens LA #LosAngeles #Lakers #Kobe #Bryant #8 Soul Swingman #Jersey… #Forsale… http://t.co/5EU2x6qHMB
Sun May 03 00:10:04 +0000 2015,Southwest Notes :Parsons, Villanueva, Fredette http://t.co/Y4rR9ebKFN #Lakers #NBA
Sun May 03 00:10:00 +0000 2015,"We are the real LA"!! #Lakers #LakersNation 💜💛
Sun May 03 00:09:31 +0000 2015,4th straight year SC hosting Game 7 12: #Lakers 13: #LAKings 14 and 15 #Clippers
Sun May 03 00:09:09 +0000 2015,L C #NBA #Lakers 2012-13 Panini Marquee Stars of the Night #13 #JeremyLin - NM #eBay #Auction http://t.co/HktpGXhqph
Sun May 03 00:08:46 +0000 2015,#Lakers #NBA #Kobe #Bryant Los Angeles Lakers #24 Champion #Jersey Adult XS 36 Extra Small http://t.co/6Fw76HNKjp #Collectibles #Offer
Sun May 03 00:08:46 +0000 2015,#Lakers #Deals New #NBA Los Angeles Lakers nascar style twill cotton black jacket men's L http://t.co/pqJadKGcx1 #Collection #Sale
Sun May 03 00:08:09 +0000 2015,It would be wonderful for the #Clippers to lose game 7 on the #Lakers home court. #GoSpurs
Sun May 03 00:05:54 +0000 2015,My #Mayweather stance ready for #mayweathervspacquiao #Lakers https://t.co/avEn9tsDoN
Sun May 03 00:04:37 +0000 2015,#Lakers #Cards 2014-15 Panini Gold Standard Gold Rush Autographs Ryan Kelly AUTO 080/199 BL http://t.co/FA8A52GbWQ #Card #Bargains
Sun May 03 00:04:36 +0000 2015,#Apparel #Souvenirs #Kobe #Bryant #adidas 2XL #TShirt #LosAngeles #Lakers RARE #NBA MVP HALL OF… http://t.co/o89SdnYl21 #Forsale #onsale
Sun May 03 00:04:35 +0000 2015,#Lakers #Autographs Magic Johnson Los Angeles Lakers Autographed 16" x 20" Trophy Photograph - http://t.co/TwbZw0OKkl #Autograph #Auction
Sun May 03 00:03:08 +0000 2015,L C #JeremyLin #Lakers 2012-13 Panini Marquee Stars of the Night #13 Jeremy Lin - NM #Deals #Online http://t.co/OmHoPCqJxF
Sun May 03 00:02:36 +0000 2015,#Health #Fatloss Is it ok to have unsweetened almond milk on a weight loss diet? http://t.co/1XDG1AlPYE #Deals #Lakers
Sat May 02 23:59:37 +0000 2015,L #Lakers #Deals New Era 9Fifty Los Angeles Lakers Snapback Cap Hat #Collection #Sale http://t.co/KsO47hwiHo
Sat May 02 23:59:08 +0000 2015,http://t.co/riqBJWslKV 2005-06 Topps Luxury Box 350 #86 Steve Nash /350 - NM-MT  #Lakers http://t.co/tW9AlPksdD
Sat May 02 23:59:07 +0000 2015,Mitch Kupchak not named executive of the year, but does tie for 10th http://t.co/UgaoIdx5D4 #Lakers #NBA http://t.co/irV8fUeBAr
Sat May 02 23:54:25 +0000 2015,#NBA #Kings beat the #Lakers, 102-92, without Gay, Cousins http://t.co/Md2yBz17gU
Sat May 02 23:52:23 +0000 2015,#Lakers #NBA Los Angeles Lakers #Kobe #Bryant #8 Champion #Jersey Men's Size 40 http://t.co/Uqbj7Rw8eI #Collectibles #Offer
Sat May 02 23:52:23 +0000 2015,#Lakers #Deals #Kobe #Bryant #Adidas 2XL #TShirt LOS ANGELES LAKERS RARE #NBA MVP HALL OF FAME http://t.co/JUPncyqoCO #Collection #Sale
Sat May 02 23:52:10 +0000 2015,#NBA #Lakers #JeremyLin 2014-15 Select Concourse Base #36 http://t.co/av54qxYLpI #eBay #Auction
Sat May 02 23:52:09 +0000 2015,#JeremyLin #Lakers Jeremy Lin 2014-15 Select Concourse Base #36 http://t.co/74dnK72rnw #Deals #Online
Sat May 02 23:50:04 +0000 2015,Hoops Rumors Weekly Mailbag 4/26/15-5/2/15 http://t.co/7i5uByh3aC #Lakers #NBA
Sat May 02 23:49:09 +0000 2015,L #Apparel #Souvenirs #LosAngeles #Lakers Team Color #Basketball Bracelet #Forsale #onsale http://t.co/IPcFIldKOU
Sat May 02 23:49:08 +0000 2015,#Lakers #Cards MAGIC JOHNSON 2015 LEAF MASTERWORKS AUTOGRAPH HAND SKETCH CARD AUTO SP 1/1 $400+ http://t.co/9SBt5rp04Y #Card #Bargains
Sat May 02 23:49:07 +0000 2015,#Apparel #Souvenirs #LosAngeles #Lakers jacket Hardwood Classics G-III Carl Banks MAGIC Bryant… http://t.co/w9a3eEDdnt #Forsale #onsale
Sat May 02 23:47:40 +0000 2015,Check out the behind the scene interview of Hollywood Actor &amp; NBA Champion (#Lakers) Rick Fox (He Got Game, Meet... http://t.co/cIGmymRSaJ
Sat May 02 23:47:37 +0000 2015,#Health #Fatloss Lose the weight, not the potatoes, study says http://t.co/ve3JzMhPNC #Deals #Lakers
Sat May 02 23:46:45 +0000 2015,http://t.co/riqBJWslKV 2007-08 FLEER HOT PROSPECTS # ST-24 MAGIC JOHNSON STAT TRACKER  #Lakers http://t.co/HEjB15gkSf
Sat May 02 23:44:36 +0000 2015,L #Lakers #NBA #Kobe #Bryant #Adidas 2XL #TShirt LOS ANGELES LAKERS RARE #NBA MVP HALL OF FAME #Collectibles #Offer http://t.co/hUQqdSvHDe
Sat May 02 23:43:18 +0000 2015,L #NBA #Lakers 2014-15 Hoops Green #191 #JeremyLin - NM-MT #eBay #Auction http://t.co/KT51eVwCus
Sat May 02 23:39:06 +0000 2015,L #Lakers #Deals NWT #NBA Mens LA LOS ANGELES LAKERS #Kobe #Bryant #8 Soul Swingman #Jersey SEWN 2XL #Collection… http://t.co/swnR2ZtMPh
Sat May 02 23:37:35 +0000 2015,L #JeremyLin #Lakers 2014-15 Hoops Green #191 Jeremy Lin - NM-MT #Deals #Online http://t.co/Gk4FAbE4fG
Sat May 02 23:37:29 +0000 2015,repost via @divvypic from foreverpurpleandgold
#HappyBirthday to #HOFer #JamaalWilkes #52 #lakers… https://t.co/URPrXknkYS
Sat May 02 23:37:19 +0000 2015,#Lakers #NBA LOS ANGELES LAKERS #NBA XL #Jersey #34 Shaq Oneal Sewn MJ Team Sports Inc. http://t.co/PS847FCoPT #Collectibles #Offer
Sat May 02 23:37:19 +0000 2015,#Lakers #Deals Los Angeles Lakers Limited Edition Back to Back Champions 16X 2010 Water Bottle http://t.co/TpgK1KHPmA #Collection #Sale
Sat May 02 23:36:04 +0000 2015,#NBA #Lakers - LAKERS L.A. Lakers Basketball  NBA Jersey Wall CLOCK Magic Shaq Kobe:  $... http://t.co/8BuoA2vb0U http://t.co/k33Sm3HFUt
Sat May 02 23:36:04 +0000 2015,#NBA #Lakers - Los Angeles Lakers Keyholder And Lanyard - LA - Badketball - Kobe - NBA:... http://t.co/rPHErw2ZJz http://t.co/k33Sm3HFUt
Sat May 02 23:36:04 +0000 2015,#NBA #Lakers - 3 Los Angeles Lakers Can Koozies - LA - Badketball - Kobe:  $9.99End Dat... http://t.co/LjQbtV9R5B http://t.co/k33Sm3HFUt
Sat May 02 23:35:38 +0000 2015,#NBA #Lakers 2011-12 Limited Silver Spotlight #78 #JeremyLin/49 http://t.co/j08bHS22O8 #eBay #Auction
Sat May 02 23:35:37 +0000 2015,#JeremyLin #Lakers 2011-12 Limited Silver Spotlight #78 Jeremy Lin/49 http://t.co/i9e8pd3kL2 #Deals #Online
Sat May 02 23:35:07 +0000 2015,#Sports #Memorabilia Sports Illustrated Magazine-2001 Back Issue-#LosAngeles #Lakers-Shaq O. /… http://t.co/hdRGVytjIN #eBay #Bestseller
Sat May 02 23:34:09 +0000 2015,L #Apparel #Souvenirs NWT #NBA Mens LA #LosAngeles #Lakers #Kobe #Bryant #8 Soul Swingman #Jersey… #Forsale #onsale http://t.co/QpjeDZi6Xx
Sat May 02 23:32:36 +0000 2015,#Lakers #Cards 2014-15 Panini Gold Standard Gold Jerry West Jeremy Lin Jordan Hill /79 Lot BL http://t.co/Zuq2xVAdvZ #Card #Bargains
Sat May 02 23:32:35 +0000 2015,L #JeremyLin #Lakers 2014-15 Prizm Refractor #85 Jeremy Lin SP Lakers #Deals #Online http://t.co/He1gw5QXbT
Sat May 02 23:32:06 +0000 2015,#Apparel #Souvenirs #Kobe #Bryant #LosAngeles #Lakers #24 Champion #Jersey Adult XS 36 Extra Small http://t.co/oYdOmbpRmy #Forsale #onsale
Sat May 02 23:32:06 +0000 2015,#Lakers #Autographs Jerry West Los Angeles Lakers Autographed Back in the Finals Sports… http://t.co/YmRrxNkfxw #Autograph #Auction
Sat May 02 23:32:05 +0000 2015,#Health #Fatloss Reasons Why Weight Loss Is Difficult for Many People http://t.co/bcdsLScsaz #Deals #Lakers
Sat May 02 23:32:03 +0000 2015,#Kings beat the #Lakers, 102-92, without Gay, Cousins #NBA http://t.co/symuqyaRA7
Sat May 02 23:29:32 +0000 2015,http://t.co/riqBJWslKV [Los Angeles Times: Lakers Now] - Golden State Warriors vs. Mem #Lakers http://t.co/0eZn2im5fH
Sat May 02 23:29:00 +0000 2015,@RealFrank13 @LAClippers #Lakers at Clippers game?
Sat May 02 23:28:24 +0000 2015,Fitted type of day!! #LA #LALakers #Lakers #Dodgers #LADodgers #Dodgersgame #hot #detroitgirl… https://t.co/4VlgFDypNH
Sat May 02 23:28:06 +0000 2015,L #Lakers #Deals LA Los Angeles LAKERS STARTER Jacket #NBA #Basketball X-LARGE #Collection #Sale http://t.co/Nx2i8Tf5Rc
Sat May 02 23:27:10 +0000 2015,L L #JeremyLin #Lakers 2011/12 Panini Hoops Factory Sealed NBA Blaster Box! Look for Jeremy Lin Auto! #Deals #Online http://t.co/uR4H3hMEkL
Sat May 02 23:26:35 +0000 2015,Los Angeles Lakers Must Make the Right Decision with Ed Davis' Future http://t.co/V9JUphl74o #Lakers #NBA http://t.co/NhNCZfgmJT
Sat May 02 23:25:15 +0000 2015,New Los Angeles Lakers Rumors. Wednesday, April 29 2015 http://t.co/hIQizF828I #Lakers #NBA
Sat May 02 23:21:07 +0000 2015,#Lakers #NBA Los Angeles Lakers Team Color #Basketball Bracelet http://t.co/DbrftD0lEC #Collectibles #Offer
Sat May 02 23:21:07 +0000 2015,#Lakers #Deals New Era 9Fifty Los Angeles Lakers Snapback Cap Hat http://t.co/PngFel2jTB #Collection #Sale
Sat May 02 23:19:28 +0000 2015,L #Lakers #Cards #7 of 11 MAGIC JOHNSON Lakers 1986-87 Fleer STICKER NrMt SET BREAK #Card #Bargains http://t.co/zqbIRI4XXO
Sat May 02 23:16:40 +0000 2015,#Lakers #Cards Magic Johnson Thrillseekers lenticular 3 D Fleer Retro '12 '13 http://t.co/vEsvodFntB #Card #Bargains
Sat May 02 23:16:40 +0000 2015,#Lakers #CellPhone Marilyn Monroe Los Angeles Lakers Jersey #iPhone 4 4s 5 5s 5c 6 #Case Free… http://t.co/KF3yd1buxy #Bargains #Forsale
Sat May 02 23:16:39 +0000 2015,#Apparel #Souvenirs #LosAngeles #Lakers Team Color #Basketball Bracelet http://t.co/nV6oL9P0ux #Forsale #onsale
Sat May 02 23:16:39 +0000 2015,#Health #Fatloss How to Lose 10kg in 1 Month With A Simple Tip http://t.co/0jFudyu9Bh #Deals #Lakers
Sat May 02 23:16:39 +0000 2015,L B #JeremyLin #Lakers JEREMY LIN 2012-13 PRESTIGE #91 ROCKETS #Deals #Online http://t.co/FUSjIoykWy
Sat May 02 23:13:15 +0000 2015,http://t.co/hV4sbRrdFh For Bulls, question remains which team will show up (The Associat #Lakers http://t.co/EPuIfIF84S
Sat May 02 23:11:43 +0000 2015,L #Lakers #Deals LOS ANGELES LAKERS #NBA XL #Jersey #34 Shaq Oneal Sewn MJ Team Sports Inc. #Collection #Sale http://t.co/BVxEKG69bO
Sat May 02 23:07:05 +0000 2015,L L B #NBA #Lakers 2012-13 Panini Marquee Stars of the Night #13 #JeremyLin - NM #eBay #Auction http://t.co/FVC5Owwi7G
Sat May 02 23:05:14 +0000 2015,New Los Angeles Lakers Rumors. Thursday, April 30 2015 http://t.co/hIQizF828I #Lakers #NBA
Sat May 02 23:05:08 +0000 2015,#Lakers #NBA #Kobe #Bryant #Adidas 2XL #TShirt LOS ANGELES LAKERS RARE #NBA MVP HALL OF FAME http://t.co/QWw3eLPpxF #Collectibles #Offer
Sat May 02 23:05:06 +0000 2015,#Lakers #Deals NWT #NBA Mens LA LOS ANGELES LAKERS #Kobe #Bryant #8 Soul Swingman #Jersey SEWN 2XL http://t.co/Qg7aCR2dlf #Collection #Sale
Sat May 02 23:04:02 +0000 2015,http://t.co/riqBJWslKV Michael Cooper Los Angeles Lakers NBA Jersey Mens Size Extra La #Lakers http://t.co/AKTqWB4ZcW
Sat May 02 23:03:07 +0000 2015,#Sports #Memorabilia Magic Johnson Sports Illustrated SI Nov. 18, 1991 #LosAngeles #Lakers NO… http://t.co/jSYnKp4YSx #eBay #Bestseller
Sat May 02 23:02:05 +0000 2015,L #Lakers #Cards 2012-13 Momentum Drive STEVE NASH Insert /49 Refractor Los Angeles Lakers Suns #Card #Bargains http://t.co/TBPKeHUBYI
Sat May 02 23:01:16 +0000 2015,#Health #Fatloss An Instructor's Zumba Fitness Journey http://t.co/ddITZ4l6aK #Deals #Lakers
Sat May 02 23:00:32 +0000 2015,Lakers Looking To Add Al-Farouq Aminu? - Hoops Habit: Hoops HabitLakers Looking To Add Al-Farouq Aminu... http://t.co/74k3TYIEuO #lakers
Sat May 02 23:00:07 +0000 2015,#Apparel #Souvenirs NWT #NBA Mens LA #LosAngeles #Lakers #Kobe #Bryant #8 Soul Swingman #Jersey… http://t.co/N6OywfFp7a #Forsale #onsale
Sat May 02 23:00:07 +0000 2015,#Lakers #Cards 2014-2015 Gold Standard Black Gold MAGIC JOHNSON Patch Jersey #d 12/25 http://t.co/yMy9GoNiZu #Card #Bargains
Sat May 02 23:00:06 +0000 2015,L L B #JeremyLin #Lakers 2012-13 Panini Marquee Stars of the Night #13 Jeremy Lin - NM #Deals #Online http://t.co/H81Iic4zkX
Sat May 02 23:00:06 +0000 2015,#Lakers #Autographs NBA LOS ANGELES LAKERS JAMES WORTHY SIGNED POSTER PRINT 18 x 24… http://t.co/Q3N1RKeXtk #Autograph #Auction
Sat May 02 22:56:38 +0000 2015,L #Lakers #Deals VINTAGE Nike SHAQUILLE SHAQ O'NEAL LOS ANGELES LAKERS TODDLER #NBA #Jersey 3T #Collection #Sale http://t.co/Hre1u8ufmz
Sat May 02 22:55:11 +0000 2015,Funny NBA 2k10 Commercial - Kobe Bryant Play as Kobe in Lakers vs Bostons http://t.co/Pk2JiAN6dM #Lakers http://t.co/fdYCNBWKJz
Sat May 02 22:49:23 +0000 2015,#Lakers #NBA LA Los Angeles LAKERS STARTER Jacket #NBA #Basketball X-LARGE http://t.co/PiIxQulZx8 #Collectibles #Offer
Sat May 02 22:49:23 +0000 2015,#Lakers #Deals LA Los Angeles LAKERS STARTER Jacket #NBA #Basketball X-LARGE http://t.co/ZOYM7QGvzz #Collection #Sale
Sat May 02 22:46:35 +0000 2015,L #Lakers #Autographs NBA LOS ANGELES LAKERS JAMES WORTHY SIGNED NEW BALANCE P740LA RIGHT SNEAKER… #Autograph… http://t.co/hALL8tBBwk
Sat May 02 22:46:06 +0000 2015,#Health #Fatloss Start on Your 3 Month Body Transformation Now http://t.co/FFypJjqVDX #Deals #Lakers
Sat May 02 22:45:24 +0000 2015,@ismailkidd You're top of #lakers! Want to declutter you inbox quickly? Try Unroll.Me: http://t.co/CYSJme3wMu
