Sun May 03 00:28:04 +0000 2015,RT @thesmokingcuban: Great read here, courtesy of @MFFeLtman - Dallas Mavericks: Management In The Mirror http://t.co/VLmbw17oUX #Mavs @hoo…
Sun May 03 00:27:20 +0000 2015,RT @thesmokingcuban: Great read here, courtesy of @MFFeLtman - Dallas Mavericks: Management In The Mirror http://t.co/VLmbw17oUX #Mavs @hoo…
Sun May 03 00:26:21 +0000 2015,Great read here, courtesy of @MFFeLtman - Dallas Mavericks: Management In The Mirror http://t.co/VLmbw17oUX #Mavs @hoopshabit @SportsBlogRT
Sun May 03 00:19:47 +0000 2015,RT @MavsFansForLife: If the Clippers lose tonight, I am sticking with my prediction that Deandre Jordan will be the starting Center for the…
Sun May 03 00:19:24 +0000 2015,RT @MavsFansForLife: If the Clippers lose tonight, I am sticking with my prediction that Deandre Jordan will be the starting Center for the…
Sun May 03 00:17:19 +0000 2015,@ZayDhaKing 1Tweet4 @OurMavericks, Follow #Mavs News, UTubes, Player Tweets, Stats and More! Visit http://t.co/jaS6zrerJI RT!
Sun May 03 00:15:28 +0000 2015,RT @MavsFansForLife: If the Clippers lose tonight, I am sticking with my prediction that Deandre Jordan will be the starting Center for the…
Sun May 03 00:15:19 +0000 2015,RT @MavsFansForLife: If the Clippers lose tonight, I am sticking with my prediction that Deandre Jordan will be the starting Center for the…
Sun May 03 00:13:38 +0000 2015,RT @MavsFansForLife: If the Clippers lose tonight, I am sticking with my prediction that Deandre Jordan will be the starting Center for the…
Sun May 03 00:13:14 +0000 2015,If the Clippers lose tonight, I am sticking with my prediction that Deandre Jordan will be the starting Center for the #Mavs next season.
Sat May 02 23:57:36 +0000 2015,RT @NBAPassion_com: #Lawson, #Aldridge e #Jordan: riusciranno i #Mavs a firmare uno di questi giocatori? #NBAPassion http://t.co/Z6ggsZLPi0
Sat May 02 23:51:55 +0000 2015,RT @NBAPassion_com: #Lawson, #Aldridge e #Jordan: riusciranno i #Mavs a firmare uno di questi giocatori? #NBAPassion http://t.co/Z6ggsZLPi0
Sat May 02 23:49:50 +0000 2015,going w the #clippers offense to implode somewhere around 5 minutes left. spurs by 5 &amp; im a #mavs fan. rooting for lob city #nba
Sat May 02 23:49:01 +0000 2015,#Lawson, #Aldridge e #Jordan: riusciranno i #Mavs a firmare uno di questi giocatori? #NBAPassion http://t.co/Z6ggsZLPi0
Sat May 02 23:31:20 +0000 2015,#NBAPlayoffs last game 7: #Spurs last year West 1st Round beat #Mavs.  #Clippers last year West 1st Round beat #Warriors.
Sat May 02 23:06:41 +0000 2015,http://t.co/2b0FFRiu83 NBA Rooks: Marcus Smart  #Mavs http://t.co/53noGrjQ7O
Sat May 02 22:51:28 +0000 2015,@LoriRMixson 1Tweet4 @OurMavericks, Follow #Mavs News, UTubes, Player Tweets, Stats and More! Visit http://t.co/jaS6zrerJI RT!
Sat May 02 22:12:49 +0000 2015,Poor #AmareStoudemire...signed on w/ the #Mavs hoping 2 win but only 2 go home after 1 round.
Sat May 02 21:48:31 +0000 2015,http://t.co/7R8Q4b6nbw [Fansided: The Smoking Cuban] - Dallas Mavericks: Management In T #Mavs http://t.co/Va8SB0qPah
Sat May 02 21:36:12 +0000 2015,#Mavs #dallasmavericks #mavericks Blazers' GM non-committal on attempting to re-sign free agent Wesley Matthews http://t.co/GGKwTIUfUl
Sat May 02 21:33:53 +0000 2015,RT @rhsmhsbattles: proud of my boys for gettin that dub #mavs ⚾️⚾️⚾️
Sat May 02 21:27:11 +0000 2015,proud of my boys for gettin that dub #mavs ⚾️⚾️⚾️
Sat May 02 21:20:04 +0000 2015,17U Mavs Cleveland win their opener 74-67 over MN Ice. #24Rydog led with 22, #BeauKlostermann with 19. #Mavs http://t.co/HY4SDn5vyg
Sat May 02 20:52:46 +0000 2015,RT @hispanosnba: #Mavs Chandler Parsons pasa por el quirófano sin fecha de regreso http://t.co/eqv4Huz2k1
Sat May 02 20:28:36 +0000 2015,RT @NBAcom: On this date in 1980: Dallas granted expansion franchise, bringing @NBA to 23 teams

http://t.co/aybgJcncVV #Mavs http://t.co/5…
Sat May 02 20:27:30 +0000 2015,http://t.co/jaS6zrerJI Vtg DALLAS MAVERICKS Jersey 90's JASON KIDD #5 CHAMPION Basketbal #Mavs http://t.co/tpqKQx7kay
Sat May 02 20:24:27 +0000 2015,RT @TheRealSportDFW: Top Free Agents Linked to the Mavericks. #Mavs #MFFL #MavsNation #NBAFreeAgency @ReidDHanson 
http://t.co/CCwHwAcLe2
Sat May 02 20:23:04 +0000 2015,#Mavs Chandler Parsons pasa por el quirófano sin fecha de regreso http://t.co/eqv4Huz2k1
Sat May 02 20:11:27 +0000 2015,http://t.co/7R8Q4b6nbw [Bloguin: NBA Draft Blog] - Lakers Looking To Add Al-Farouq Aminu #Mavs http://t.co/udiOMGAunN
Sat May 02 20:06:25 +0000 2015,http://t.co/jaS6zrerJI The Midwest Division: The Dallas Mavericks, the Denver Nuggets, t #Mavs http://t.co/rXMcBcVoaB
Sat May 02 19:57:32 +0000 2015,RT @CoachDJackson: Congratulations to NOC Mavs 6'7 Jamal Cummings on his commitment to NCAA D2 powerhouse Drury! #NOC #Mavs #SuccessIsAChoi…
Sat May 02 19:48:10 +0000 2015,http://t.co/2b0FFRiu83 Series Recap: Bulls-Bucks  #Mavs http://t.co/5uh6ExmrO5
Sat May 02 19:39:07 +0000 2015,RT @Howard__24: @mcuban should hire the Rockets social media guy that got fired. Great opportunity to convert him into a #Mavs fan. #TexasR…
Sat May 02 19:38:50 +0000 2015,@mcuban should hire the Rockets social media guy that got fired. Great opportunity to convert him into a #Mavs fan. #TexasRivalry
Sat May 02 19:26:36 +0000 2015,Man merkt, dass die Saison um ist... #mavs  https://t.co/UmerKaaBic
Sat May 02 19:14:44 +0000 2015,This is the floater to end all floaters. Eat your heart out Tony Parker. #Mavs #NBASummerLeague #NBA http://t.co/3OE7JogJMO
Sat May 02 18:36:20 +0000 2015,#Mavs #dallasmavericks #mavericks Southwest Notes: Parsons, Villanueva, Fredette http://t.co/FD93nKIC7n
Sat May 02 18:27:51 +0000 2015,http://t.co/jaS6zrerJI BABY HAT in YOUR CHOICE of PRO BASKETBALL TEAM Newborn Beanie Inf #Mavs http://t.co/QLSxL3t1jd
Sat May 02 18:21:23 +0000 2015,Audreys last at bat of the season!! 
#mavs #softball #district #tournament https://t.co/DnfJxGLMA4
Sat May 02 17:43:59 +0000 2015,http://t.co/2b0FFRiu83 Inside Stuff: Jam Session  #Mavs http://t.co/idztwZTFlH
Sat May 02 17:32:00 +0000 2015,Appreciate the follow @DalMav_news, keep me up to date. #Mavs
Sat May 02 17:23:53 +0000 2015,RT @mitchell_ness: "Dallas Basketball Limited", 1980 @dallasmavs @nba #Mavs #franchise http://t.co/lmNvnr7dk4
Sat May 02 17:22:46 +0000 2015,@sheriffdoodle 1Tweet4 @OurMavericks, Follow #Mavs News, UTubes, Player Tweets, Stats and More! Visit http://t.co/jaS6zqWQl8 RT!
Sat May 02 17:15:15 +0000 2015,Liked the visit🏀 #mavs http://t.co/qJnMaHLS1r
Sat May 02 17:00:15 +0000 2015,RT @RoteLaterneNBA: Amar'e Stoudemire likes fit with Mavs, says money isn't a big free agency factor http://t.co/aTR4meCzMb #Mavs #MFFL htt…
Sat May 02 16:55:00 +0000 2015,http://t.co/jaS6zrerJI vtg Eduardo Najera Dallas Mavericks Jersey Champion Size 48 RARE  #Mavs http://t.co/aoNkN0qmWq
Sat May 02 16:51:12 +0000 2015,Well #mavs fans, this is interesting http://t.co/qJBsKZN7Ga #nba
Sat May 02 16:49:24 +0000 2015,Trade idea: Young, Turner, Wallace, #Celtics '16 1st-rd pick &amp; #Mavs '16 1st-rd pick to #Kings for Demarcus Cousins #BoogieToBoston
Sat May 02 16:36:38 +0000 2015,http://t.co/7R8Q4b6nbw [SB Nation: Mavs Moneyball] - Amar'e Stoudemire likes fit with Ma #Mavs http://t.co/JJHn17lsdd
Sat May 02 16:27:05 +0000 2015,#Mavs Al-Farouq Aminu se saldrá de su contrato este verano http://t.co/bNUVgczvLU #nba
Sat May 02 16:14:15 +0000 2015,http://t.co/2b0FFRiu83 Best of Phantom: Hawks Eliminate Nets in Game 6  #Mavs http://t.co/MPZPZcJD2s
Sat May 02 16:13:20 +0000 2015,RT @MAULDINBATTLES: THE REAL BATTLE PAGE!! Rt for MHS and fav for RHS #mavs http://t.co/xn3YCr6L00
Sat May 02 16:07:13 +0000 2015,I liked Amar'e Stoudemire, Al-Farouq Aminu, Charlie Villanueva, J.J. Barea, and Richard Jefferson off the bench for Dallas. #Mavs #MFFL
Sat May 02 15:22:34 +0000 2015,RT @RoteLaterneNBA: Charlie Villanueva wants consistency, would love to return to Mavericks: The… http://t.co/fyIQ3l0U5J #Mavs #MFFL http:/…
Sat May 02 15:21:11 +0000 2015,RT @IowaMavsAAU: 17U Mavs Cleveland win their opener 74-67 over MN Ice. @24Rydog led with 22, @BeauKlostermann with 19. #Mavs
Sat May 02 15:18:22 +0000 2015,RT @IowaMavsAAU: 17U Mavs Cleveland win their opener 74-67 over MN Ice. @24Rydog led with 22, @BeauKlostermann with 19. #Mavs
Sat May 02 15:18:07 +0000 2015,Charlie Villanueva wants consistency, would love to return to Mavericks: The… http://t.co/fyIQ3l0U5J #Mavs #MFFL http://t.co/WmxTcHdv23
Sat May 02 15:16:51 +0000 2015,17U Mavs Cleveland win their opener 74-67 over MN Ice. @24Rydog led with 22, @BeauKlostermann with 19. #Mavs
Sat May 02 15:10:48 +0000 2015,http://t.co/jaS6zrerJI NBA 2011 Finals Dallas Mavericks &amp; Miami Heat Head 2 Head Graphic #Mavs http://t.co/rFtusId322
Sat May 02 15:07:13 +0000 2015,#Mavs #dallasmavericks #mavericks Charlie Villanueva wants consistency, would love to return to Mavericks http://t.co/m5ciZ9GQ3b
Sat May 02 15:05:06 +0000 2015,Chicago bound #coghill #supeskies #Mavs https://t.co/HT5QqoNGMr
Sat May 02 14:56:34 +0000 2015,THE REAL BATTLE PAGE!! Rt for MHS and fav for RHS #mavs http://t.co/gp6uJY6xvV http://t.co/arI4rU90Je
Sat May 02 14:52:26 +0000 2015,RT @MAULDINBATTLES: THE REAL BATTLE PAGE!! Rt for MHS and fav for RHS #mavs http://t.co/xn3YCr6L00
Sat May 02 14:50:54 +0000 2015,RT @hispanosnba: #Mavs Chandler Parsons pasa por el quirófano sin fecha de regreso http://t.co/eqv4Huz2k1 #nba
Sat May 02 14:47:42 +0000 2015,RT @hispanosnba: #Mavs Chandler Parsons pasa por el quirófano sin fecha de regreso http://t.co/eqv4Huz2k1 #nba
Sat May 02 14:47:07 +0000 2015,#Mavs Chandler Parsons pasa por el quirófano sin fecha de regreso http://t.co/eqv4Huz2k1 #nba
Sat May 02 14:44:13 +0000 2015,RT @MAULDINBATTLES: THE REAL BATTLE PAGE!! Rt for MHS and fav for RHS #mavs http://t.co/xn3YCr6L00
Sat May 02 14:29:41 +0000 2015,RT @MAULDINBATTLES: THE REAL BATTLE PAGE!! Rt for MHS and fav for RHS #mavs http://t.co/xn3YCr6L00
Sat May 02 14:28:49 +0000 2015,RT @MAULDINBATTLES: THE REAL BATTLE PAGE!! Rt for MHS and fav for RHS #mavs http://t.co/xn3YCr6L00
Sat May 02 14:28:37 +0000 2015,RT @GQ_Germany: In der Nacht konnte @swish41 Nowitzki mit seinen #Mavs den ersten Sieg in den diesjährigen #NBAPlayoffs erringen: http://t.…
Sat May 02 14:27:03 +0000 2015,RT @MavsFansForLife: TNT said they could see Dirk as an instant offense 6th man for years behind Lamarcus Aldridge, if he signed w/ #Mavs. …
Sat May 02 14:26:11 +0000 2015,RT @MAULDINBATTLES: THE REAL BATTLE PAGE!! Rt for MHS and fav for RHS #mavs http://t.co/xn3YCr6L00
Sat May 02 14:24:03 +0000 2015,RT @MAULDINBATTLES: THE REAL BATTLE PAGE!! Rt for MHS and fav for RHS #mavs http://t.co/xn3YCr6L00
Sat May 02 14:22:53 +0000 2015,So I've been wearing my #Rockets jersey to bed ever since they easily eliminated the shitty #Mavs in… https://t.co/URWoYUFGnB
Sat May 02 14:16:53 +0000 2015,q #Mavs
Sat May 02 14:15:10 +0000 2015,Amar'e Stoudemire likes fit with Mavs, says money isn't a big free agency factor http://t.co/aTR4meCzMb #Mavs #MFFL http://t.co/hZibwj5YfL
Sat May 02 14:11:12 +0000 2015,#Mavs #dallasmavericks #mavericks Amar'e Stoudemire likes fit with Mavs, says money isn't a big free agency fa.. http://t.co/6UNbcD0LiE
Sat May 02 14:11:08 +0000 2015,RT @BeforeFamePics: #Mavs vs #Rockets have twitter battle http://t.co/TYSarz6ljA
Sat May 02 13:19:31 +0000 2015,http://t.co/7R8Q4b6nbw [SB Nation: Mavs Moneyball] - Devin Harris talks about a potentia #Mavs http://t.co/lwVaq0VIBs
Sat May 02 13:13:11 +0000 2015,J.J. Barea says re-signing with Mavs will be easier this summer than 2011: The… http://t.co/CuXZFav1n7 #Mavs #MFFL http://t.co/aZKKnapnvB
Sat May 02 13:12:40 +0000 2015,Mavs sporting Raes @arianagrande cat ears #mavs #loveApet #silliness https://t.co/Xy5b8TR6z9
Sat May 02 13:08:05 +0000 2015,#Mavs #dallasmavericks #mavericks J.J. Barea says re-signing with Mavs will be easier this summer than 2011 http://t.co/f9nSP3QvBZ
Sat May 02 12:24:57 +0000 2015,@EasyStej 1Tweet4 @OurMavericks, Follow #Mavs News, UTubes, Player Tweets, Stats and More! Visit http://t.co/jaS6zrerJI RT!
Sat May 02 12:22:03 +0000 2015,RT @RoteLaterneNBA: Devin Harris talks about a potential starter's role, why Rajon Rondo didn't work http://t.co/V6XPBlumOH #Mavs #MFFL htt…
Sat May 02 12:10:35 +0000 2015,Devin Harris talks about a potential starter's role, why Rajon Rondo didn't work http://t.co/V6XPBlumOH #Mavs #MFFL http://t.co/M6cqFFTqtX
Sat May 02 12:08:48 +0000 2015,RT @TheBallHogNet: Ήταν ο Rondo ο κύριος εκφραστής της αποτυχίας των φετινών #Mavs; Ο @s_marinos πιστεύει πως ναι. #NBA http://t.co/lRYaxCb…
Sat May 02 12:08:06 +0000 2015,#Mavs #dallasmavericks #mavericks Devin Harris talks about a potential starter's role, why Rajon Rondo didn't .. http://t.co/S1Vcp0NhxU
Sat May 02 12:03:06 +0000 2015,Extremely proud of all of the lady maverick softball players! #MAVS http://t.co/DGHNMufDY3
Sat May 02 11:50:29 +0000 2015,http://t.co/jaS6zrerJI Nike Swingman jersey Dallas Mavericks Dirk Nowitzki Large  #Mavs http://t.co/hthjaJrhOz
Sat May 02 11:43:12 +0000 2015,RT @Mavericks_Spain: Con sólo 3 jugadores en Plantilla para la temp.15/16 (Dirk,Parsons,Harris y Felton (?) ¿A por quien iriaís en la Agenc…
Sat May 02 11:17:20 +0000 2015,RT @TheBallHogNet: Ήταν ο Rondo ο κύριος εκφραστής της αποτυχίας των φετινών #Mavs; Ο @s_marinos πιστεύει πως ναι. #NBA http://t.co/lRYaxCb…
Sat May 02 10:41:26 +0000 2015,Ich wüsste wohl nicht, ob ich lachen oder weinen sollte.
#mavs #offseason https://t.co/Tm48dSQz1k
Sat May 02 10:27:06 +0000 2015,S/o to #KylefistSerr for the walk off win tonight! #Mavs http://t.co/7xrL0GUH1h
Sat May 02 10:25:50 +0000 2015,RT @MavsFansForLife: Chandler Parsons had a successful arthroscopic surgery on his right knee to address cartilage injury. #Mavs http://t.c…
Sat May 02 10:18:56 +0000 2015,RT @OwnersBoxNBA: #NBA #Mavericks #Mavs
SF Al Farouq-Aminu will decline his player option and test free-agency this summer.
@farouq1
Sat May 02 09:55:14 +0000 2015,Mavs Donuts :The Exit Interviews Quoteboard| http://t.co/6IGv3bjRfm #Mavs
Sat May 02 09:35:39 +0000 2015,#KCA #VoteJKT48ID OurMavericks: Cutthecheckmix1 1Tweet4 OurMavericks, Follow #Mavs News, UTubes, Player Tweets, Stats and More! Visit  RT!
Sat May 02 09:33:33 +0000 2015,@Cutthecheckmix1 1Tweet4 @OurMavericks, Follow #Mavs News, UTubes, Player Tweets, Stats and More! Visit http://t.co/jaS6zrerJI RT!
Sat May 02 09:20:12 +0000 2015,Mavs + LaMarcus :Solutions + Problems| http://t.co/BnZManAlLV #Mavs
Sat May 02 08:58:33 +0000 2015,@beckylodge16 @luuharrison #mavs
