Sun May 03 00:06:07 +0000 2015,L #Cards #Card 1995-96 Fleer Metal Basketball Card #60 Kevin Willis #MiamiHeat #F314 #Bargain #Deal http://t.co/hc9eMmjYqd
Sun May 03 00:01:07 +0000 2015,#DwyaneWade #Deals Dwyane Wade 2014-15 Select Concourse Base #2 http://t.co/jvxhjfDuW5 #NBA #MiamiHeat
Sun May 03 00:01:06 +0000 2015,#DwyaneWade #NBA Dwyane Wade 2014-15 Select Concourse Base #2 http://t.co/n5XpnvYhZ5 #MiamiHeat #HEATwin
Sat May 02 23:59:52 +0000 2015,ASK IRA :Will East necessarily be as forgiving next season? - http://t.co/EtzbMrT96E #MiamiHEAT
Sat May 02 23:59:10 +0000 2015,#Autographs #onsale Shaquille O'Neal #MiamiHeat Autographed 8" x 10" Dunk #Photograph http://t.co/2ka2ogrz4B #Autograph #Forsale
Sat May 02 23:59:09 +0000 2015,#Cards #Card #MiamiHeat - Mike Miller 2010 Sporting News http://t.co/jXYbEw1ufN #Bargain #Deal
Sat May 02 23:56:03 +0000 2015,L L #Autographs #onsale Authentic Dwayne Wade Shaquille O'Neil Auto Signed 8x10 #Photo #MiamiHeat… #Autograph… http://t.co/DZ9bBPn2pu
Sat May 02 23:53:10 +0000 2015,#MiamiHeat #NBA http://t.co/jq0lypL4ZT It's a #basketball thing! #follow
Sat May 02 23:52:25 +0000 2015,RT @BryanIsTheKing: @youngwhiteside https://t.co/x7tUnUKms5 #miamiheat #mip #heatnation MIP level mix?
Sat May 02 23:51:07 +0000 2015,L #Cards #Card #MiamiHeat - 2014-15 Panini NBA Immaculate 5X Live Team Break Case #1 #Bargain #Deal http://t.co/8TINewyPKj
Sat May 02 23:46:07 +0000 2015,L L L #Cards #Card Todd Fuller 28 Card Lot All Different Golden State Warriors Utah Jazz #MiamiHeat #Bargain #Deal http://t.co/fTCFW5GUPN
Sat May 02 23:43:08 +0000 2015,#Autographs #onsale #MiamiHeat Udonis Haslem Autographed 8" x 10" #Photo http://t.co/dUbHPh2D9k #Autograph #Forsale
Sat May 02 23:43:08 +0000 2015,#Cards #Card 2003 E#Topps IN HAND #LeBron JAMES ROOKIE CARD CLEVELAND CAVALIERS #MiamiHeat http://t.co/6o1w8rpTD5 #Bargain #Deal
Sat May 02 23:43:05 +0000 2015,L #DwyaneWade #Deals Dwyane Wade Miami Heat 2003-04 Lot of (6) Topps Bazooka Rookies Mint BV$60.00 #NBA #MiamiHeat http://t.co/j5MixlEowo
Sat May 02 23:40:34 +0000 2015,L L L #Autographs #onsale EDDIE HOUSE SIGNED #MiamiHeat XL #Jersey , PSA #ED 306/325 #Autograph #Forsale http://t.co/CGb27d4mpM
Sat May 02 23:37:34 +0000 2015,L #DwyaneWade #NBA Dwyane Wade Miami Heat 2003-04 Lot of (6) Topps Bazooka Rookies Mint BV$60.00 #MiamiHeat #HEATwin http://t.co/BxfQcTXZ2R
Sat May 02 23:33:48 +0000 2015,http://t.co/3K1XyjOa7r 2012 Sports Illustrated MIAMI HEAT Lebron JAMES No Label NEWS ST #MiamiHeat  http://t.co/fgjEI5NHCN
Sat May 02 23:32:05 +0000 2015,L L L #DwyaneWade #Deals 2014-15 Court Kings Rookie Royalty #9 Dwyane Wade - NM-MT Heat #NBA #MiamiHeat http://t.co/WKeuOvvkEJ
Sat May 02 23:29:07 +0000 2015,#DwyaneWade #Deals DWYANE WADE 2010-11 Totally Certified Fabric of the Game Jumbo Team #ed 144/299 http://t.co/0qqIiWlw4K #NBA #MiamiHeat
Sat May 02 23:29:05 +0000 2015,#DwyaneWade #NBA DWYANE WADE 2010-11 Totally Certified Fabric of the Game Jumbo Team #ed 144/299 http://t.co/YAh6exMtGP #MiamiHeat #HEATwin
Sat May 02 23:27:09 +0000 2015,#Cards #Card 2014-15 Panini Hoops Basketball - Shabazz Napier RC #281 - #MiamiHeat http://t.co/WNHCmgQTTx #Bargain #Deal
Sat May 02 23:26:35 +0000 2015,#Autographs #onsale Framed Dwyane Wade #MiamiHeat Autographed 8" x 10" All Star Game #Photograph http://t.co/sDaoEKAXJL #Autograph #Forsale
Sat May 02 23:25:46 +0000 2015,L #Autographs #onsale BOB MCADOO SIGNED #Basketball #NBA MVP #MiamiHeat COACH WITH COA AND… #Autograph #Forsale http://t.co/9t3uK9hf4E
Sat May 02 23:22:07 +0000 2015,L L L #DwyaneWade #Deals 2014-15 SELECT DWYANE WADE SILVER PRIZM REFRACTOR #2 #NBA #MiamiHeat http://t.co/sKgWYgqJ9B
Sat May 02 23:19:23 +0000 2015,#NBA #MiamiHeat - Miami Heat T-Shirt Lot - Size Large [14/16]:  $18.00End Date: Tuesday... http://t.co/Av7OS3SEyW http://t.co/k33Sm3HFUt
Sat May 02 23:19:22 +0000 2015,#NBA #MiamiHeat - NEW Miami Heat New Era 59Fifty Cord, Corduroy Fitted Hat Cap NWT Size... http://t.co/brTzKGcYBz http://t.co/k33Sm3HFUt
Sat May 02 23:14:37 +0000 2015,L L #Cards #Card #MiamiHeat 2014-15 IMMACULATE CASE 5X Index TEAM BREAK 14/15 Panini Basketball #Bargain #Deal http://t.co/OxbhcaDeJD
Sat May 02 23:13:04 +0000 2015,#DwyaneWade #Deals DWYANE WADE 2011-12 Panini National Treasures Century PATCH PRIME #ed 12/25 Heat http://t.co/ExVwzTudr6 #NBA #MiamiHeat
Sat May 02 23:13:04 +0000 2015,#DwyaneWade #NBA DWYANE WADE 2011-12 Panini National Treasures Century PATCH PRIME #ed 12/25… http://t.co/6vhCQY84dx #MiamiHeat #HEATwin
Sat May 02 23:10:34 +0000 2015,#Cards #Card 1995-96 Fleer Metal Basketball Card #60 Kevin Willis #MiamiHeat #F314 http://t.co/unyNvaMEiZ #Bargain #Deal
Sat May 02 23:10:34 +0000 2015,#Autographs #onsale Signed #MiamiHeat #Jersey by Chris Bosh!! http://t.co/yAINDiLlVx #Autograph #Forsale
Sat May 02 23:10:05 +0000 2015,L #DwyaneWade #NBA DWYANE WADE 2011-12 Panini National Treasures Century Jerseys #ed 6/25 Heat #MiamiHeat #HEATwin http://t.co/iNqYBNBdyB
Sat May 02 23:04:27 +0000 2015,RT @LeBronJames: #MiamiHeat NATION! 🔥 http://t.co/3f6zhTi9I3
Sat May 02 23:01:15 +0000 2015,L L L #DwyaneWade #Deals 2014-15 Panini Hoops Basketball - Carmelo Anthony/Dwyane Wade Matchups #9 #NBA #MiamiHeat http://t.co/r4vM0grZNQ
Sat May 02 22:59:05 +0000 2015,L #Autographs #onsale Authentic Dwayne Wade Shaquille O'Neil Auto Signed 8x10 #Photo #MiamiHeat… #Autograph #Forsale http://t.co/3t7SOSWukZ
Sat May 02 22:55:09 +0000 2015,#Cards #Card #MiamiHeat - 2014-15 Panini NBA Immaculate 5X Live Team Break Case #1 http://t.co/XMHA3rckqo #Bargain #Deal
Sat May 02 22:55:08 +0000 2015,#Autographs #onsale Dwyane Wade #MiamiHeat Autographed 8" x 10" Driving Baseline #Photograph http://t.co/Uv9u0QilNj #Autograph #Forsale
Sat May 02 22:55:07 +0000 2015,Burnie stopped by our #LIBREinitiative booth and he said: Be LIBRE and Go Heat! #MiamiHeat #Miami #NBA… http://t.co/XYK7ZSweB5
Sat May 02 22:54:08 +0000 2015,L L #Cards #Card Todd Fuller 28 Card Lot All Different Golden State Warriors Utah Jazz #MiamiHeat #Bargain #Deal http://t.co/oLzV925Qry
Sat May 02 22:53:07 +0000 2015,The battle of the bellies! #bellymotions #bellydance #bellydancemiami #miamiheat #heatnation #burnie… https://t.co/0Tmfsg8cjv
Sat May 02 22:52:50 +0000 2015,Player-by-player :Where Miami Heat stand heading into offseason - http://t.co/HoVaD9kVcH  #MiamiHEAT
Sat May 02 22:52:29 +0000 2015,Fit4Allsupps: #Miamiheat #gym #motivation #inspiration #fitness #workout #healthy #nutrition #bodybuilding… https://t.co/6jwNWcUM7Z
Sat May 02 22:51:51 +0000 2015,#Miamiheat #gym #motivation #inspiration #fitness #workout #healthy #nutrition #bodybuilding… https://t.co/DBiBc5Pc9L
Sat May 02 22:50:05 +0000 2015,#Sport #Clothing Mitchell And Ness #MiamiHeat Hat #NBA Basketball NWOT http://t.co/tVcsDvuxzJ #onsale #Discount
Sat May 02 22:49:48 +0000 2015,Player-by-player :Where Miami Heat stand heading into offseason - http://t.co/PgOpDRPQBZ #MiamiHEAT
Sat May 02 22:49:21 +0000 2015,#Apparel #Souvenirs NEW #MiamiHeat New Era 59Fifty Cord, Corduroy Fitted Hat Cap NWT Size 7 1/4 http://t.co/5EwCw6S21r #eBay #Auction
Sat May 02 22:49:21 +0000 2015,L L #Autographs #onsale EDDIE HOUSE SIGNED #MiamiHeat XL #Jersey , PSA #ED 306/325 #Autograph #Forsale http://t.co/e6o7Ldbl1x
Sat May 02 22:48:54 +0000 2015,#NBA #MiamiHeat - Miami Heat T-Shirt Lot - Size Large [14/16]:  $18.00End Date: Tuesday... http://t.co/nUnWXMAMaA http://t.co/lQmogZfBKD
Sat May 02 22:45:26 +0000 2015,@CesarGrajales4 Top of #miamiheat today! Organize your emails: quickly and easily! Try Unroll.Me http://t.co/b5L804JFEE
Sat May 02 22:43:07 +0000 2015,L L #Apparel #Souvenirs #MiamiHeat #NBA Logo T-shirt Men's Size Color Black NWT - xlarge #eBay #Auction http://t.co/1CAsv2vJzd
Sat May 02 22:40:34 +0000 2015,#DwyaneWade #Deals Dwyane Wade Miami Heat 2003-04 Lot of (6) Topps Bazooka Rookies Mint BV$60.00 http://t.co/4eTaaCl0Zo #NBA #MiamiHeat
Sat May 02 22:40:34 +0000 2015,#DwyaneWade #NBA Dwyane Wade Miami Heat 2003-04 Lot of (6) Topps Bazooka Rookies Mint BV$60.00 http://t.co/pXUC7HbRDj #MiamiHeat #HEATwin
Sat May 02 22:40:03 +0000 2015,RT @CesarGrajales4: Burnie stopped by our @LIBREinitiative booth and he said: Be LIBRE and Go Heat! #MiamiHeat #Miami #NBA http://t.co/JlDB…
Sat May 02 22:39:05 +0000 2015,#Cards #Card ■1/1 GORAN DRAGIC Crown Royale DIE-CUT AUTO ☆ #'d 7/10 ●Jersey Number #MiamiHeat http://t.co/95OtzbIuGe #Bargain #Deal
Sat May 02 22:39:05 +0000 2015,L L #DwyaneWade #Deals 2014-15 Court Kings Rookie Royalty #9 Dwyane Wade - NM-MT Heat #NBA #MiamiHeat http://t.co/Ir5l1DUx6O
Sat May 02 22:38:34 +0000 2015,#Autographs #onsale BOB MCADOO SIGNED #Basketball #NBA MVP #MiamiHeat COACH WITH COA AND… http://t.co/YwOCi0HheP #Autograph #Forsale
Sat May 02 22:34:09 +0000 2015,#Apparel #Souvenirs #MiamiHeat T-Shirt Lot - Size Large [14/16] http://t.co/jOayNazJ8T #eBay #Auction
Sat May 02 22:32:09 +0000 2015,L #Cards #Card #MiamiHeat 2014-15 IMMACULATE CASE 5X Index TEAM BREAK 14/15 Panini Basketball #Bargain #Deal http://t.co/IJ4Eu4E7FB
Sat May 02 22:26:01 +0000 2015,#MiamiHeat eliminated from playoff contention #NBA http://t.co/zG6ZcJFlun
Sat May 02 22:22:40 +0000 2015,L L L #DwyaneWade #Deals 2014-15 Court Kings Expressionists #14 Dwyane Wade #NBA #MiamiHeat http://t.co/X1i22MvvmK
Sat May 02 22:22:35 +0000 2015,#Autographs #onsale Authentic Dwayne Wade Shaquille O'Neil Auto Signed 8x10 #Photo #MiamiHeat… http://t.co/MP3TibRj5b #Autograph #Forsale
Sat May 02 22:22:34 +0000 2015,#Cards #Card DWYANE WADE Rookie Card 03-04 Bowman GOLD Rookie Card #149 #MiamiHeat http://t.co/DRUjAM67AG #Bargain #Deal
Sat May 02 22:21:12 +0000 2015,L #Autographs #onsale Pat Riley Autograph #MiamiHeat #Photo #Autograph #Forsale http://t.co/eMFoGSEYH8
Sat May 02 22:19:17 +0000 2015,RT @CesarGrajales4: Burnie stopped by our @LIBREinitiative booth and he said: Be LIBRE and Go Heat! #MiamiHeat #Miami #NBA http://t.co/JlDB…
Sat May 02 22:18:36 +0000 2015,RT @CesarGrajales4: Burnie stopped by our @LIBREinitiative booth and he said: Be LIBRE and Go Heat! #MiamiHeat #Miami #NBA http://t.co/JlDB…
Sat May 02 22:18:15 +0000 2015,RT @CesarGrajales4: Burnie stopped by our @LIBREinitiative booth and he said: Be LIBRE and Go Heat! #MiamiHeat #Miami #NBA http://t.co/JlDB…
Sat May 02 22:14:46 +0000 2015,Behold this beautiful, life-size chocolate cake of Manny Pacquiao - http://t.co/0IHsI1Mfs2 #MiamiHEAT
Sat May 02 22:14:36 +0000 2015,L #Cards #Card Todd Fuller 28 Card Lot All Different Golden State Warriors Utah Jazz #MiamiHeat #Bargain #Deal http://t.co/WYd7rMZQ18
Sat May 02 22:10:11 +0000 2015,L #Autographs #onsale EDDIE HOUSE SIGNED #MiamiHeat XL #Jersey , PSA #ED 306/325 #Autograph #Forsale http://t.co/HsIjML3Ulr
Sat May 02 22:06:07 +0000 2015,#Autographs #onsale Udonis Haslem #MiamiHeat Autographed 8" x 10" Shooting #Photograph http://t.co/iDtqyRv65H #Autograph #Forsale
Sat May 02 22:06:06 +0000 2015,#Cards #Card 2003-04 BOWMAN CHROME DWAYNE WADE AUTO RC 248/250 GEM MINT 9.5 #MiamiHeat http://t.co/EV25nYj9VO #Bargain #Deal
Sat May 02 22:04:05 +0000 2015,L L #DwyaneWade #Deals 2014-15 SELECT DWYANE WADE SILVER PRIZM REFRACTOR #2 #NBA #MiamiHeat http://t.co/j99Pa1Wvc5
Sat May 02 22:03:09 +0000 2015,L #Apparel #Souvenirs #MiamiHeat #NBA Logo T-shirt Men's Size Color Black NWT - xlarge #eBay #Auction http://t.co/eQQGCOyCjA
Sat May 02 21:56:42 +0000 2015,http://t.co/3K1XyjOa7r Miami Heat Hat  #MiamiHeat  http://t.co/e07ivmMOMI
Sat May 02 21:52:09 +0000 2015,#DwyaneWade #Deals DWYANE WADE 2011-12 Panini National Treasures Century Jerseys #ed 6/25 Heat http://t.co/eVgRUdSyl7 #NBA #MiamiHeat
Sat May 02 21:52:09 +0000 2015,L #Autographs #onsale RAY ALLEN #MiamiHeat SIGNED AUTO 8X10 #Photo #Autograph #Forsale http://t.co/DoRZ8DRqqA
Sat May 02 21:52:09 +0000 2015,#DwyaneWade #NBA DWYANE WADE 2011-12 Panini National Treasures Century Jerseys #ed 6/25 Heat http://t.co/zkUtSEUTrH #MiamiHeat #HEATwin
Sat May 02 21:50:38 +0000 2015,#Cards #Card #MiamiHeat 2014-15 IMMACULATE CASE 5X Index TEAM BREAK 14/15 Panini Basketball http://t.co/urHVdVW5NM #Bargain #Deal
Sat May 02 21:50:37 +0000 2015,#Autographs #onsale #LeBron James #MiamiHeat signed #Jersey http://t.co/nWhxUAUWZA #Autograph #Forsale
Sat May 02 21:50:35 +0000 2015,#MiamiHEAT player reviews: 2014-15 NBA season: http://t.co/YO0WQJUKVz http://t.co/sOUI8eazj5 http://t.co/VZEL25XYGx
Sat May 02 21:49:08 +0000 2015,L L #DwyaneWade #Deals 2014-15 Panini Hoops Basketball - Carmelo Anthony/Dwyane Wade Matchups #9 #NBA #MiamiHeat http://t.co/bWAYYCNNJH
Sat May 02 21:47:28 +0000 2015,http://t.co/TdJQjsB3gj [Palm Beach Post] - Chris Bosh's health on track for major comeba #MiamiHeat  http://t.co/CFHTUj2i42
Sat May 02 21:46:06 +0000 2015,#Apparel #Souvenirs McFarlane #MiamiHeat #LeBron James http://t.co/wHxtCftdJf #eBay #Auction
Sat May 02 21:44:34 +0000 2015,#NBA #MiamiHeat - McFarlane Miami Heat Lebron James:  $49.99End Date: Saturday May-9-20... http://t.co/k99QibCL3r http://t.co/lQmogZfBKD
Sat May 02 21:40:34 +0000 2015,#Burnie of the #MiamiHeat came in to play today http://t.co/BkN5LKlTxH
Sat May 02 21:38:33 +0000 2015,RT @hothothoops: #MiamiHEAT player reviews: 2014-15 NBA season: http://t.co/Uivg9uNJVx http://t.co/WJfKD8ePDP
Sat May 02 21:35:49 +0000 2015,L L #Apparel #Souvenirs NWT #NBA #MiamiHeat Logo T-shirt Men's Size large, red. Hardwood Classics. #eBay #Auction http://t.co/9xMe3jdbWH
Sat May 02 21:35:37 +0000 2015,L L #DwyaneWade #Deals 2014-15 Panini Hoops Basketball - Dwyane Wade Picture Perfect #19 - Heat #NBA #MiamiHeat http://t.co/ztQQBoETxT
Sat May 02 21:35:32 +0000 2015,RT @hothothoops: #MiamiHEAT player reviews: 2014-15 NBA season: http://t.co/Uivg9uNJVx http://t.co/WJfKD8ePDP
Sat May 02 21:35:05 +0000 2015,#Autographs #onsale Pat Riley Autograph #MiamiHeat #Photo http://t.co/YYU3axIqwv #Autograph #Forsale
Sat May 02 21:35:05 +0000 2015,#Cards #Card Todd Fuller 28 Card Lot All Different Golden State Warriors Utah Jazz #MiamiHeat http://t.co/mFn5OhnRMn #Bargain #Deal
Sat May 02 21:32:31 +0000 2015,#MiamiHEAT player reviews: 2014-15 NBA season: http://t.co/Uivg9uNJVx http://t.co/WJfKD8ePDP
Sat May 02 21:31:09 +0000 2015,L L #DwyaneWade #NBA 2014-15 Panini Hoops Basketball - Dwyane Wade Picture Perfect #19 - Heat #MiamiHeat #HEATwin http://t.co/GG31iKlRbu
Sat May 02 21:25:37 +0000 2015,L #Apparel #Souvenirs NWT #NBA #MiamiHeat Logo T-shirt Men's Size xlarge red. #eBay #Auction http://t.co/nvsASTYdQ9
Sat May 02 21:25:25 +0000 2015,#gbfnyc had to break out my #MiamiHeat, I'm going to #southbeach to #recharge myself. Hat to rock em… https://t.co/KHzjf7BCD4
Sat May 02 21:24:02 +0000 2015,RT @nathalia73: Proud to compete on the team with a real athlete @ShaneBattier ! #miamiheat #elheat #miami http://t.co/hw9oEublh8
Sat May 02 21:21:06 +0000 2015,L L B #DwyaneWade #Deals 2004-05 Fleer Ultra Dwyane Wade Gold Medallion!!! #66 Heat!! #NBA #MiamiHeat http://t.co/N39YgU4gIK
Sat May 02 21:19:36 +0000 2015,#Autographs #onsale EDDIE HOUSE SIGNED #MiamiHeat XL #Jersey , PSA #ED 306/325 http://t.co/a6e8t3YWf7 #Autograph #Forsale
Sat May 02 21:19:36 +0000 2015,#Cards #Card 2014-15 Donruss #16 Dwyane Wade - #MiamiHeat http://t.co/YobbuTq3gV #Bargain #Deal
Sat May 02 21:16:05 +0000 2015,L L L #Autographs #onsale Shane Battier #NBA Champs #MiamiHeat Signed #Jersey COA #Autograph #Forsale http://t.co/fteAmc7udB
