Sun May 03 00:04:25 +0000 2015,Deron Çaptan Düştü ;
#Nets koçu Lionel Hollins de acı konuştu. http://t.co/mmuHAPVDtt
Sun May 03 00:03:40 +0000 2015,#Nets: Natha http://t.co/gDL79VXN9w
Sun May 03 00:01:44 +0000 2015,RT @BrooklynNets Lopez: "I like being here. I've enjoyed my time as a Net." http://t.co/PuL08PQ7EV  #nets
Sun May 03 00:00:23 +0000 2015,Crecimiento y libertad:THINK BIG... START SMALL... MOVE FAST... PERSEVERE http://t.co/EtB2O8axGB #thinkbig #dreambig #net #nets #red #redes
Sun May 03 00:00:14 +0000 2015,Crecimiento y libertad:THINK BIG... START SMALL... MOVE FAST... PERSEVERE http://t.co/IanVf2Z4l9 #thinkbig #dreambig #net #nets #red #redes
Sun May 03 00:00:11 +0000 2015,Crecimiento y libertad:THINK BIG... START SMALL... MOVE FAST... PERSEVERE http://t.co/aqTydnKgwm #thinkbig #dreambig #net #nets #red #redes
Sat May 02 23:52:29 +0000 2015,RT @ZCullen8: What a great shot by @geminikeez !!! Go and give him a follow he takes some great pictures! #Nets https://t.co/YIWmG0tZPi
Sat May 02 23:51:55 +0000 2015,RT @DaNewYorkTimez: Yo! Hawks close out Nets with 41-point third quarter   http://t.co/N7socoXXxG  #atlanta #coach #hawks #nets
Sat May 02 23:50:14 +0000 2015,Bugle Got Game :Kidd’s Jersey Retired, Nets Dominate Heat [Video] http://t.co/uMwiGBhQzy #Nets #NBA
Sat May 02 23:37:35 +0000 2015,#NBA #Nets - BROOKLYN NETS MITCHELL AND NESS NBA OREO HOOK UP BLACK/GRAY SNAPBACK HAT C... http://t.co/gw7Sfcy9Dz http://t.co/k33Sm3HFUt
Sat May 02 23:32:05 +0000 2015,The @NBA messing up w/ these schedules..How the @Cavs get a entire week off..and the Hawks play Sunday..finished series vs #Nets Friday
Sat May 02 23:27:06 +0000 2015,How Chris Paul, Blake Griffin stress the Spurs| http://t.co/RVgojt43Sn #Nets #NBA
Sat May 02 23:26:44 +0000 2015,http://t.co/j5NQrdITtn Brooklyn Nets Logo NBA Basketball Licensed NWT Mitchell&amp;Ness Appl #Nets http://t.co/g7eOqLWjkz
Sat May 02 23:25:13 +0000 2015,Nets, Exceeding Expectations Against Hawks, Stay Loose http://t.co/mG0ES4UjBv #Nets #NBA
Sat May 02 23:22:44 +0000 2015,Balliiiiiiiiiiin'
#Playoffs #Brooklyn #Nets #Atlanta #Hawks #NBA #Barclays http://t.co/NuClACRs4e
Sat May 02 23:22:34 +0000 2015,TIX http://t.co/OtW5nOs45D A A D 4 #NBA Finals Brooklyn #Nets Home Game 3 5/13 Barclays Center http://t.co/gCOSTgYtQr #Tickets #NBA
Sat May 02 23:21:28 +0000 2015,http://t.co/G8m8wClR5s Wizards-Hawks Preview (The Associated Press)  #NBA #NETS http://t.co/ZVCdL1NYLY
Sat May 02 23:20:38 +0000 2015,RT @barclayscenter: Best moves in the league at every age! The #Nets Kids and Netsational Seniors together at center court. #Brooklyn http:…
Sat May 02 23:17:15 +0000 2015,RT @ZCullen8: Big Thank you to @GothamGooner for forming @TheBklynBrigade ! We have been at it for 3 years strong with many more to come!  …
Sat May 02 23:16:34 +0000 2015,Well no reason to sugarcoat it...the day of reckoning is upon the Nets (via @NetsDaily ) http://t.co/3ieOLMQjuZ #Yikes #Nets
Sat May 02 23:15:17 +0000 2015,RT @BrooklynNets Young: “I love Brooklyn, I love being in New York…it feels like home.” http://t.co/8nHDsuZQfR #nets
Sat May 02 23:06:46 +0000 2015,RT @BrooklynNets: The #Nets and @nationalgridus are heating up BK during the playoffs! RT for chance to win a  #BGreen Nets Prize Pack! htt…
Sat May 02 23:05:12 +0000 2015,RT @brooklynNfans: Tepid Start, and Hawks, Are Too Much for the Nets http://t.co/y8ZMEcd2lV #Nets #NBA
Sat May 02 23:00:13 +0000 2015,Tepid Start, and Hawks, Are Too Much for the Nets http://t.co/y8ZMEcd2lV #Nets #NBA
Sat May 02 22:58:59 +0000 2015,@RowanSnell I heard you were pulling a Yorker across the line #villagecricket #nets
Sat May 02 22:57:38 +0000 2015,RT @TheBKGame: New: How to kill a zombie http://t.co/CsUhyjRvSp #Nets
Sat May 02 22:53:08 +0000 2015,"Hollins: Deron Williams No Longer Franchise Player" (via @TeamStream). #Nets. #NBA.  http://t.co/SbRGBK5UiZ
Sat May 02 22:52:04 +0000 2015,What to expect from Billy Donovan in OKC| http://t.co/bcBKLFttMB #Nets #NBA
Sat May 02 22:49:10 +0000 2015,RT @bsmart4life: Is it too soon to be excited for 2016 or naaaw? @BrooklynNets #NETSNATION4LIFE #NETS
Sat May 02 22:46:55 +0000 2015,RT @Jeannie2321: @CruzRmilian215 @NetsDaily @TheBklynBrigade @Jarrettjack03 Great pic! Miss you guys already! See you soon! #Nets
Sat May 02 22:46:52 +0000 2015,RT @ZCullen8: What a great shot by @geminikeez !!! Go and give him a follow he takes some great pictures! #Nets https://t.co/YIWmG0tZPi
Sat May 02 22:46:37 +0000 2015,RT @RyanGaydos: Brooklyn #Nets’ Deron Williams ‘not a franchise player’: http://t.co/zdoCMbHghM 

@SportsBlogRT @SportsTalkRT
Sat May 02 22:46:16 +0000 2015,RT @RyanGaydos: Brooklyn #Nets’ Deron Williams ‘not a franchise player’: http://t.co/zdoCMbHghM 

@SportsBlogRT @SportsTalkRT
Sat May 02 22:45:51 +0000 2015,RT @ZCullen8: What a great shot by @geminikeez !!! Go and give him a follow he takes some great pictures! #Nets https://t.co/YIWmG0tZPi
Sat May 02 22:45:23 +0000 2015,What a great shot by @geminikeez !!! Go and give him a follow he takes some great pictures! #Nets https://t.co/YIWmG0tZPi
Sat May 02 22:45:09 +0000 2015,#Nets' Hollins: D-Will not a franchise player http://t.co/jPhezhd1Ix #ESPN
Sat May 02 22:44:28 +0000 2015,RT @MazzESPN: Thaddeus Young said he wants to see what Brook Lopez does in FA as he makws decision but confirmed that #Nets do indeed want …
Sat May 02 22:43:58 +0000 2015,RT @rodboone: Alan Anderson: "I’m free, so … I mean, I would love to stay in Brooklyn, but I am a free agent. So I will be free." #Nets
Sat May 02 22:42:47 +0000 2015,RT @NetsDaily: Note this: #Nets salary issues have a 14-month expiration date. Only two players currently have contracts that extend beyond…
Sat May 02 22:42:47 +0000 2015,Brooklyn #Nets’ Deron Williams ‘not a franchise player’: http://t.co/zdoCMbHghM 

@SportsBlogRT @SportsTalkRT
Sat May 02 22:42:15 +0000 2015,Yo! Hawks close out Nets with 41-point third quarter   http://t.co/N7socoXXxG  #atlanta #coach #hawks #nets
Sat May 02 22:41:06 +0000 2015,RT @NetsDaily: Note this: #Nets salary issues have a 14-month expiration date. Only two players currently have contracts that extend beyond…
Sat May 02 22:37:43 +0000 2015,RT @NetsDaily: Note this: #Nets salary issues have a 14-month expiration date. Only two players currently have contracts that extend beyond…
Sat May 02 22:37:22 +0000 2015,RT @MazzESPN: Lionel Hollins said he doesn't consider Deron Williams a franchise player anymore. Considers him a very good player. #Nets
Sat May 02 22:37:15 +0000 2015,Note this: #Nets salary issues have a 14-month expiration date. Only two players currently have contracts that extend beyond July 2016.
Sat May 02 22:35:12 +0000 2015,Hawks Eliminate Nets in Game 6 http://t.co/bXWEoLubZX #Nets #NBA
Sat May 02 22:25:29 +0000 2015,AUDIO: @BossmanShow (@CoachTWill24 Interview Replay with @JRTheBossman | #ATL #Cavs #Hawks #LA #NBA #Nets #Warriors | http://t.co/Sso2VpIQhy
Sat May 02 22:25:29 +0000 2015,AUDIO: @BossmanShow (@CoachTWill24 Interview Replay with @JRTheBossman | #ATL #Cavs #Hawks #LA #NBA #Nets #Warriors | http://t.co/dEJCp4Yx3j
Sat May 02 22:22:34 +0000 2015,TIX http://t.co/OtW5nOs45D A D 4 #NBA Finals Brooklyn #Nets Home Game 3 5/13 Barclays Center http://t.co/gCOSTgYtQr #Tickets #NBA
Sat May 02 22:19:54 +0000 2015,@BrooklynNets This season might be over but we got next year!Enjoy the off season and prepare for the next battle #Nets
Sat May 02 22:10:12 +0000 2015,Hondo expects Net gain http://t.co/mpH5KtDQER #Nets #NBA
Sat May 02 22:10:00 +0000 2015,RT @MazzESPN: Lionel Hollins said Brook Lopez could be a franchise player if he develops a post game #Nets
Sat May 02 22:08:22 +0000 2015,RT @MazzESPN: Thaddeus Young said he wants to see what Brook Lopez does in FA as he makws decision but confirmed that #Nets do indeed want …
Sat May 02 22:08:14 +0000 2015,RT @MazzESPN: Lionel Hollins said Brook Lopez could be a franchise player if he develops a post game #Nets
Sat May 02 22:08:11 +0000 2015,RT @MazzESPN: Lionel Hollins said he doesn't consider Deron Williams a franchise player anymore. Considers him a very good player. #Nets
Sat May 02 22:05:18 +0000 2015,RT @MazzESPN: Hollins indicated team needs more toughness, basketball IQ, depth #Nets
Sat May 02 21:56:27 +0000 2015,http://t.co/j5NQre0uRX [ESPN New York: Nets Report] - Nets face uncertainty heading into #Nets http://t.co/uK2tDYYALK
Sat May 02 21:55:17 +0000 2015,RT @BrooklynNets: The #Nets and @nationalgridus are heating up BK during the playoffs! RT for chance to win a  #BGreen Nets Prize Pack! htt…
Sat May 02 21:53:12 +0000 2015,RT @BrooklynNets: The #Nets and @nationalgridus are heating up BK during the playoffs! RT for chance to win a  #BGreen Nets Prize Pack! htt…
Sat May 02 21:52:08 +0000 2015,TIX http://t.co/OtW5nOs45D A A C 4 #NBA Finals Brooklyn #Nets Home Game 3 5/13 Barclays Center http://t.co/gCOSTgYtQr #Tickets #NBA
Sat May 02 21:51:20 +0000 2015,RT @BrooklynNets: The #Nets and @nationalgridus are heating up BK during the playoffs! RT for chance to win a  #BGreen Nets Prize Pack! htt…
Sat May 02 21:51:01 +0000 2015,RT @ZCullen8: Big Thank you to @GothamGooner for forming @TheBklynBrigade ! We have been at it for 3 years strong with many more to come!  …
Sat May 02 21:50:02 +0000 2015,RT @ZCullen8: Big Thank you to @GothamGooner for forming @TheBklynBrigade ! We have been at it for 3 years strong with many more to come!  …
Sat May 02 21:49:16 +0000 2015,Yo! Nets Beat Hawks 91-83, Pull Within 2-1 In Series   http://t.co/BgijA8Jzxz  #atlanta #hawks #nets #york
Sat May 02 21:46:53 +0000 2015,http://t.co/j5NQre0uRX [ESPN New York: Nets Report] - Nets face uncertainty heading into #Nets http://t.co/pzI08p59Xa
Sat May 02 21:45:54 +0000 2015,RT @MazzESPN: Lionel Hollins said he doesn't consider Deron Williams a franchise player anymore. Considers him a very good player. #Nets
Sat May 02 21:45:11 +0000 2015,Nets hammered by Hawks, end season with a whimper http://t.co/Og07nF0s3t #Nets #NBA
Sat May 02 21:36:05 +0000 2015,#BrooklynNets #Nets #Brooklyn Nets face uncertainty heading into offseason http://t.co/vhTSAKYsKt
Sat May 02 21:30:20 +0000 2015,#NBA #Nets - Brooklyn Nets 2015 Game 6 Playoff T Shirt One Team One Goal XL New:  $19.9... http://t.co/rU6JQCmHKt http://t.co/k33Sm3HFUt
Sat May 02 21:30:19 +0000 2015,#NBA #Nets - Brooklyn Nets Playoff Thunder Sticks And Bracelet:  $1.99 (0 Bids)End Date... http://t.co/0JNDSzKVZu http://t.co/k33Sm3HFUt
Sat May 02 21:21:31 +0000 2015,TIX http://t.co/OtW5nOs45D A C 4 #NBA Finals Brooklyn #Nets Home Game 3 5/13 Barclays Center http://t.co/gCOSTgYtQr #Tickets #NBA
Sat May 02 21:20:10 +0000 2015,Disgraceful Nets expect good vibes from failure of a season http://t.co/xSPMqaD1vz #Nets #NBA
Sat May 02 21:19:30 +0000 2015,RT @MazzESPN: Deron Williams #8ThePope will not talk today. #Nets
Sat May 02 21:16:41 +0000 2015,RT @LolitaLens: To my #Nets peeps, esp. @Jeannie2321 @Muzixndmd @bkpixi @TheBKN3 @waterblocknyc So long for now...enjoy summer! http://t.co…
Sat May 02 21:12:57 +0000 2015,To my #Nets peeps, esp. @Jeannie2321 @Muzixndmd @bkpixi @TheBKN3 @waterblocknyc So long for now...enjoy summer! http://t.co/pPAyKQ1HBX
Sat May 02 21:05:40 +0000 2015,Thaddeus Young Latest Contract News Rumors &amp; Speculation on #Nets F’s Future  http://t.co/Bx9a4kaEYE #sign #ThaddeusYoung #Wolves
Sat May 02 21:02:56 +0000 2015,RT @brooklynNfans: Central Notes :Middleton, Love, Butler http://t.co/bFAVQOvDg9 #Nets #NBA
Sat May 02 21:01:05 +0000 2015,#Castingdirector #Nets #brooklyn #barclayscenter #playoffs - @francy_amy95 #Nets #brooklyn #barclayscenter #playof... http://t.co/zWOB7CEY6v
Sat May 02 21:00:43 +0000 2015,IT'S BROOKLYN BABY! #Nets #brooklyn #barclayscenter #playoffs http://t.co/h8LKZR3ru0
Sat May 02 21:00:02 +0000 2015,RT @brooklynNfans: Central Notes :Middleton, Love, Butler http://t.co/bFAVQOvDg9 #Nets #NBA
Sat May 02 20:58:13 +0000 2015,#nets #brooklyn Nets end disappointing season without clear way to improve: Brooklyn Nets' Brook L... http://t.co/grf526i0Bw #LetsGoNets
Sat May 02 20:58:01 +0000 2015,RT @OwnersBoxNBA: #NBA #StartingFive #Nets
[G] Williams
[G] Bogdanovic
[F] Johnson
[F] Young
[C] Lopez
vs Hawks on Friday
Sat May 02 20:56:41 +0000 2015,#Hawks soar to end #Nets season. Story by @JESchott19, photos by @LolitaLens: http://t.co/ht6eJfYOMZ http://t.co/8aTVyxiUoO
Sat May 02 20:56:19 +0000 2015,Yo! Lichtenstein: D-Will, Nets Turnarounds Get Big Assist  http://t.co/8W0FXx7sVi  #hawks #nets #regularseason
Sat May 02 20:55:10 +0000 2015,Central Notes :Middleton, Love, Butler http://t.co/bFAVQOvDg9 #Nets #NBA
Sat May 02 20:50:35 +0000 2015,TIX http://t.co/OtW5nOs45D A A B 4 #NBA Finals Brooklyn #Nets Home Game 3 5/13 Barclays Center http://t.co/gCOSTgYtQr #Tickets #NBA
Sat May 02 20:45:29 +0000 2015,@SortaDefendBK @Shadyhere He's The Best. THE BEST, I TELL YA! #Nets #FireBillyKing #StopDrinkingVodkaMikhail
Sat May 02 20:42:14 +0000 2015,RT @BrooklynNets RT @bsmart4life: Is it too soon to be excited for 2016 or naaaw? @BrooklynNets #NETSNATION4LIFE #NETS #nets
Sat May 02 20:38:28 +0000 2015,RT @barclayscenter: Thanks for coming out tonight, @levenrambin &amp; @parrack120! #whosinthehouse #Nets #Brooklyn http://t.co/9eCHZDQFbp
Sat May 02 20:37:09 +0000 2015,#BrooklynNets #Nets #Brooklyn Alan Anderson To Decline Player Option For Next Season http://t.co/ONo5BALN08
Sat May 02 20:31:56 +0000 2015,Nets Rally Falls Short in 107-97 Loss to Hawks in Game 5 in Atlanta| http://t.co/jTWFJBHN05 #Nets #NBA
Sat May 02 20:30:22 +0000 2015,#MirzaTeletovic wants to play the #Eurobasket2015 . #Nets #NBA http://t.co/YzZmo7787M
Sat May 02 20:30:09 +0000 2015,Latest On Thaddeus Young, Option Decision http://t.co/aiERxZVJZY #Nets #NBA
Sat May 02 20:28:08 +0000 2015,RT @BrooklynNets: #Nets fall short in game 6, 111-87 http://t.co/D6IJQk8MSx
Sat May 02 20:26:40 +0000 2015,#NBA #Nets - Brooklyn Nets Adidas Gray Swingman Performance Shorts XL:  $65.00End Date:... http://t.co/kM8VeMsatg http://t.co/k33Sm3HFUt
Sat May 02 20:26:40 +0000 2015,#NBA #Nets - BROOKLYN NETS Mitchell &amp; Ness VA98 Woodland Camo Snapback Hat:  $27.99End ... http://t.co/8czUG4abcF http://t.co/k33Sm3HFUt
Sat May 02 20:26:39 +0000 2015,#NBA #Nets - adidas NBA JET  Brooklyn Nets Truth Swingman Jersey Black NWT Large $110: ... http://t.co/ifjcL0seEH http://t.co/k33Sm3HFUt
Sat May 02 20:20:37 +0000 2015,TIX http://t.co/OtW5nOs45D A B 4 #NBA Finals Brooklyn #Nets Home Game 3 5/13 Barclays Center http://t.co/gCOSTgYtQr #Tickets #NBA
Sat May 02 20:16:47 +0000 2015,http://t.co/j5NQre0uRX Adidas Brooklyn Nets Baseball Cap Size 7 3/8 Gray Acrylic/Wool  #Nets http://t.co/9PxXbFlFTf
Sat May 02 20:13:35 +0000 2015,Nets coach on Deron Williams: ‘He’s not a franchise player’ http://t.co/DJK7shGIBc #NBA #Nets http://t.co/JyjR40P31F
