Sun May 03 00:01:44 +0000 2015,Miami takes 5th-round shot on Boise RB Ajayi - Jay Ajayi | MIA - http://t.co/HTl9rki0Xd #Nuggets #NBA
Sun May 03 00:01:43 +0000 2015,Programação da noite: "estudar", assistir tomorrowland, e comer #Nuggets.
Sun May 03 00:01:10 +0000 2015,❤ 🍴
#breakfast #heart #nuggets https://t.co/YJLWHt1JMR
Sat May 02 23:51:53 +0000 2015,RT @NBAMemes: Danilo Gallinari Problems. #Nuggets http://t.co/8x4fMSx1H5
Sat May 02 23:51:36 +0000 2015,#NBA #Nuggets - Youth Large NBA Reebok Denver Nuggets Earl Boykins #11 Jersey sewn stit... http://t.co/NZXtsgOIke http://t.co/k33Sm3HFUt
Sat May 02 23:51:36 +0000 2015,#NBA #Nuggets - ADIDAS Authentic NBA Denver NUGGETS Stretch Fitted HAT Cap size L/XL EU... http://t.co/o9hIdwkJj0 http://t.co/k33Sm3HFUt
Sat May 02 23:51:35 +0000 2015,#NBA #Nuggets - Denver Nuggets Martin Jersey #6 - Size L:  $17.99End Date: Monday Jun-1... http://t.co/o1ssMPt20H http://t.co/k33Sm3HFUt
Sat May 02 23:51:35 +0000 2015,#NBA #Nuggets - Allen Iverson Jersey Denver Nuggets Mens Size Large New:  $52.00End Dat... http://t.co/tUaEWAupg8 http://t.co/k33Sm3HFUt
Sat May 02 23:51:35 +0000 2015,#NBA #Nuggets - Denver Nuggets Kenyon Martin Blue #6 Authentic Jersey Reebok Men's 54 S... http://t.co/ATJf6I9Ice http://t.co/k33Sm3HFUt
Sat May 02 23:36:19 +0000 2015,#nuggets 😍😍😍 https://t.co/JFOyMzEKGi
Sat May 02 23:30:06 +0000 2015,http://t.co/hvEMr29AFD 1974-75 #183 - Dave Robisch - Denver Nuggets - ABA - Topps Bas #Nuggets http://t.co/RJ0SVULuYc
Sat May 02 23:26:42 +0000 2015,See what a Denver Nuggets helmet would look like - http://t.co/Hz1KuhVMzH #Nuggets #NBA
Sat May 02 22:51:40 +0000 2015,James Harden Scores Career-High 50 Points - http://t.co/Mdgv9r28Yg #Nuggets #NBA
Sat May 02 22:40:57 +0000 2015,@ChrisWilliam93 #Nuggets
Sat May 02 22:32:33 +0000 2015,McDonald's with Alyssa! 👍🏼 #nuggets #saturdate #lildiva #lilpunk https://t.co/Hmat0HXD0Z
Sat May 02 22:23:48 +0000 2015,http://t.co/hvEMr29AFD DENVER NUGGETS Boys Basketball Short Sleeved Shirt 100% Cotton #Nuggets http://t.co/iXJirtACc9
Sat May 02 22:19:21 +0000 2015,RT @Nuggets10_fans: Nets Lose Third in a Row as the Celtics Pull Away - http://t.co/6OaxYPFRfs #Nuggets #NBA
Sat May 02 22:16:38 +0000 2015,Nets Lose Third in a Row as the Celtics Pull Away - http://t.co/6OaxYPFRfs #Nuggets #NBA
Sat May 02 22:11:54 +0000 2015,Sitting at chick-fil-a master planning this epic cheat meal #2combos #nuggets #sandwhich #wafflefries #milkshake #cookies #sweettea
Sat May 02 22:02:26 +0000 2015,Приготовил #наггетсы, получилось #агонь #cooking #may #nuggets #mcdonaldsnetort http://t.co/1d3rhEdv6H
Sat May 02 21:44:49 +0000 2015,#NBA #Nuggets - Denver Nuggets Action Figure Complete Set SGA 2014/15:  $100.00End Date... http://t.co/bKtOz0Fwap http://t.co/k33Sm3HFUt
Sat May 02 21:44:48 +0000 2015,#NBA #Nuggets - Allen iverson jersey Denver nuggets xl:  $19.99End Date: Tuesday May-12... http://t.co/Yyrw8DJNSz http://t.co/k33Sm3HFUt
Sat May 02 21:30:05 +0000 2015,Lunch break!!! #McDonalds #FastMetabolism #ImLiovinIt #Nuggets #Cheeseburgers #frenchFries… https://t.co/A5DBesJn1q http://t.co/J0hIYl40Gr
Sat May 02 21:28:58 +0000 2015,http://t.co/hvEMr29AFD The Midwest Division: The Dallas Mavericks, the Denver Nuggets #Nuggets http://t.co/vKINiUmBHh
Sat May 02 21:25:14 +0000 2015,RT @Nuggets10_fans: Nuggets 2012/13 - http://t.co/lCOyqgbyYb #Nuggets #NBA
Sat May 02 21:09:29 +0000 2015,http://t.co/hvEMr29AFD Denver nuggets maroon and navy blue authentic NBA puma athleti #Nuggets http://t.co/woqFRhs9zv
Sat May 02 21:06:34 +0000 2015,Nuggets 2012/13 - http://t.co/lCOyqgbyYb #Nuggets #NBA
Sat May 02 20:19:38 +0000 2015,#aquamarine#tumble #nuggets #plain#using #in #necklace #bracelets #earrings #handmade #jewels… https://t.co/J82QWyRYxO
Sat May 02 20:11:50 +0000 2015,Why Sports Matter - http://t.co/tV8dtWlvh3 #Nuggets #NBA
Sat May 02 20:05:23 +0000 2015,http://t.co/hvEMr29AFD CARMELO ANTHONY Denver Nuggets t-shirt size Medium  #Nuggets http://t.co/mTR321dps1
Sat May 02 19:59:58 +0000 2015,RT @Nuggets10_fans: 2015 NBA Playoffs Open Thread :Nets vs Hawks, Blazers vs Grizzlies - http://t.co/FVwcnWLKtq #Nuggets #NBA
Sat May 02 19:56:53 +0000 2015,Where ever you go, there you are. -Mike Sims The only way to change things is to change YOU.  -me #zijaregional #nuggets
Sat May 02 19:54:57 +0000 2015,You're identity should be so secure than when people walk away, you don't leave with them. -Mike Sims. #truth #zijaregional #nuggets
Sat May 02 19:49:48 +0000 2015,@Carvana 1Tweet4 @DenverNuggetsX2, Follow #Nuggets News, Player Tweets, UTubes, Stats &amp; More! Visit http://t.co/hvEMr29AFD RT!
Sat May 02 19:48:44 +0000 2015,http://t.co/hvEMr29AFD [Pickaxe And Roll] - NBA Playoffs: Game 7 awaits, and I'm sick #Nuggets http://t.co/b9jd2lMD6d
Sat May 02 19:36:47 +0000 2015,2015 NBA Playoffs Open Thread :Nets vs Hawks, Blazers vs Grizzlies - http://t.co/FVwcnWLKtq #Nuggets #NBA
Sat May 02 19:30:20 +0000 2015,RT @jessicajaymes: Lunch break!!! #McDonalds #FastMetabolism #ImLiovinIt #Nuggets #Cheeseburgers #frenchFries… https://t.co/qp6tXmqIYn
Sat May 02 19:16:17 +0000 2015,http://t.co/EEkB0NdMH9: Nuggets @ Dallas -- March 22, 2014 http://t.co/yoNE57ifll #dallas #march #mavericks #nuggets
Sat May 02 19:08:20 +0000 2015,#denvernuggets #Nuggets #Denver NBA Playoffs: Game 7 awaits, and I'm sick of the Spurs http://t.co/URDPnB1bVI
Sat May 02 19:01:45 +0000 2015,Lakers / Heat Stoke NBA '12-13 - http://t.co/werJ2PCKMT #Nuggets #NBA
Sat May 02 18:51:34 +0000 2015,Gotti loves #chicken #nuggets #pets #food #Kingmondotv  #BADDASS https://t.co/2Vr11GZuz2
Sat May 02 18:41:58 +0000 2015,RT @jessicajaymes: Lunch break!!! #McDonalds #FastMetabolism #ImLiovinIt #Nuggets #Cheeseburgers #frenchFries… https://t.co/qp6tXmqIYn
Sat May 02 18:41:28 +0000 2015,http://t.co/hvEMr29AFD 2014-15 Panini Prestige Basketball - Denver Nuggets Lot - McGe #Nuggets http://t.co/9u1RDPCmu0
Sat May 02 18:36:59 +0000 2015,¡A comer algo! #nuggets http://t.co/XE2yiOuv4S
Sat May 02 18:33:48 +0000 2015,Benditos #sabados #relax #cerveza @mundocerveza @ohcerveza  #tapa #nuggets #pollocrujiente @mahou_es http://t.co/TflsUW0iWO
Sat May 02 18:32:04 +0000 2015,Ok Alex and his little sister are so sweet....@BumSauceNorth #nuggets
Sat May 02 18:29:23 +0000 2015,Last weekend in the city! Already said good bye to one nugget, not ready to leave them! #conservatorylife #bffs #nuggets #love
Sat May 02 18:25:32 +0000 2015,#TotalExperience #Takeaway #Nuggets 5. We are not just lost and found, we were found and now we are finding others.
Sat May 02 18:21:16 +0000 2015,#TotalExperience #Takeaway #Nuggets 3. Jesus declares " I came that you not just have life but to enjoy it and have it more abundantly"
Sat May 02 18:17:10 +0000 2015,Photo: Not happy to be at the vet the other day. #nuggets @eallyse @nickles05 http://t.co/Ickrazf2w6
Sat May 02 18:16:35 +0000 2015,#TotalExperience #Takeaway #Nuggets 4.We are of God and have overcome the them because greater is he that is in us than he thats in the wrld
Sat May 02 18:16:18 +0000 2015,#NBA #Nuggets - Mitchell &amp; Ness Hardwood Classics Carmelo Anthony Denver Nuggets 1998-0... http://t.co/iadVSqbwyw http://t.co/k33Sm3HFUt
Sat May 02 18:15:24 +0000 2015,#Gusanos #Plástico y #CarnePodrida en #Nuggets #McPollo #McDonalds http://t.co/aKUQdGHTX5
Sat May 02 18:10:12 +0000 2015,#TotalExperience #Takeaway #Nuggets 2. We are Light made by God, where so ever we enter, we Shine!
Sat May 02 18:08:53 +0000 2015,#TotalExperience #Takeaway #Nuggets 1. We are water and fire proof made by God, he brandishes us for any trials to prove his work!
Sat May 02 18:03:34 +0000 2015,http://t.co/EEkB0NdMH9: Kobe falls down while #imitating Jordan http://t.co/mPTq46h5lN #denver #jordan #kobe #nuggets
Sat May 02 18:03:09 +0000 2015,Lunch break!!! #McDonalds #FastMetabolism #ImLiovinIt #Nuggets #Cheeseburgers #frenchFries… https://t.co/qp6tXmqIYn
Sat May 02 17:58:06 +0000 2015,http://t.co/hvEMr29AFD Denver Nuggets NBA Ponytail Holder  #Nuggets http://t.co/Vwu7roYNve
Sat May 02 17:51:41 +0000 2015,Rams make Sean Mannion fourth QB off board - Sean Mannion | STL - http://t.co/xySRKf6vg9 #Nuggets #NBA
Sat May 02 17:34:26 +0000 2015,http://t.co/hvEMr29AFD Mens Denver Nuggets Blue S/S Shirt Size M  #Nuggets http://t.co/fqHSB80OOj
Sat May 02 17:21:32 +0000 2015,RT @Nuggets10_fans: Denver Nuggets should chase LaMarcus Aldridge or target D'Angelo Russell in rebuild - http://t.co/NbnYBwpj2l #Nuggets #…
Sat May 02 17:20:13 +0000 2015,http://t.co/hvEMr29AFD [Bloguin: NBA Draft Blog] - Sacramento Kings: Solidifying At T #Nuggets http://t.co/VyZhtMObIE
Sat May 02 17:16:39 +0000 2015,Denver Nuggets should chase LaMarcus Aldridge or target D'Angelo Russell in rebuild - http://t.co/NbnYBwpj2l #Nuggets #NBA
Sat May 02 17:11:56 +0000 2015,#NBA #Nuggets - Carmelo Anthony #15 Denver Nuggets Nike NBA Stitched Blue and White Jer... http://t.co/sKoR79P3dM http://t.co/k33Sm3HFUt
Sat May 02 17:11:56 +0000 2015,#NBA #Nuggets - Nuggets Iverson Jersey Sz. M:  $35.00End Date: Sunday May-31-2015 21:33... http://t.co/FFI3Nz287A http://t.co/k33Sm3HFUt
Sat May 02 17:11:56 +0000 2015,#NBA #Nuggets - Denver Nuggets Carmelo Anthony # 15 Swingman Adidas Jersey Sz M Stitche... http://t.co/r1lkCEbpRh http://t.co/k33Sm3HFUt
Sat May 02 17:11:56 +0000 2015,#NBA #Nuggets - Denver Nuggets Majestic Hardwood Classics Throwback Jersey Sz M 90’s : ... http://t.co/cUnmhLIEWl http://t.co/k33Sm3HFUt
Sat May 02 17:11:55 +0000 2015,#NBA #Nuggets - Denver Nuggets Adidas #13 Smith jersey size 44:  $25.99End Date: Monday... http://t.co/sgqf5pQUDL http://t.co/k33Sm3HFUt
Sat May 02 16:59:16 +0000 2015,"Feet never tasted so good" kyha98 #trotter #nuggets #baolondon @bao_london #foodstagram #nofilter… https://t.co/oSpE7ZKduu
Sat May 02 16:43:59 +0000 2015,@CinsinJay Top #nuggets influencer! Want to declutter you inbox quickly? Unroll.Me can help: http://t.co/toPWsOOyN7
Sat May 02 16:30:01 +0000 2015,Da soli o in compagnia, sono un #musthave del week end mangereccio! #nuggets #lericettedimisya 
http://t.co/0cyIFbV1G9
Sat May 02 16:27:06 +0000 2015,http://t.co/hvEMr29AFD 2014-15 Donruss #8 JaVale McGee - Denver Nuggets  #Nuggets http://t.co/exVYVoWg7F
Sat May 02 16:18:05 +0000 2015,Música Nueva! @congasbbq #comidarápida #selfservice #hamburgesa #perrocaliente #nuggets #granjero #papasfritas... http://t.co/CsKhoucpWj
Sat May 02 15:47:25 +0000 2015,^ #Sepatu dan #Nuggets | just follow @sagalayaishop | PIN:283B2166 WA:081315410105 | check BIO for order http://t.co/js7cxqvAap
Sat May 02 15:41:14 +0000 2015,#NP "Lies" des Knickerboxers par Nancy #Nuggets Sinatra #Dailysong https://t.co/nQlW777pNT
Sat May 02 15:31:33 +0000 2015,Grizzlies even series 1-1, beat Clippers 105-98 - http://t.co/IMElnxAH4V #Nuggets #NBA
Sat May 02 15:28:16 +0000 2015,RT @DenverNuggetsX2: @eduagraespn 1Tweet4 @DenverNuggetsX2, Follow #Nuggets News, Player Tweets, UTubes, Stats &amp; More! Visit http://t.co/hv…
Sat May 02 15:24:06 +0000 2015,#ThraxDaDon Coins MaKe Noise, Bills are Silent. #nuggets of wisdom http://t.co/xy2VTSHJ4Q
Sat May 02 15:23:06 +0000 2015,http://t.co/hvEMr29AFD DENVER NUGGETS NBA SWEAT SHIRT HOODIE  #Nuggets http://t.co/FABkqDCNF6
Sat May 02 15:07:41 +0000 2015,RT @CinsinJay: @ThraxDaDon    Coins MaKe  Noise, Bills are Silent.  #nuggets of wisdom
Sat May 02 14:59:58 +0000 2015,@daftar_RESELLER Leading the way in #nuggets! Tired of unwanted subscription emails? Try Unroll.Me: http://t.co/toPWsOOyN7
Sat May 02 14:50:17 +0000 2015,RT @CinsinJay: @ThraxDaDon    Coins MaKe  Noise, Bills are Silent.  #nuggets of wisdom
Sat May 02 14:40:25 +0000 2015,^ #Sepatu dan #Nuggets | just follow @sagalayaishop | PIN:283B2166 WA:081315410105 | check BIO for order http://t.co/ash5nYOAbB
Sat May 02 14:16:22 +0000 2015,@richava 1Tweet4 @DenverNuggetsX2, Follow #Nuggets News, Player Tweets, UTubes, Stats &amp; More! Visit http://t.co/hvEMr29AFD RT!
Sat May 02 14:10:00 +0000 2015,Iowa meeting kick off!  #nuggets @Joymichelleglen @AllAmericanHear http://t.co/chaqq747PY
Sat May 02 13:59:54 +0000 2015,http://t.co/hvEMr29AFD Denver Nuggets Hardwood Classics Fitted Hat 7-5/8 New Era Nba  #Nuggets http://t.co/wGHwynGj2e
Sat May 02 13:52:10 +0000 2015,* #Sepatu dan #Nuggets | just follow @sagalayaishop | PIN:283B2166 WA:081315410105 | check BIO for order http://t.co/ash5nYOAbB
Sat May 02 13:52:09 +0000 2015,RT @Nuggets10_fans: James Harden Scores Career-High 50 Points - http://t.co/Mdgv9r28Yg #Nuggets #NBA
Sat May 02 13:51:38 +0000 2015,RT @Nuggets10_fans: dedman's Final 2012 NBA Mockery - http://t.co/iDglhjgAsc #Nuggets #NBA
Sat May 02 13:50:21 +0000 2015,RT @Nuggets10_fans: Knicks Become the First Team to Lose 50 Games This Season - http://t.co/5YWoE094wy #Nuggets #NBA
Sat May 02 13:50:04 +0000 2015,Nets Lose Third in a Row as the Celtics Pull Away - http://t.co/lJImexwo1h #Nuggets #NBA http://t.co/wTWF9pW0RV
Sat May 02 13:49:29 +0000 2015,RT @Nuggets10_fans: Andrew Wiggins named NBA Rookie of the Year, Nuggets Jusuf Nurkic claims one vote - http://t.co/FGlqHcjPjy #Nuggets #NBA
Sat May 02 13:45:51 +0000 2015,RT @Nuggets10_fans: Nuggets' offseason plans - http://t.co/uUrWsdX6Hf #Nuggets #NBA
Sat May 02 13:44:03 +0000 2015,RT @Nuggets10_fans: Nets Lose Third in a Row as the Celtics Pull Away - http://t.co/6OaxYPFRfs #Nuggets #NBA
Sat May 02 13:36:25 +0000 2015,# #Sepatu dan #Nuggets | just follow @sagalayaishop | PIN:283B2166 WA:081315410105 | check BIO for order http://t.co/ash5nYOAbB
Sat May 02 13:31:56 +0000 2015,@postingreseller Leading the way in #nuggets! Tired of unwanted subscription emails? Try Unroll.Me: http://t.co/toPWsOOyN7
Sat May 02 13:26:43 +0000 2015,New Denver Nuggets Rumors. Friday, May 1 2015 - http://t.co/viXZYF1gCd #Nuggets #NBA
Sat May 02 13:21:25 +0000 2015,# #Sepatu dan #Nuggets | just follow @sagalayaishop | PIN:283B2166 WA:081315410105 | check BIO for order http://t.co/cOikCwSUEP
Sat May 02 12:51:20 +0000 2015,Ptit mcdo ce midi 👌 #M #bacon #nuggets #sprite #mcfllury #oreo #caramel
Sat May 02 12:43:47 +0000 2015,http://t.co/EEkB0NdMH9: Inside the NBA: EJ's Neat O Stat |... http://t.co/a1OvojYtm3 #denver #february #inside #neat #nuggets #stat
