Sun May 03 00:04:36 +0000 2015,#NBA CHANNING FRYE 2014-15 Panini GOLD STANDARD Black #'d 25/25 #OrlandoMagic http://t.co/Qy6W26dplD #Card #Cards
Sat May 02 23:55:34 +0000 2015,L #NBA 1992 - 1993 Fleer #ShaquilleONeal #OrlandoMagic #401 #Basketball Card #Card #Cards http://t.co/xQh6sxqIXO
Sat May 02 23:50:04 +0000 2015,L #Basketball #Magic Anfernee "Penny" Hardaway #OrlandoMagic Swingman #Jersey Vintage, Men size M, NWT #Auction… http://t.co/JJavsKzUGM
Sat May 02 23:49:16 +0000 2015,#Basketball #Magic #OrlandoMagic New Era 59Fifty NBA Hardwood Classics NEFS Fitted FlatBill #Hat Cap http://t.co/TkDZbaMWvr #Auction #Cheap
Sat May 02 23:49:16 +0000 2015,#NBA #OrlandoMagic 2014-15 IMMACULATE CASE GRAB BAG 5X INDEX CARD BREAK http://t.co/N7btFWbupN #Card #Cards
Sat May 02 23:49:15 +0000 2015,#NBA #Magic #OrlandoMagic New Era 59Fifty NBA Hardwood Classics NEFS Fitted FlatBill #Hat Cap http://t.co/7A2U6U5ZHh #Bargains #Forsale
Sat May 02 23:46:26 +0000 2015,#NBA #OrlandoMagic - Orlando Magic New Era 59Fifty NBA Hardwood Classics NEFS Fitted Fl... http://t.co/fE5f7BFUzY http://t.co/k33Sm3HFUt
Sat May 02 23:46:25 +0000 2015,#NBA #OrlandoMagic - Orlando Magic Shirt XL Blue Sixth-Man 6 Ignite Playoffs Basketball... http://t.co/5wIvFLK3AQ http://t.co/k33Sm3HFUt
Sat May 02 23:45:06 +0000 2015,#NBA NBA #OrlandoMagic Shaquille O'Neal Vintage #Jersey http://t.co/PxrCE2ZGmp #BestSeller #Deals
Sat May 02 23:40:07 +0000 2015,L #NBA Aaron Gordon RC #OrlandoMagic 2014-15 Prestige #164 #Card #Cards http://t.co/KjuII7h5q9
Sat May 02 23:37:06 +0000 2015,#OrlandoMagic #Orlando #gomagic #Magic New Orlando Magic Rumors. Saturday, May 2 2015 http://t.co/Q1fSHVtH1K
Sat May 02 23:35:06 +0000 2015,L #Basketball #Magic #OrlandoMagic BASKETBALL FAN NOISE MAKER LOT #Auction #Cheap http://t.co/67ouKRxTy1
Sat May 02 23:32:12 +0000 2015,#NBA #OrlandoMagic 2014-15 IMMACULATE CASE 5X Index Card TEAM BREAK 14/15 Panini http://t.co/pVGH51ZLRu #Card #Cards
Sat May 02 23:32:12 +0000 2015,#Basketball #Magic #OrlandoMagic Shirt XL Blue Sixth-Man 6 Ignite Playoffs Basketball NBA FL Gordon http://t.co/3S4fn7lBXj #Auction #Cheap
Sat May 02 23:32:11 +0000 2015,#NBA #Magic #OrlandoMagic Shirt XL Blue Sixth-Man 6 Ignite Playoffs #Basketball NBA FL Gordon http://t.co/Cy0nSjPiWS #Bargains #Forsale
Sat May 02 23:16:41 +0000 2015,#NBA 1992 - 1993 Fleer #ShaquilleONeal #OrlandoMagic #401 #Basketball Card http://t.co/3vOSOEf1Ug #Card #Cards
Sat May 02 23:16:40 +0000 2015,#Basketball #Magic Anfernee "Penny" Hardaway #OrlandoMagic Swingman #Jersey Vintage, Men size M, NWT http://t.co/t0y9JL6AQY #Auction #Cheap
Sat May 02 23:00:07 +0000 2015,#NBA Aaron Gordon RC #OrlandoMagic 2014-15 Prestige #164 http://t.co/NQ04mWFd6v #Card #Cards
Sat May 02 23:00:07 +0000 2015,#Basketball #Magic #OrlandoMagic BASKETBALL FAN NOISE MAKER LOT http://t.co/eEarQDA8Ux #Auction #Cheap
Sat May 02 23:00:06 +0000 2015,#NBA #Magic Champion #OrlandoMagic Penny Hardaway # 1 NBA #Basketball #Jersey Sz 52 http://t.co/quEO6StEj0 #Bargains #Forsale
Sat May 02 22:56:37 +0000 2015,#NBA Nba Vintage Anfernee Hadaway #1 #OrlandoMagic Champion #Jersey Size Adult 44 http://t.co/HsRrQ7cdzx #BestSeller #Deals
Sat May 02 22:55:34 +0000 2015,At http://t.co/W6jKxVre98 -- #chicagobulls #dabulls #hisairness #TomThibodeau #Bulls #ChicagoBulls #OrlandoMagic … http://t.co/xZhFQmOd0D
Sat May 02 22:54:08 +0000 2015,L L #NBA 2013-14 Elite Dwight Howard Back to the Future GU Jersey #OrlandoMagic Free S #Card #Cards http://t.co/yTmYl75YVr
Sat May 02 22:44:05 +0000 2015,#NBA 1994-95 Flair #Basketball - Scoring Power - #ShaquilleONeal - #OrlandoMagic http://t.co/8DCx6Ik19y #Card #Cards
Sat May 02 22:44:04 +0000 2015,#NBA #Magic #OrlandoMagic #Basketball FAN NOISE MAKER LOT http://t.co/oE745JAvDj #Bargains #Forsale
Sat May 02 22:41:34 +0000 2015,#OrlandoMagic Report: Magic may be delaying search because of Tom Thibodeau http://t.co/SkHccSa1XD #SportsRoadhouse
Sat May 02 22:40:36 +0000 2015,#NBA Tracy McGrady VINTAGE Stitched #OrlandoMagic Swingman #Jersey Mens Size 2XL + 2 http://t.co/PKU3U7QVqx #BestSeller #Deals
Sat May 02 22:37:07 +0000 2015,#OrlandoMagic #Orlando #gomagic #Magic Northwest Notes: Donovan, Matthews, Durant http://t.co/O5hQmOsGuG
Sat May 02 22:28:38 +0000 2015,#NBA #ShaquilleONeal 1994-95 Topps Stadium Club Destiny Card #7B-#OrlandoMagic-Shaq http://t.co/17dPi8xIKD #Card #Cards
Sat May 02 22:28:37 +0000 2015,#Basketball #Magic Champion #OrlandoMagic Penny Hardaway # 1 NBA Basketball #Jersey Sz 52 http://t.co/Vzpq4x6VOh #Auction #Cheap
Sat May 02 22:28:37 +0000 2015,#NBA #Magic Anfernee "Penny" Hardaway #OrlandoMagic Swingman #Jersey Vintage, Men size M, NWT http://t.co/MaglLyawlS #Bargains #Forsale
Sat May 02 22:26:06 +0000 2015,#OrlandoMagic secure #NBA Draft Lottery odds http://t.co/6dXFKfS9jD
Sat May 02 22:21:07 +0000 2015,L #NBA 2013-14 Elite Dwight Howard Back to the Future GU Jersey #OrlandoMagic Free S #Card #Cards http://t.co/lIl5cAjnmT
Sat May 02 22:12:08 +0000 2015,#NBA 1990-91 NBA Fleer Nick Anderson Card - #OrlandoMagic http://t.co/A6966YXzmx #Card #Cards
Sat May 02 22:10:07 +0000 2015,L #Basketball #Magic #OrlandoMagic #Snapback #Hat #Auction #Cheap http://t.co/xfzz0NoIu1
Sat May 02 22:03:11 +0000 2015,L #NBA #Magic #OrlandoMagic NBA WINBREAKER #Jacket by STARTER MENS LARGE #Bargains #Forsale http://t.co/MFnwdCx2Dg
Sat May 02 21:55:13 +0000 2015,#NBA 1990 SKYBOX #OrlandoMagic INAUGURAL SEASON TEAM #Basketball CARD SET http://t.co/ndEOsVTpZP #Card #Cards
Sat May 02 21:52:06 +0000 2015,L #NBA Mad Magazine #333 Jan/Feb 1995 #ShaquilleONeal #OrlandoMagic AND 33 MAD CARDS #Card #Cards http://t.co/LuoYC2u74w
Sat May 02 21:41:05 +0000 2015,L #NBA #Magic Dwight Howard #OrlandoMagic Adidas Swingman NBA #Jersey Sewn Large 100% Genuine #Bargains #Forsale http://t.co/JmB37ABCaq
Sat May 02 21:40:34 +0000 2015,#OrlandoMagic The pace of the Magic's coaching search may revolve around Tom Thibodeau http://t.co/pG4JJkr3nj #SportsRoadhouse
Sat May 02 21:40:33 +0000 2015,#OrlandoMagic Evaluating Nikola Vucevic's 2014-15 season http://t.co/Avsa8roGtI #SportsRoadhouse
Sat May 02 21:39:06 +0000 2015,#Basketball #Magic Dwight Howard #OrlandoMagic Adidas Swingman NBA #Jersey Sewn Large 100% Genuine http://t.co/aRwjzVuLnu #Auction #Cheap
Sat May 02 21:39:06 +0000 2015,#NBA #Magic #OrlandoMagic #Snapback #Hat http://t.co/KHEHUVeLVB #Bargains #Forsale
Sat May 02 21:39:06 +0000 2015,#NBA #OrlandoMagic - Orlando Magic Snapback Hat:  $19.00End Date: Monday Jun-1-2015 14:... http://t.co/XdvXn8mb7K http://t.co/k33Sm3HFUt
Sat May 02 21:39:05 +0000 2015,#NBA #OrlandoMagic - Dwight Howard Orlando Magic Adidas Swingman NBA Jersey Sewn Large ... http://t.co/6ZSjI2Nusu http://t.co/k33Sm3HFUt
Sat May 02 21:39:05 +0000 2015,#NBA #OrlandoMagic - NBA ORLANDO MAGIC BASEBALL HAT ADIDAS FITTED:  $3.50End Date: Satu... http://t.co/dIcQJG9KAg http://t.co/k33Sm3HFUt
Sat May 02 21:38:34 +0000 2015,#NBA 2013-14 Elite Dwight Howard Back to the Future GU Jersey #OrlandoMagic Free S http://t.co/Yqf9Sau09H #Card #Cards
Sat May 02 21:25:35 +0000 2015,L #NBA #Magic NBA #OrlandoMagic BASEBALL #Hat ADIDAS FITTED #Bargains #Forsale http://t.co/hgyYhDmo0x
Sat May 02 21:23:06 +0000 2015,#NBA #ShaquilleONeal 1996 SCORE BOARD 1/1 All Sport PPF Shaq #OrlandoMagic #1 Back http://t.co/BEMXqN0IuD #Card #Cards
Sat May 02 21:23:05 +0000 2015,#Basketball #Magic #OrlandoMagic #Snapback #Hat http://t.co/iYWYChBt7p #Auction #Cheap
Sat May 02 21:23:04 +0000 2015,#NBA #Magic #OrlandoMagic NBA WINBREAKER #Jacket by STARTER MENS LARGE http://t.co/ISNQp4KZKI #Bargains #Forsale
Sat May 02 21:07:18 +0000 2015,#NBA Mad Magazine #333 Jan/Feb 1995 #ShaquilleONeal #OrlandoMagic AND 33 MAD CARDS http://t.co/wwh808PZh8 #Card #Cards
Sat May 02 21:07:17 +0000 2015,#Basketball #Magic #OrlandoMagic NBA WINBREAKER #Jacket by STARTER MENS LARGE http://t.co/MUl3QLOFLn #Auction #Cheap
Sat May 02 21:07:17 +0000 2015,#NBA #Magic Dwight Howard #OrlandoMagic Adidas Swingman NBA #Jersey Sewn Large 100% Genuine http://t.co/ud189L6Pdh #Bargains #Forsale
Sat May 02 21:04:35 +0000 2015,#NBA Dwight Howard #OrlandoMagic Adidas Swingman NBA #Jersey Sewn Large 100% Genuine http://t.co/DH5j56t8Er #BestSeller #Deals
Sat May 02 21:04:08 +0000 2015,#OrlandoMagic The pace of the Magic's coaching search may revolve around Tom Thibodeau http://t.co/32fWLSycQx #SportsRoadhouse
Sat May 02 21:04:07 +0000 2015,#OrlandoMagic Evaluating Nikola Vucevic's 2014-15 season http://t.co/HOoPeHHqQb #SportsRoadhouse
Sat May 02 20:59:35 +0000 2015,L #NBA Tracy Mcgrady Mens Vintage Nike Pinstripe #OrlandoMagic Swingman #Jersey Sz M #BestSeller #Deals http://t.co/FPSiXl5AQM
Sat May 02 20:54:08 +0000 2015,L L A #NBA #Magic #OrlandoMagic PRIMARY TEAM LOGO EMBLEM #Jersey PATCH #Bargains #Forsale http://t.co/E9D0XAAT7a
Sat May 02 20:52:09 +0000 2015,#Basketball #Magic NBA #OrlandoMagic BASEBALL #Hat ADIDAS FITTED http://t.co/c1TycC02t4 #Auction #Cheap
Sat May 02 20:52:09 +0000 2015,#NBA #Magic NBA #OrlandoMagic BASEBALL #Hat ADIDAS FITTED http://t.co/N8CKc4Fezz #Bargains #Forsale
Sat May 02 20:44:04 +0000 2015,#OrlandoMagic Where you pick in the NBA Draft matters http://t.co/eNeL9EniuS #SportsRoadhouse
Sat May 02 20:38:38 +0000 2015,L L #NBA #Magic #OrlandoMagic-#Basketball Pin #Bargains #Forsale http://t.co/ZWnkhrhPM0
Sat May 02 20:37:10 +0000 2015,#OrlandoMagic #Orlando #gomagic #Magic Eastern Notes: Magic, Celtics, Middleton http://t.co/6VJx85iZWR
Sat May 02 20:35:49 +0000 2015,#NBA #OrlandoMagic - Tracy Mcgrady Mens Vintage Nike Pinstripe Orlando Magic Swingman J... http://t.co/Z9md8tIRIn http://t.co/k33Sm3HFUt
Sat May 02 20:35:48 +0000 2015,#NBA #OrlandoMagic - Dwight Howard Orlando Magic Adidas Jersey Size L Brand New NWT:  $... http://t.co/ntO98iqpP1 http://t.co/k33Sm3HFUt
Sat May 02 20:20:07 +0000 2015,#Basketball #Magic Tracy Mcgrady Mens Vintage Nike Pinstripe #OrlandoMagic Swingman #Jersey Sz M http://t.co/yFzinUlYaD #Auction #Cheap
Sat May 02 20:20:07 +0000 2015,#NBA #Magic Tracy Mcgrady Mens Vintage Nike Pinstripe #OrlandoMagic Swingman #Jersey Sz M http://t.co/v2nobuZt0t #Bargains #Forsale
Sat May 02 20:20:06 +0000 2015,#NBA 1992-93 Skybox #ShaquilleONeal RC #382 #OrlandoMagic http://t.co/akdDOOeAhd #Card #Cards
Sat May 02 20:17:04 +0000 2015,#NBA Tracy Mcgrady Mens Vintage Nike Pinstripe #OrlandoMagic Swingman #Jersey Sz M http://t.co/53FpdJbYPD #BestSeller #Deals
Sat May 02 20:16:09 +0000 2015,L A #NBA #Magic #OrlandoMagic PRIMARY TEAM LOGO EMBLEM #Jersey PATCH #Bargains #Forsale http://t.co/p2Oiir5hxd
Sat May 02 20:16:07 +0000 2015,@evanfourmizz #puremagic #orlandomagic https://t.co/uNJg1zEPyJ
Sat May 02 20:11:05 +0000 2015,L A #NBA DWIGHT HOWARD #OrlandoMagic MINI REPLICA JERSEY SEALED #Card #Cards http://t.co/bgMKhWClL6
Sat May 02 20:04:46 +0000 2015,Noticed at least three guys named Shaq on the #NFLDraft ticker. Has to be related to @SHAQ's emergence 21 years ago. #nba #orlandomagic
Sat May 02 20:04:35 +0000 2015,#Basketball #Magic Dwight Howard #OrlandoMagic Adidas #Jersey Size L Brand New NWT http://t.co/meyESIUNcC #Auction #Cheap
Sat May 02 20:04:35 +0000 2015,#NBA #Magic Dwight Howard #OrlandoMagic Adidas #Jersey Size L Brand New NWT http://t.co/acxuBQQorD #Bargains #Forsale
Sat May 02 20:01:36 +0000 2015,#NBA Dwight Howard #OrlandoMagic Adidas #Jersey Size L Brand New NWT http://t.co/aJyZj9FTQ6 #BestSeller #Deals
Sat May 02 19:59:36 +0000 2015,L #NBA #Magic #OrlandoMagic-#Basketball Pin #Bargains #Forsale http://t.co/se7GvnYdh2
Sat May 02 19:55:12 +0000 2015,L #NBA 1994 Classic #14 Anfernee Hardaway All Rookie Team - #OrlandoMagic #Card #Cards http://t.co/jOdi7KCE6u
Sat May 02 19:32:37 +0000 2015,#NBA Marquette Golden Eagles &amp; #OrlandoMagic Signed Gear Travis Diener http://t.co/kAiWNGDIZh #Card #Cards
Sat May 02 19:32:36 +0000 2015,#Basketball #Magic MEN'S NBA #OrlandoMagic DWIGHT HOWARD #12 STITCHED #Jersey SIZE MEDIUM MINT! http://t.co/gDtKz8vV9s #Auction #Cheap
Sat May 02 19:32:36 +0000 2015,#NBA #Magic MEN'S NBA #OrlandoMagic DWIGHT HOWARD #12 STITCHED #Jersey SIZE MEDIUM MINT! http://t.co/YKv7NkUgRP #Bargains #Forsale
Sat May 02 19:30:06 +0000 2015,#NBA MEN'S NBA #OrlandoMagic DWIGHT HOWARD #12 STITCHED #Jersey SIZE MEDIUM MINT! http://t.co/qRHMGDKfdk #BestSeller #Deals
Sat May 02 19:29:35 +0000 2015,L L L #NBA #Magic #OrlandoMagic PRIMARY TEAM LOGO EMBLEM #Jersey PATCH #Bargains #Forsale http://t.co/Df9OCdzwNN
Sat May 02 19:19:07 +0000 2015,L L L #NBA DWIGHT HOWARD #OrlandoMagic MINI REPLICA JERSEY SEALED #Card #Cards http://t.co/xlYSFm9B1e
Sat May 02 19:13:36 +0000 2015,L #NBA #Magic Petersens Pro #Basketball Magazine Shaq Shaquille O'neal Nba #OrlandoMagic #Bargains #Forsale http://t.co/An9wlAOQfZ
Sat May 02 19:01:14 +0000 2015,#Basketball #Magic Petersens Pro Basketball Magazine Shaq Shaquille O'neal Nba #OrlandoMagic http://t.co/huE1ihwNmz #Auction #Cheap
Sat May 02 19:01:14 +0000 2015,#NBA #Magic #OrlandoMagic-#Basketball Pin http://t.co/bdyLGTIZNm #Bargains #Forsale
Sat May 02 19:01:13 +0000 2015,#NBA 1994 Classic #14 Anfernee Hardaway All Rookie Team - #OrlandoMagic http://t.co/XyXkYALq9F #Card #Cards
Sat May 02 18:46:10 +0000 2015,#OrlandoMagic secure #NBA Draft Lottery odds http://t.co/AB1IPYkboW
Sat May 02 18:45:09 +0000 2015,#Basketball #Magic Beckett Future Stars Shaq Shaquille O'neal Lsu #OrlandoMagic Nba College http://t.co/0zOvwwKo7b #Auction #Cheap
Sat May 02 18:45:08 +0000 2015,#NBA #Magic Beckett Future Stars Shaq Shaquille O'neal Lsu #OrlandoMagic Nba College http://t.co/An2fbip1G6 #Bargains #Forsale
Sat May 02 18:45:07 +0000 2015,#NBA 1992 - 1993 Upper Deck #ShaquilleONeal #OrlandoMagic Draft #1B #Basketball Card http://t.co/l6qDg1CrNN #Card #Cards
Sat May 02 18:43:13 +0000 2015,#NBA Tracy Mcgrady Mens Vintage Nike Pinstripe #OrlandoMagic Swingman #Jersey Sz XL http://t.co/WUWk63eJwZ #BestSeller #Deals
Sat May 02 18:43:13 +0000 2015,L L #NBA #Magic #OrlandoMagic PRIMARY TEAM LOGO EMBLEM #Jersey PATCH #Bargains #Forsale http://t.co/MMgSl5qWUN
Sat May 02 18:37:10 +0000 2015,L L #NBA DWIGHT HOWARD #OrlandoMagic MINI REPLICA JERSEY SEALED #Card #Cards http://t.co/Kf5zvdp7KP
Sat May 02 18:29:40 +0000 2015,#Basketball #Magic #OrlandoMagic-Basketball Pin http://t.co/MdfqGv9fmP #Auction #Cheap
Sat May 02 18:29:39 +0000 2015,#NBA #Magic Petersens Pro #Basketball Magazine Shaq Shaquille O'neal Nba #OrlandoMagic http://t.co/Wta3yzB4VD #Bargains #Forsale
Sat May 02 18:29:37 +0000 2015,#NBA 2014-15 Panini Hoops #Basketball - Aaron Gordon RC #264 - #OrlandoMagic http://t.co/WRMZkxG7hI #Card #Cards
Sat May 02 18:27:56 +0000 2015,#NBA #OrlandoMagic - Orlando Magic-Basketball Pin:  $4.50End Date: Monday Jun-1-2015 11... http://t.co/KswNiHL2gV http://t.co/k33Sm3HFUt
