Sun May 03 00:04:44 +0000 2015,RT @Jared_Wade: Miller Time Podcast Episdoe #112: Exit Interview http://t.co/wk8yAYURug #pacers
Sun May 03 00:04:40 +0000 2015,RT @Jared_Wade: Paul George Only Gave Glimpses of What He Can Do http://t.co/asIZh1khj4 #pacers
Sun May 03 00:04:31 +0000 2015,Not bad for a preseason 6 seed #humbabe #pacers
Sun May 03 00:01:08 +0000 2015,L L L #NBA #Basketball NBA Basketball Indiana #Pacers Blue &amp;amp;amp;amp; Gold 2014 Playoffs Shirt Adult XL #eBay… http://t.co/ibtbx78eoK
Sat May 02 23:55:33 +0000 2015,L #Collectible #Buzz Indiana #Pacers #Adidas #NBA Full Primary Logo T-Shirt - Blue #Bestseller #Buy http://t.co/XMC7UAEbyF
Sat May 02 23:55:04 +0000 2015,Latest On Thaddeus Young, Option Decision http://t.co/MA3TT9jO5r #Pacers #NBA
Sat May 02 23:52:48 +0000 2015,http://t.co/gGx2yAbTLR GameTime: Wizards-Hawks Preview  #Pacers http://t.co/ZMf5tPv0xr
Sat May 02 23:52:34 +0000 2015,#Collectible #Buzz Mitchell And Ness George Mcginnis Sz 56 Indiana #Pacers http://t.co/fB45dtF8qy #Bestseller #Buy
Sat May 02 23:52:34 +0000 2015,#Sports #Goods Mitchell And Ness George Mcginnis Sz 56 Indiana #Pacers http://t.co/4pAmGoMZvS #Forsale #onsale
Sat May 02 23:52:33 +0000 2015,#NBA #Basketball Mitchell And Ness George Mcginnis Sz 56 Indiana #Pacers http://t.co/KmQuh0tC00 #eBay #Auction
Sat May 02 23:50:35 +0000 2015,L L L #Sports #Goods Paul George adult XL Indiana #Pacers #Adidas T-shirt! New with $32 tag! #Forsale #onsale http://t.co/RZOeBW7hpx
Sat May 02 23:47:37 +0000 2015,#WeightLoss #Fit The Understanding of Metabolism http://t.co/HVgWHLiXf5 #Pacers #Healthy
Sat May 02 23:45:06 +0000 2015,L #Collectible #Buzz NWT Mens #NBA #Adidas Paul George Indiana #Pacers Gold #24 Swingman #Jersey XL… #Bestseller… http://t.co/ZxnnwLXzW0
Sat May 02 23:37:16 +0000 2015,#Sports #Goods Indiana #Pacers #Adidas #NBA Full Primary Logo T-Shirt - Blue http://t.co/rKdwIXkdkW #Forsale #onsale
Sat May 02 23:35:06 +0000 2015,L #NBA #Basketball Indiana #Pacers Paul George Bobblehead, Regular Season ***NIB***7 inches tall #eBay #Auction http://t.co/OSY8YYDOYV
Sat May 02 23:32:36 +0000 2015,#WeightLoss #Fit Slimera Garcinia Cambogia - Get Rid Big Fat http://t.co/5QjgZcPTqr #Pacers #Healthy
Sat May 02 23:25:40 +0000 2015,L B #NBA #Basketball INDIANA #Pacers #24 PAUL GEORGE XL Navy T- SHIRT All Cotton, Excellent Cond! #eBay #Auction http://t.co/4ibzMvCf1q
Sat May 02 23:25:04 +0000 2015,Hoops Rumors Originals 4/26/15-5/2/15 http://t.co/KEdZTkKZmF #Pacers #NBA
Sat May 02 23:24:40 +0000 2015,Whittington&amp;#039;s Season Comes to End| http://t.co/DtvQMI6pbM #pacers
Sat May 02 23:20:06 +0000 2015,L L L #Sports #Goods Indiana #Pacers "Blue Collar Gold Swagger" Souvenir Cup #Forsale #onsale http://t.co/33AE0K4BHl
Sat May 02 23:16:36 +0000 2015,#WeightLoss #Fit Is it ok to have unsweetened almond milk on a weight loss diet? http://t.co/9CEWUZdcI7 #Pacers #Healthy
Sat May 02 23:14:36 +0000 2015,L #Collectible #Buzz Authentic Reggie Miller Indiana #Pacers #31 #Jersey Size S M L XL XXL (Adult… #Bestseller #Buy http://t.co/dnrfaD2Jfd
Sat May 02 23:12:56 +0000 2015,#IndianaPacers #Pacers #forum Clippers' Davis (ankle) cleared to play Game 7 [ESPN] http://t.co/lLiCwX5Gim
Sat May 02 23:08:39 +0000 2015,#IndianaPacers #Pacers #forum Nets' Hollins: D-Will not a franchise player [ESPN] http://t.co/P9LVNeOIpK
Sat May 02 23:08:36 +0000 2015,L #Sports #Goods Indiana #Pacers Kids Shirt - no tag so use measurements - see description #Forsale #onsale http://t.co/TOkHKF5mOB
Sat May 02 23:05:08 +0000 2015,#Collectible #Buzz Indiana #Pacers Kids Long Sleeve Shirt - Size Small - see description http://t.co/90PZ7Obljk #Bestseller #Buy
Sat May 02 23:05:07 +0000 2015,#Sports #Goods Authentic Reggie Miller Indiana #Pacers #31 #Jersey Size S M L XL XXL (Adult Men) http://t.co/yanFP7peI1 #Forsale #onsale
Sat May 02 23:05:06 +0000 2015,#NBA #Basketball Indiana #Pacers #Adidas NBA Full Primary Logo T-Shirt - Blue http://t.co/xvBuVMDLHU #eBay #Auction
Sat May 02 23:04:55 +0000 2015,http://t.co/gGx2yAbTLR NBA Rooks: Marcus Smart  #Pacers http://t.co/BQcd3Bppsg
Sat May 02 23:02:18 +0000 2015,RT @ColtsGrille: Happy Birthday @PatMcAfeeShow and @Yg_Trace. #Pacers #Colts http://t.co/DjcKhNqz2H
Sat May 02 23:01:54 +0000 2015,RT @ColtsGrille: Happy Birthday @PatMcAfeeShow and @Yg_Trace. #Pacers #Colts http://t.co/DjcKhNqz2H
Sat May 02 23:01:05 +0000 2015,Happy Birthday to my fav player @Yg_Trece #Pacers
Sat May 02 23:00:20 +0000 2015,RT @ColtsGrille: Happy Birthday @PatMcAfeeShow and @Yg_Trace. #Pacers #Colts http://t.co/DjcKhNqz2H
Sat May 02 23:00:02 +0000 2015,Happy Birthday @PatMcAfeeShow and @Yg_Trace. #Pacers #Colts http://t.co/DjcKhNqz2H
Sat May 02 22:59:06 +0000 2015,L L #Sports #Goods #NBA #Basketball Indiana #Pacers Indiana's Team 2013 Finals Playoffs Shirt #Forsale #onsale http://t.co/mHg3yQwe6j
Sat May 02 22:58:12 +0000 2015,http://t.co/EEkB0NdMH9: Free Paul George PUSHES a... http://t.co/jGen0BxG07 #atlanta #december #george #hawks #loss #pacers #paul #pushes
Sat May 02 22:53:39 +0000 2015,L L #NBA #Basketball NBA Basketball Indiana #Pacers Blue &amp;amp;amp; Gold 2014 Playoffs Shirt Adult XL #eBay #Auction http://t.co/vxbKOzyPLm
Sat May 02 22:50:10 +0000 2015,Player Review 2015 :C.J. Miles http://t.co/JNNF81YqT6 #Pacers #NBA
Sat May 02 22:49:35 +0000 2015,#Collectible #Buzz Indiana #Pacers #Adidas #NBA Full Primary Logo T-Shirt - Blue http://t.co/zUEHULuheV #Bestseller #Buy
Sat May 02 22:49:35 +0000 2015,#Sports #Goods NWT Mens #NBA #Adidas Paul George Indiana #Pacers Gold #24 Swingman #Jersey XL SEWN http://t.co/kAa8doqHyy #Forsale #onsale
Sat May 02 22:49:35 +0000 2015,#NBA #Basketball NWT Mens NBA #Adidas Paul George Indiana #Pacers Gold #24 Swingman #Jersey XL SEWN http://t.co/V53GASbHsd #eBay #Auction
Sat May 02 22:46:06 +0000 2015,#WeightLoss #Fit For a Slim Body After 7 Days http://t.co/ScneeB5cjn #Pacers #Healthy
Sat May 02 22:45:46 +0000 2015,@NBAenlinea Congrats, top of #pacers! Unroll.Me can simplify your email's inbox. http://t.co/76NfmmP1Ld
Sat May 02 22:43:14 +0000 2015,L L #Sports #Goods Paul George adult XL Indiana #Pacers #Adidas T-shirt! New with $32 tag! #Forsale #onsale http://t.co/j5OqcUIcbf
Sat May 02 22:37:35 +0000 2015,L L #NBA #Basketball NBA Basketball Indiana #Pacers Blue Collar Gold Swagger Shirt Adult XL #eBay #Auction http://t.co/FGlASnCUB3
Sat May 02 22:34:06 +0000 2015,#Collectible #Buzz NWT Mens #NBA #Adidas Paul George Indiana #Pacers Gold #24 Swingman #Jersey XL… http://t.co/Sa6lUUWARV #Bestseller #Buy
Sat May 02 22:34:06 +0000 2015,#Sports #Goods Indiana #Pacers Kids Long Sleeve Shirt - Size Small - see description http://t.co/F8K6m22ofW #Forsale #onsale
Sat May 02 22:34:05 +0000 2015,#NBA #Basketball Indiana #Pacers Paul George Bobblehead, Regular Season ***NIB***7 inches tall http://t.co/NMGZ23MSZI #eBay #Auction
Sat May 02 22:32:10 +0000 2015,L L L #NBA #Basketball INDIANA #Pacers #24 PAUL GEORGE XL Navy T- SHIRT All Cotton, Excellent Cond! #eBay #Auction http://t.co/vkxtVeWD1I
Sat May 02 22:29:36 +0000 2015,#WeightLoss #Fit Start on Your 3 Month Body Transformation Now http://t.co/owUDHnigwQ #Pacers #Healthy
Sat May 02 22:26:42 +0000 2015,L L #Sports #Goods Indiana #Pacers "Blue Collar Gold Swagger" Souvenir Cup #Forsale #onsale http://t.co/HSypFM02Km
Sat May 02 22:24:44 +0000 2015,#Pacers 【RETWEET】 #Followback #Follow #TFB #TFBJP #F4F #FF #Me #Love #TF #Like #MGWV @Hetlau http://t.co/0EAEFT6OLB
Sat May 02 22:22:15 +0000 2015,RT @IndiPacers: Player Review 2015 :Damjan Rudež http://t.co/mJMGTLNcKY #Pacers #NBA
Sat May 02 22:21:12 +0000 2015,L #Collectible #Buzz Indiana #Pacers Kids Shirt - no tag so use measurements - see description #Bestseller #Buy http://t.co/eroHqQLn2T
Sat May 02 22:20:09 +0000 2015,Player Review 2015 :Damjan Rudež http://t.co/mJMGTLNcKY #Pacers #NBA
Sat May 02 22:17:55 +0000 2015,#IndianaPacers #Pacers #forum For Bulls, question remains which team will show up (Yahoo Sports) [Y! Sports] http://t.co/wAgqTBzwEZ
Sat May 02 22:17:36 +0000 2015,#Collectible #Buzz Authentic Reggie Miller Indiana #Pacers #31 #Jersey Size S M L XL XXL (Adult… http://t.co/i67QabWiUF #Bestseller #Buy
Sat May 02 22:17:35 +0000 2015,#Sports #Goods Indiana #Pacers Kids Shirt - no tag so use measurements - see description http://t.co/nZHJSGnDLE #Forsale #onsale
Sat May 02 22:17:35 +0000 2015,#NBA #Basketball Authentic Reggie Miller Indiana #Pacers #31 #Jersey Size S M L XL XXL (Adult Men) http://t.co/d9de2ymdot #eBay #Auction
Sat May 02 22:17:22 +0000 2015,RT @pacers_fans10: What Could the Indiana Pacers Get Back in a Potential Roy Hibbert Trade?| http://t.co/6wdLGTnqMz #pacers
Sat May 02 22:14:36 +0000 2015,What Could the Indiana Pacers Get Back in a Potential Roy Hibbert Trade?| http://t.co/6wdLGTnqMz #pacers
Sat May 02 22:14:36 +0000 2015,L #Collectible #Buzz #NBA #Basketball Indiana #Pacers Park Antony Great Clips #Jersey Youth 18-20 #Bestseller #Buy http://t.co/fljeJukR1r
Sat May 02 22:14:18 +0000 2015,Happy birthday @yg_trece #paulgeorge #happybirthday #nba  #pacers #indiana #indianapacers https://t.co/TzwPch3yp8
Sat May 02 22:13:36 +0000 2015,#WeightLoss #Fit Weight Loss Gallery – 8 http://t.co/sz33oiMrZR #Pacers #Healthy
Sat May 02 22:12:41 +0000 2015,#IndianaPacers #Pacers #forum LeBron: Ready for challenge vs. Noah, Bulls [ESPN] http://t.co/8rq6x31XNL
Sat May 02 22:10:26 +0000 2015,L #Sports #Goods #NBA #Basketball Indiana #Pacers Indiana's Team 2013 Finals Playoffs Shirt #Forsale #onsale http://t.co/dfOkmnipuO
Sat May 02 22:08:07 +0000 2015,#IndianaPacers #Pacers #forum Mayweather Bans Michelle Beadle From Covering Fight http://t.co/papZraa40p
Sat May 02 22:03:08 +0000 2015,L #NBA #Basketball NBA Basketball Indiana #Pacers Blue &amp;amp; Gold 2014 Playoffs Shirt Adult XL #eBay #Auction http://t.co/LK10l1sFqb
Sat May 02 22:01:38 +0000 2015,#Collectible #Buzz Indiana #Pacers Paul George Bobblehead, Regular Season ***NIB***7 inches tall http://t.co/JFIA2T3B1t #Bestseller #Buy
Sat May 02 22:01:37 +0000 2015,#Sports #Goods Indiana #Pacers Paul George Bobblehead, Regular Season ***NIB***7 inches tall http://t.co/ipKqS865YA #Forsale #onsale
Sat May 02 22:01:36 +0000 2015,#NBA #Basketball Indiana #Pacers Long Sleeve Shirt - Youth Large - see description http://t.co/oPhRx8nui8 #eBay #Auction
Sat May 02 21:58:10 +0000 2015,#WeightLoss #Fit Grieving Newcastle mum Nicola Pyatt vows to win battle against... http://t.co/8GaAGzHlbB #Pacers #Healthy
Sat May 02 21:58:10 +0000 2015,L #Sports #Goods Paul George adult XL Indiana #Pacers #Adidas T-shirt! New with $32 tag! #Forsale #onsale http://t.co/sv2AcE9z24
Sat May 02 21:56:45 +0000 2015,@UltimoGT 1Tweet4 @OurPacers, Follow #Pacers News, UTubes, Player Tweets, Stats and More! Visit http://t.co/46hY4vYLoz RT!
Sat May 02 21:56:27 +0000 2015,#Pacers #Indiana Paul George Only Gave Glimpses of What He Can Do: The Indiana Pacers season ... http://t.co/fsNoj1x3ll #pacersgamenight
Sat May 02 21:52:08 +0000 2015,L #NBA #Basketball NBA Basketball Indiana #Pacers Blue Collar Gold Swagger Shirt Adult XL #eBay #Auction http://t.co/fdbLEaII1H
Sat May 02 21:50:09 +0000 2015,Player Review 2015 :Luis Scola http://t.co/uj80RGSXSk #Pacers #NBA
Sat May 02 21:49:45 +0000 2015,http://t.co/4uZv0Nh2jc #Collectible #Buzz Indiana #Pacers Long Sleeve Shirt - Youth Large - see description http://t.co/pC6W2m1N90 #Bes…
Sat May 02 21:46:17 +0000 2015,#Collectible #Buzz Indiana #Pacers Long Sleeve Shirt - Youth Large - see description http://t.co/oTm5FOTyb1 #Bestseller #Buy
Sat May 02 21:46:16 +0000 2015,#Sports #Goods Indiana #Pacers Shirt - Adult X-Large - see description http://t.co/DeCFYBoj7i #Forsale #onsale
Sat May 02 21:46:16 +0000 2015,#NBA #Basketball Indiana #Pacers Kids Long Sleeve Shirt - Size Small - see description http://t.co/QPH64Cykzp #eBay #Auction
Sat May 02 21:42:57 +0000 2015,Last. Regular season home game of 2015 at #USCA, good luck #pacers in playoffs...and to those seniors who played!! http://t.co/z245XTi8jD
Sat May 02 21:41:05 +0000 2015,L L #NBA #Basketball INDIANA #Pacers #24 PAUL GEORGE XL Navy T- SHIRT All Cotton, Excellent Cond! #eBay #Auction http://t.co/5AbHBeY870
Sat May 02 21:39:34 +0000 2015,dedman's Final 2012 NBA Mockery| http://t.co/ZOUnoawZR7 #pacers
Sat May 02 21:35:51 +0000 2015,L #Collectible #Buzz Paul George adult XL Indiana #Pacers #Adidas T-shirt! New with $32 tag! #Bestseller #Buy http://t.co/FYkcGsIYKQ
Sat May 02 21:32:10 +0000 2015,Happy 25th Birthday #PaulGeorge! #NBA #Pacers http://t.co/PRrEUVT4FP
Sat May 02 21:31:16 +0000 2015,L #Sports #Goods Indiana #Pacers "Blue Collar Gold Swagger" Souvenir Cup #Forsale #onsale http://t.co/l2vaS1m1nm
Sat May 02 21:30:07 +0000 2015,#Collectible #Buzz Indiana #Pacers Kids Shirt - no tag so use measurements - see description http://t.co/qAtjGOL81J #Bestseller #Buy
Sat May 02 21:30:06 +0000 2015,#Sports #Goods INDIANA #Pacers #24 PAUL GEORGE XL Navy T- SHIRT All Cotton, Excellent Cond! http://t.co/0vrHPqcygk #Forsale #onsale
Sat May 02 21:30:06 +0000 2015,#NBA #Basketball Indiana #Pacers Kids Shirt - no tag so use measurements - see description http://t.co/3mBnXj21I3 #eBay #Auction
Sat May 02 21:28:06 +0000 2015,Miller Time Podcast Episdoe #112 :Exit Interview http://t.co/LXyHppde0K #Pacers #NBA http://t.co/yhWdhsCZlz
Sat May 02 21:22:16 +0000 2015,#IndianaPacers #Pacers #forum Hawks face quick turnaround, but seem to have swagger back (Yahoo Sports) [Y! Sp.. http://t.co/UPPQJiyMyV
Sat May 02 21:21:05 +0000 2015,L L B #NBA #Basketball #Adidas Indiana #Pacers Yellow Authentic On-Court Shorts 4XL +2 #eBay #Auction http://t.co/Vzo0KwqvFo
Sat May 02 21:20:08 +0000 2015,Rodney Stuckey :More Than Stats Can Measure http://t.co/sbByPibXt9 #Pacers #NBA
Sat May 02 21:17:19 +0000 2015,#IndianaPacers #Pacers #forum Grizzlies-Warriors Preview (Yahoo Sports) [Y! Sports] http://t.co/sct37OcZbL
Sat May 02 21:15:25 +0000 2015,RT @OurPacers: http://t.co/46hY4vYLoz 4 TIX Indiana Pacers vs OKC Thunder 4/12 Bankers Life Fieldhous #Pacers http://t.co/fwm6h2UkzD
Sat May 02 21:14:38 +0000 2015,#Collectible #Buzz #NBA #Basketball Indiana #Pacers Park Antony Great Clips #Jersey Youth 18-20 http://t.co/igmpPBgJY2 #Bestseller #Buy
Sat May 02 21:14:38 +0000 2015,#Sports #Goods #NBA #Basketball Indiana #Pacers Indiana's Team 2013 Finals Playoffs Shirt http://t.co/3BcLOJtV4Z #Forsale #onsale
Sat May 02 21:14:37 +0000 2015,#NBA #Basketball NBA Basketball Indiana #Pacers Blue &amp; Gold 2014 Playoffs Shirt Adult XL http://t.co/CpUy0Y7OuE #eBay #Auction
Sat May 02 21:14:14 +0000 2015,#WeightLoss #Fit 10 Weeks in and 137 lbs Down in Our Healthy Weight Loss Challenge http://t.co/zBCkSF6wtS #Pacers… http://t.co/BbRXSkxAwS
