Sun May 03 00:03:38 +0000 2015,Go #Pistons http://t.co/jq0lypL4ZT #follow #NBA #DetroitPistons
Sun May 03 00:02:42 +0000 2015,#NBA #Pistons - Vintage Grant Hill #33 Detroit Pistons Jersey. Youth XL (18-20).champio... http://t.co/hpV4Q6Voau http://t.co/k33Sm3HFUt
Sun May 03 00:02:41 +0000 2015,#NBA #Pistons - NWT Mens Isiah Thomas Detroit Pistons #11 NBA Hardwood Classics Jersey ... http://t.co/T9P9p2POlm http://t.co/k33Sm3HFUt
Sun May 03 00:02:36 +0000 2015,#Solution #Fitness Experience the Latest Hollywood Diet http://t.co/69k3mL1Onc #Pistons #Skinny
Sun May 03 00:02:35 +0000 2015,L L #NBA #Basketball VTG 90's Detroit #Pistons #33 Grant Hill NBA BASKETBALL #Jersey Champion 36 BSK68 #Sales… http://t.co/0jNStNdTVd
Sun May 03 00:02:29 +0000 2015,Josh Smith is talented and versatile, but this is a real quote of his #pistons #hawks #rockets http://t.co/cJBtTKnIy5
Sat May 02 23:52:07 +0000 2015,L #Collectible #Buzz DETROIT #Pistons Dave Bing figurine #eBay #Auction http://t.co/BfBPMvCQE3
Sat May 02 23:47:35 +0000 2015,#Solution #Fitness Debunking 5 Common Weight-Loss Myths http://t.co/n7lHkOcbZv #Pistons #Skinny
Sat May 02 23:46:33 +0000 2015,L #Detroit #Pistons DETROIT PISTONS Dave Bing figurine #NBA #Great #Deals http://t.co/xGzJAAWowC
Sat May 02 23:32:06 +0000 2015,#Collectible #Buzz NWT Mens Isiah Thomas Detroit #Pistons #11 #NBA Hardwood Classics #Jersey XL SEWN http://t.co/Rdg5Y8rSzJ #eBay #Auction
Sat May 02 23:32:06 +0000 2015,#NBA #Basketball NWT Mens Isiah Thomas Detroit #Pistons #11 NBA Hardwood Classics #Jersey XL SEWN http://t.co/Zwf6FjH2e2 #Sales #Discount
Sat May 02 23:32:05 +0000 2015,#Detroit #Pistons Vintage Grant Hill #33 Detroit Pistons Jersey. Youth XL (18-20).champion… http://t.co/PgM82vZpBI #NBA #Great #Deals
Sat May 02 23:32:04 +0000 2015,#Solution #Fitness Should I drink a laxtive to start my weight loss diet? http://t.co/PeJqTUFiH4 #Pistons #Skinny
Sat May 02 23:31:07 +0000 2015,L L L #Collectible #Buzz Rare #NBA Jason Maxiell DETROIT #Pistons #54 Youth #Jersey Size: S #eBay #Auction http://t.co/3zhHC9zk8S
Sat May 02 23:24:35 +0000 2015,Ranking Detroit Pistons' Biggest Priorities for 2015 NBA Offseason| http://t.co/EPvQd8x8Dn #Pistons
Sat May 02 23:24:19 +0000 2015,http://t.co/Nu5mqZnsfy Detroit Pistons short sleeve V-Neck Nike basketball jersey shi #Pistons http://t.co/wbHeNec5WT
Sat May 02 23:21:06 +0000 2015,Whatcha' got, #Pistons fans? https://t.co/VxhF7CV9Mk http://t.co/ALMYB6Qi9h
Sat May 02 23:20:05 +0000 2015,L #Collectible #Buzz Vintage 1990s GRANT HILL #33 Detroit #Pistons CHAMPION #Basketball #Jersey Size 48 #eBay… http://t.co/0bNGnrDuGg
Sat May 02 23:16:48 +0000 2015,Oh they gonna pay Draymond the Max too? #Pistons  https://t.co/sHQ1ydJZMv
Sat May 02 23:16:40 +0000 2015,#Solution #Fitness Bite Counter: is 100 bites per day the secret to weight loss? http://t.co/i3oAp5ivTW #Pistons #Skinny
Sat May 02 23:16:39 +0000 2015,#Collectible #Buzz Vintage Grant Hill #33 Detroit #Pistons #Jersey. Youth XL (18-20).champion Replica http://t.co/SbAumQVFaL #eBay #Auction
Sat May 02 23:16:39 +0000 2015,#NBA #Basketball Vintage Grant Hill #33 Detroit #Pistons #Jersey. Youth XL (18-20).champion Replica http://t.co/Hw23RZVGwP #Sales #Discount
Sat May 02 23:16:38 +0000 2015,#Detroit #Pistons NWT Mens Isiah Thomas Detroit Pistons #11 NBA Hardwood Classics Jersey XL SEWN http://t.co/JNcbo34Y5e #NBA #Great #Deals
Sat May 02 23:14:35 +0000 2015,L B #Detroit #Pistons Adidas 2XL Tayshaun Prince Detroit Pistons #22 NBA Sewn White Jersey #NBA #Great #Deals http://t.co/zrRl15EmRe
Sat May 02 23:14:03 +0000 2015,#Detroit #Pistons Ex-Pistons legend Isiah Thomas lauds Warriors backcourt: Isiah Thomas, wh... http://t.co/xzu41OCA3e #DetroitBasketball
Sat May 02 23:08:37 +0000 2015,#Pistons #Detroit Brandon Jennings: Winner of Clippers-Spurs series 'will be playing the Cavs in the Finals' http://t.co/nRLQor9Hc2
Sat May 02 23:08:35 +0000 2015,L L B #NBA #Basketball NIB 1997 Starting Lineup GRANT HILL NBA DETROIT #Pistons Backboard Kings #Sales #Discount http://t.co/79ipQDTupf
Sat May 02 22:59:04 +0000 2015,L #Collectible #Buzz VTG 90's Detroit #Pistons #33 Grant Hill #NBA #Basketball #Jersey Champion 36… #eBay #Auction http://t.co/VKXyKVfYau
Sat May 02 22:55:09 +0000 2015,RT @DAlarcon_NBA: Stan Van Gundy, coach de #Pistons, y Pat Riley, GM de #Heat, en Barcelona por Mario Hezonja (y Marcelinho Huertas): https…
Sat May 02 22:54:08 +0000 2015,L #NBA #Basketball VTG 90's Detroit #Pistons #33 Grant Hill NBA BASKETBALL #Jersey Champion 36 BSK68 #Sales… http://t.co/v8iWNJmVsb
Sat May 02 22:47:44 +0000 2015,http://t.co/Nu5mqZnsfy [Detroit Free Press] - Ex-Pistons legend Isiah Thomas lauds Wa #Pistons http://t.co/NI7iDN3XEH
Sat May 02 22:46:09 +0000 2015,#Solution #Fitness 10 Weeks in and 137 lbs Down in Our Healthy Weight Loss Challenge http://t.co/8WtLI94Gn8 #Pistons #Skinny
Sat May 02 22:44:06 +0000 2015,#Collectible #Buzz DETROIT #Pistons Dave Bing figurine http://t.co/b3YHRvFytq #eBay #Auction
Sat May 02 22:44:05 +0000 2015,#NBA #Basketball DETROIT #Pistons Dave Bing figurine http://t.co/m2yrCCpS8t #Sales #Discount
Sat May 02 22:44:04 +0000 2015,#Detroit #Pistons DETROIT PISTONS Dave Bing figurine http://t.co/4JE1Ec6tt5 #NBA #Great #Deals
Sat May 02 22:33:07 +0000 2015,RT @DetroitPistons: The #Pistons and legend, Earl Cureton, supported the #PurpleStride Pancreatic Cancer Walk today at Ford Field. http://t…
Sat May 02 22:32:05 +0000 2015,L #Detroit #Pistons Grant Hill mitchell and ness nba jersey 100% authentic #NBA #Great #Deals http://t.co/QqSAU4RrTm
Sat May 02 22:29:35 +0000 2015,#Solution #Fitness Start on Your 3 Month Body Transformation Now http://t.co/8uIHLvu93H #Pistons #Skinny
Sat May 02 22:22:06 +0000 2015,L L #Collectible #Buzz Rare #NBA Jason Maxiell DETROIT #Pistons #54 Youth #Jersey Size: S #eBay #Auction http://t.co/MIp4wJWgRe
Sat May 02 22:21:36 +0000 2015,RT @topPistons: Southwest Notes :Parsons, Villanueva, Fredette http://t.co/cCwnGAFlZL #Pistons #NBA
Sat May 02 22:20:03 +0000 2015,Southwest Notes :Parsons, Villanueva, Fredette http://t.co/cCwnGAFlZL #Pistons #NBA
Sat May 02 22:15:56 +0000 2015,RT DetroitPistonsv: #Detroit #Pistons VTG 90's Detroit Pistons #33 Grant Hill NBA BASKETBALL JERSEY Champion 36 BS… http://t.co/OYOzoLfH8R
Sat May 02 22:13:34 +0000 2015,#Solution #Fitness Should I drink a laxtive to start my weight loss diet? http://t.co/YIKSZIfM9Y #Pistons #Skinny
Sat May 02 22:12:07 +0000 2015,#Collectible #Buzz Vintage 1990s GRANT HILL #33 Detroit #Pistons CHAMPION #Basketball #Jersey Size 48 http://t.co/ZYpQvpT52B #eBay #Auction
Sat May 02 22:12:07 +0000 2015,#NBA #Basketball Vintage 1990s GRANT HILL #33 Detroit #Pistons CHAMPION BASKETBALL #Jersey Size 48 http://t.co/WaPlNKPdiJ #Sales #Discount
Sat May 02 22:12:06 +0000 2015,#Detroit #Pistons VTG 90's Detroit Pistons #33 Grant Hill NBA BASKETBALL JERSEY Champion 36 BSK68 http://t.co/lA94he0WDq #NBA #Great #Deals
Sat May 02 22:10:09 +0000 2015,L L L #NBA #Basketball Detroit #Pistons-Basketball Pin #Sales #Discount http://t.co/VMSOVGV3Ki
Sat May 02 22:03:07 +0000 2015,L L L #Detroit #Pistons Adidas 2XL Tayshaun Prince Detroit Pistons #22 NBA Sewn White Jersey #NBA #Great #Deals http://t.co/hMvimc586p
Sat May 02 22:00:59 +0000 2015,RT DetroitPistonsv: #Detroit #Pistons Vintage 1990s GRANT HILL #33 Detroit Pistons CHAMPION BASKETBALL JERSEY Size… http://t.co/OYOzoLfH8R
Sat May 02 21:58:09 +0000 2015,#Solution #Fitness An Instructor's Zumba Fitness Journey http://t.co/3YTrHp9wLc #Pistons #Skinny
Sat May 02 21:58:08 +0000 2015,L B #NBA #Basketball NIB 1997 Starting Lineup GRANT HILL NBA DETROIT #Pistons Backboard Kings #Sales #Discount http://t.co/osIAO1Y9xb
Sat May 02 21:55:06 +0000 2015,#Collectible #Buzz VTG 90's Detroit #Pistons #33 Grant Hill #NBA #Basketball #Jersey Champion 36… http://t.co/NqJJ2tA9aj #eBay #Auction
Sat May 02 21:55:05 +0000 2015,#NBA #Basketball VTG 90's Detroit #Pistons #33 Grant Hill NBA BASKETBALL #Jersey Champion 36 BSK68 http://t.co/lsrOQkHqtb #Sales #Discount
Sat May 02 21:55:05 +0000 2015,#Detroit #Pistons Vintage 1990s GRANT HILL #33 Detroit Pistons CHAMPION BASKETBALL JERSEY Size 48 http://t.co/nL5cNnPVfh #NBA #Great #Deals
Sat May 02 21:52:06 +0000 2015,L B #Detroit #Pistons NIP 1998 NBA Super Stars Grant Hill Detroit Pistons w/ Trading Card #NBA #Great #Deals http://t.co/SzUsdrlPzz
Sat May 02 21:42:06 +0000 2015,#Solution #Fitness An Instructor's Zumba Fitness Journey http://t.co/OMcQx2ryFZ #Pistons #Skinny
Sat May 02 21:41:05 +0000 2015,L #NBA #Basketball Vintage Grant Hill Detroit #Pistons #33 Replica #Jersey.Size 44.Champion. Nba. Red #Sales… http://t.co/KcBXSx7ehy
Sat May 02 21:39:05 +0000 2015,#Detroit #Pistons Grant Hill mitchell and ness nba jersey 100% authentic http://t.co/ACc9DIvlS0 #NBA #Great #Deals
Sat May 02 21:35:44 +0000 2015,L L #Detroit #Pistons VINTAGE Grant Hill Detroit Pistons Champion Youth XL Size 18-20 Red Magic Suns #NBA #Great… http://t.co/9HB9cXx5MJ
Sat May 02 21:31:04 +0000 2015,L #Collectible #Buzz Rare #NBA Jason Maxiell DETROIT #Pistons #54 Youth #Jersey Size: S #eBay #Auction http://t.co/853gduaLyk
Sat May 02 21:23:04 +0000 2015,#Detroit #Pistons Grant Hill mitchell and ness nba jersey 100% authentic http://t.co/2jbdPWLNur #NBA #Great #Deals
Sat May 02 21:21:05 +0000 2015,L L #Collectible #Buzz Official Reebok Detroit #Pistons Ben Wallace #Basketball Youth #Jersey Sz XL #eBay #Auction http://t.co/VKoeS3xt6J
Sat May 02 21:13:07 +0000 2015,#Solution #Fitness How Muay Thai Can Get You in Amazing Shape http://t.co/Qwf5llxnJu #Pistons #Skinny
Sat May 02 21:10:34 +0000 2015,L L #NBA #Basketball Detroit #Pistons-Basketball Pin #Sales #Discount http://t.co/mU5DptaovC
Sat May 02 21:04:35 +0000 2015,L L #Detroit #Pistons Adidas 2XL Tayshaun Prince Detroit Pistons #22 NBA Sewn White Jersey #NBA #Great #Deals http://t.co/fovIzDnQHo
Sat May 02 21:03:33 +0000 2015,http://t.co/Nu5mqZnsfy Detroit Pistons Adidas Track Jacket. Girls Youth Large  #Pistons http://t.co/srCxE43Zk5
Sat May 02 20:59:35 +0000 2015,L L L #NBA #Basketball NIB 1997 Starting Lineup GRANT HILL NBA DETROIT #Pistons Backboard Kings #Sales #Discount http://t.co/80bAIA7asa
Sat May 02 20:58:06 +0000 2015,#Solution #Fitness 4 Best Diet Tips Ever http://t.co/KbkLoM7pfS #Pistons #Skinny
Sat May 02 20:54:06 +0000 2015,L L #Collectible #Buzz Detroit #Pistons-#Basketball Pin #eBay #Auction http://t.co/FIrxvafmZK
Sat May 02 20:53:27 +0000 2015,#NBA #Pistons - Vintage Grant Hill Detroit Pistons #33 Replica Jersey.Size 44.Champion.... http://t.co/496JnpbXxY http://t.co/k33Sm3HFUt
Sat May 02 20:49:06 +0000 2015,L L #NBA #Basketball Adidas 2XL Tayshaun Prince Detroit #Pistons #22 NBA Sewn White #Jersey #Sales #Discount http://t.co/0jTFI7036s
Sat May 02 20:45:47 +0000 2015,RT DetroitPistonsv: L L #Detroit #Pistons Detroit Pistons-Basketball Pin #NBA #Great #Deals … http://t.co/OYOzoLfH8R
Sat May 02 20:43:33 +0000 2015,L L #Detroit #Pistons Detroit Pistons-Basketball Pin #NBA #Great #Deals http://t.co/6jlQRCBXmv
Sat May 02 20:38:36 +0000 2015,L L L #Detroit #Pistons NIP 1998 NBA Super Stars Grant Hill Detroit Pistons w/ Trading Card #NBA #Great #Deals http://t.co/XqgM8QVWwA
Sat May 02 20:35:38 +0000 2015,#Collectible #Buzz Vintage Grant Hill Detroit #Pistons #33 Replica #Jersey.Size 44.Champion. #NBA.… http://t.co/kGO1XUdpNC #eBay #Auction
Sat May 02 20:35:37 +0000 2015,#NBA #Basketball Vintage Grant Hill Detroit #Pistons #33 Replica #Jersey.Size 44.Champion. Nba. Red http://t.co/y08c8tHRJC #Sales #Discount
Sat May 02 20:35:37 +0000 2015,#Detroit #Pistons Vintage Grant Hill Detroit Pistons #33 Replica Jersey.Size 44.Champion. Nba.… http://t.co/FETnPTiL6w #NBA #Great #Deals
Sat May 02 20:29:25 +0000 2015,NBA roundup :Spurs crush Jazz, lead series 2-0| http://t.co/beu4aqKsyC #Pistons
Sat May 02 20:28:10 +0000 2015,#Solution #Fitness The Real Deal About Weight Loss Hypnosis http://t.co/AVHBIERltP #Pistons #Skinny
Sat May 02 20:26:36 +0000 2015,L #NBA #Basketball NIP 1998 NBA Super Stars Grant Hill Detroit #Pistons w/ Trading Card #Sales #Discount http://t.co/ld3Zwcq6p8
Sat May 02 20:22:06 +0000 2015,L #Detroit #Pistons VINTAGE Grant Hill Detroit Pistons Champion Youth XL Size 18-20 Red Magic Suns #NBA #Great… http://t.co/A23JFvRRi3
Sat May 02 20:20:06 +0000 2015,#Collectible #Buzz Rare #NBA Jason Maxiell DETROIT #Pistons #54 Youth #Jersey Size: S http://t.co/nlnnd2XTRl #eBay #Auction
Sat May 02 20:20:05 +0000 2015,#NBA #Basketball Rare NBA Jason Maxiell DETROIT #Pistons #54 Youth #Jersey Size: S http://t.co/kx74kj6hM3 #Sales #Discount
Sat May 02 20:20:05 +0000 2015,#Detroit #Pistons Rare NBA Jason Maxiell DETROIT PISTONS #54 Youth Jersey Size: S http://t.co/gtSemZ1vAW #NBA #Great #Deals
Sat May 02 20:16:16 +0000 2015,L #Collectible #Buzz Official Reebok Detroit #Pistons Ben Wallace #Basketball Youth #Jersey Sz XL #eBay #Auction http://t.co/VrrwKxNZQ9
Sat May 02 20:13:10 +0000 2015,#Solution #Fitness Does Size Really Matter When It Comes To Losing Weight? http://t.co/xNPJcWbJeX #Pistons #Skinny
Sat May 02 20:11:05 +0000 2015,L #NBA #Basketball Detroit #Pistons-Basketball Pin #Sales #Discount http://t.co/AhMwlm3qnY
Sat May 02 20:10:08 +0000 2015,Central Notes :Middleton, Love, Butler http://t.co/SpBoq4pCfa #Pistons #NBA
Sat May 02 20:09:42 +0000 2015,Pistons hit on last 4 lottery picks, but impact not always instant as prospects get younger| http://t.co/hMQ5V9CEyF #Pistons
Sat May 02 20:06:30 +0000 2015,RT @topPistons: Latest On Thaddeus Young, Option Decision http://t.co/ztbeuAU4rF #Pistons #NBA
Sat May 02 20:05:34 +0000 2015,L #Detroit #Pistons Adidas 2XL Tayshaun Prince Detroit Pistons #22 NBA Sewn White Jersey #NBA #Great #Deals http://t.co/I3qJ9KFF9p
Sat May 02 19:59:35 +0000 2015,L L #NBA #Basketball NIB 1997 Starting Lineup GRANT HILL NBA DETROIT #Pistons Backboard Kings #Sales #Discount http://t.co/44h9odbYEZ
Sat May 02 19:58:14 +0000 2015,#Solution #Fitness Still Can't Lose Weight? Here Are 5 Weight Loss Tips http://t.co/YSTSJQmHF9 #Pistons #Skinny
Sat May 02 19:55:18 +0000 2015,L #Collectible #Buzz Detroit #Pistons-#Basketball Pin #eBay #Auction http://t.co/Wwz04Ac09z
Sat May 02 19:49:13 +0000 2015,L #NBA #Basketball Adidas 2XL Tayshaun Prince Detroit #Pistons #22 NBA Sewn White #Jersey #Sales #Discount http://t.co/wmLctvuJ1w
Sat May 02 19:45:07 +0000 2015,Latest On Thaddeus Young, Option Decision http://t.co/ztbeuAU4rF #Pistons #NBA
Sat May 02 19:43:05 +0000 2015,#Solution #Fitness How To Lose Fat Fast Without Exercise - 3 Best Ways to Lose Fat Without Exercise http://t.co/cqKwommPJ2 #Pistons #Skinny
Sat May 02 19:38:34 +0000 2015,L #Detroit #Pistons Detroit Pistons-Basketball Pin #NBA #Great #Deals http://t.co/D7MbwkyfNY
Sat May 02 19:34:40 +0000 2015,Roster Report| http://t.co/Z9kZ7sVKa5 #Pistons
Sat May 02 19:32:36 +0000 2015,L L #Detroit #Pistons NIP 1998 NBA Super Stars Grant Hill Detroit Pistons w/ Trading Card #NBA #Great #Deals http://t.co/3Nh0XNocTa
