Sun May 03 00:03:06 +0000 2015,RT @smitharyy: » http://t.co/A0LBq1PJsZ Raptors #Raptors Poll: What should the Raptors do with Jonas Valanciunas? 165
Sun May 03 00:03:06 +0000 2015,RT @smitharyy: » http://t.co/A0LBq1PJsZ Raptors #Raptors Poll: What should the Raptors do with Jonas Valanciunas? 165
Sun May 03 00:03:06 +0000 2015,RT @smitharyy: » http://t.co/A0LBq1PJsZ Raptors #Raptors Poll: What should the Raptors do with Jonas Valanciunas? 165
Sun May 03 00:03:06 +0000 2015,RT @smitharyy: » http://t.co/A0LBq1PJsZ Raptors #Raptors Poll: What should the Raptors do with Jonas Valanciunas? 165
Sun May 03 00:01:23 +0000 2015,RT @raptorsrapture: A Modest Proposal: Bring back Andrea Bargnani http://t.co/jjX5hIPh3T @HoopsHabit @NewmarketBrian #raptors
Sun May 03 00:01:05 +0000 2015,A Modest Proposal: Bring back Andrea Bargnani http://t.co/jjX5hIPh3T @HoopsHabit @NewmarketBrian #raptors
Sun May 03 00:00:15 +0000 2015,» http://t.co/A0LBq1PJsZ Raptors #Raptors Poll: What should the Raptors do with Jonas Valanciunas? 165
Sat May 02 23:55:10 +0000 2015,Raptors’ off-season decisions will reveal Ujiri’s vision :Arthur http://t.co/zO62kgTE9S #Raptors #NBA
Sat May 02 23:54:58 +0000 2015,RT @stevesraptors: Soon-to-be UFA Amir Johnson said He Wanted To Re-Sign With The  #Raptors in this Pro Bball Report exclusive... http://t.…
Sat May 02 23:54:29 +0000 2015,Toronto #Raptors at Miami #Heat game preview http://t.co/TvhC3LRg76 #NBA
Sat May 02 23:54:27 +0000 2015,#Raptors trying to focus on #Wizards not just Paul Pierce #NBA http://t.co/Oimr4BjcU2
Sat May 02 23:54:26 +0000 2015,Orlando #Magic drop #NBA heart breaker to Toronto #Raptors http://t.co/4uDBMRoj4g
Sat May 02 23:54:22 +0000 2015,#Raptors trying to focus on #Wizards, not just Pierce http://t.co/u2AC4DHNn5
Sat May 02 23:51:09 +0000 2015,RT @imranx_: @waterblocknyc throughout the series the #Hawks players remained classy. The #Raptors and their GM Akon are just a pathetic bu…
Sat May 02 23:46:10 +0000 2015,#osprey looking fierce! #birds #Raptors @BirdWatchDaily @birds_dp  #naturephotography http://t.co/6hy3MB0Q3g
Sat May 02 23:44:04 +0000 2015,→ http://t.co/oVNvGaVlrL Raptors #Raptors Poll: What should the Raptors do with Jonas Valanciunas? 325 Ontario CAN Oshawa CAN
Sat May 02 23:42:12 +0000 2015,.@NICKIMINAJ Had A Miscarriage? Get the details: http://t.co/OUY3ccRAtY  #pinkprinttour #Raptors #music #babyroyal http://t.co/UJ0svfwQr3
Sat May 02 23:36:57 +0000 2015,RT @hoopsaddict: Toronto Raptors Don’t Need To Panic:                                         http://t.co/Qw1ITnPoe8 #rtz #raptors
Sat May 02 23:35:09 +0000 2015,Lowry shouldn’t have say in future of coach :Feschuk http://t.co/RVC9DqN4J4 #Raptors #NBA
Sat May 02 23:32:27 +0000 2015,Orlando #Magic drop heart breaker to Toronto #Raptors http://t.co/XsaDxNm1zO #NBA
Sat May 02 23:32:26 +0000 2015,Orlando #Magic drop #NBA heart breaker to Toronto #Raptors http://t.co/AVrKEb75d9
Sat May 02 23:32:25 +0000 2015,#Raptors trying to focus on #NBA #Wizards, not just Paul Pierce http://t.co/L06OX8ObbC
Sat May 02 23:32:25 +0000 2015,Toronto #Raptors at Miami #Heat game preview #NBA http://t.co/KM4jr3FhsC
Sat May 02 23:32:25 +0000 2015,#Raptors trying to focus on #Wizards not just Paul Pierce #NBA http://t.co/IQFSwqweNl
Sat May 02 23:29:55 +0000 2015,@waterblocknyc throughout the series the #Hawks players remained classy. The #Raptors and their GM Akon are just a pathetic bunch
Sat May 02 23:24:02 +0000 2015,Lowry shouldnât have say in future of coach :Feschuk| http://t.co/sWepFTUc3G #Raptors
Sat May 02 23:15:09 +0000 2015,Details murky on where Raptors-affiliated team would fit in NBA D-League http://t.co/vsxsPmHzom #Raptors #NBA
Sat May 02 23:14:50 +0000 2015,RT @BeforeFamePics: Never forget...Percy Miller aka Master P played for the #Raptors &amp; #Hornets http://t.co/FN1kObl7x0
Sat May 02 23:10:28 +0000 2015,Orlando #Magic drop heart breaker to Toronto #Raptors #NBA http://t.co/MU3AV5XRsR
Sat May 02 23:10:27 +0000 2015,Toronto #Raptors at Miami #Heat game preview http://t.co/d6HH1Nnkgo #NBA
Sat May 02 23:10:27 +0000 2015,Orlando #Magic drop heart breaker to Toronto #Raptors http://t.co/iAJuxVv7ay #NBA
Sat May 02 23:10:20 +0000 2015,Toronto #Raptors at Miami #Heat game preview http://t.co/T7N9v0b72G #NBA
Sat May 02 23:07:58 +0000 2015,#RaptorNation Life has definitely changed for Wiggins: The 20-year-old from Vaughan, Ont., l... http://t.co/0POg4BJCfi #raptors #toronto
Sat May 02 23:06:22 +0000 2015,RT @stevesraptors: Six Things The #Toronto #Raptors Should Do This Summer http://t.co/GRF4Ht3uzv
Sat May 02 23:04:14 +0000 2015,RT @Raptors: ICYMI: #Raptors season-ending recaps from @stackmack

Masai Ujiri - http://t.co/jmndTGGSzM
Coach Casey &amp; Players - http://t.co…
Sat May 02 23:03:35 +0000 2015,Red Shouldered Hawk in flight at HoleyLand Wildlife .. http://t.co/mQOyIyesly #birds #hawks #raptors #red #shouldered #hawk
Sat May 02 23:01:04 +0000 2015,RT @snlz0: http://t.co/DqqdpgzTD9 Poll: What should the Raptors do with Jonas Valanciunas? #Raptors Poll: What should the Raptors do with J…
Sat May 02 23:01:03 +0000 2015,RT @snlz0: http://t.co/DqqdpgzTD9 Poll: What should the Raptors do with Jonas Valanciunas? #Raptors Poll: What should the Raptors do with J…
Sat May 02 23:01:03 +0000 2015,RT @snlz0: http://t.co/DqqdpgzTD9 Poll: What should the Raptors do with Jonas Valanciunas? #Raptors Poll: What should the Raptors do with J…
Sat May 02 23:01:03 +0000 2015,RT @snlz0: http://t.co/DqqdpgzTD9 Poll: What should the Raptors do with Jonas Valanciunas? #Raptors Poll: What should the Raptors do with J…
Sat May 02 23:00:07 +0000 2015,RT @snlz0: http://t.co/DqqdpgzTD9 Poll: What should the Raptors do with Jonas Valanciunas? #Raptors Poll: What should the Raptors do with J…
Sat May 02 23:00:06 +0000 2015,RT @snlz0: http://t.co/DqqdpgzTD9 Poll: What should the Raptors do with Jonas Valanciunas? #Raptors Poll: What should the Raptors do with J…
Sat May 02 23:00:06 +0000 2015,RT @snlz0: http://t.co/DqqdpgzTD9 Poll: What should the Raptors do with Jonas Valanciunas? #Raptors Poll: What should the Raptors do with J…
Sat May 02 23:00:06 +0000 2015,RT @snlz0: http://t.co/DqqdpgzTD9 Poll: What should the Raptors do with Jonas Valanciunas? #Raptors Poll: What should the Raptors do with J…
Sat May 02 23:00:05 +0000 2015,RT @snlz0: http://t.co/DqqdpgzTD9 Poll: What should the Raptors do with Jonas Valanciunas? #Raptors Poll: What should the Raptors do with J…
Sat May 02 22:55:08 +0000 2015,Five possible homes for Raptors proposed NBA D-League team http://t.co/V1z1kkKV1j #Raptors #NBA
Sat May 02 22:55:04 +0000 2015,RT @snlz0: http://t.co/DqqdpgzTD9 Poll: What should the Raptors do with Jonas Valanciunas? #Raptors Poll: What should the Raptors do with J…
Sat May 02 22:55:04 +0000 2015,RT @snlz0: http://t.co/DqqdpgzTD9 Poll: What should the Raptors do with Jonas Valanciunas? #Raptors Poll: What should the Raptors do with J…
Sat May 02 22:55:03 +0000 2015,RT @snlz0: http://t.co/DqqdpgzTD9 Poll: What should the Raptors do with Jonas Valanciunas? #Raptors Poll: What should the Raptors do with J…
Sat May 02 22:54:06 +0000 2015,http://t.co/DqqdpgzTD9 Poll: What should the Raptors do with Jonas Valanciunas? #Raptors Poll: What should the Raptors do with Jonas Valanc…
Sat May 02 22:53:52 +0000 2015,RT @KristinEWallace: Playoffs?.. #westillloveyou #raptors #bruins #teamlove https://t.co/owrk5893hX
Sat May 02 22:51:10 +0000 2015,http://t.co/2EmsA1SFU6 [Toronto Star] - Warriors, Hawks and Cavs: NBA semifinal previ #Raptors http://t.co/XvFzS9owFL
Sat May 02 22:49:00 +0000 2015,Toronto Raptors just the latest team to disappoint :A history of failure among Toronto sports teams| http://t.co/gz5HoWwHYY #Raptors
Sat May 02 22:48:56 +0000 2015,Toronto #Raptors at Miami #Heat game preview http://t.co/2IbAQL7o2N #NBA
Sat May 02 22:48:43 +0000 2015,Hawk in Flight http://t.co/YtXX4euOXK #birds #hawk #raptors
Sat May 02 22:47:11 +0000 2015,RT @wildlifenj: An #Osprey’s outer toe is reversible, which means they can carry prey with two toes in front and two toes behind. #Raptors …
Sat May 02 22:47:04 +0000 2015,RT @wildlifenj: The Peregrine #Falcon reaches speeds of over 200 mph during its hunting stoop (high speed dive). #FastestAnimal #Raptors #W…
Sat May 02 22:42:42 +0000 2015,Playoffs?.. #westillloveyou #raptors #bruins #teamlove https://t.co/owrk5893hX
Sat May 02 22:38:45 +0000 2015,RT @Raptors: ICYMI: #Raptors season-ending recaps from @stackmack

Masai Ujiri - http://t.co/jmndTGGSzM
Coach Casey &amp; Players - http://t.co…
Sat May 02 22:37:00 +0000 2015,#Buffalo to home the #Raptors D-League team? Ya or Nah? http://t.co/aK0NAPtUnd | #NBA #TorontoRaptors
Sat May 02 22:35:08 +0000 2015,Central Notes :Middleton, Love, Butler http://t.co/ZjBr98MAf5 #Raptors #NBA
Sat May 02 22:32:56 +0000 2015,http://t.co/EEkB0NdMH9: Toronto Raptors vs New... http://t.co/iDQAzm6fuy #online #orleans #pctv #pelicans #raptors #soccer #toronto
Sat May 02 22:26:26 +0000 2015,#NBA Toronto #Raptors at Miami #Heat game preview http://t.co/EEIfT7GeSx
Sat May 02 22:26:26 +0000 2015,Toronto #Raptors at Miami #Heat game preview http://t.co/VfbacdCOm8 #NBA
Sat May 02 22:26:24 +0000 2015,Orlando #Magic drop #NBA heart breaker to Toronto #Raptors http://t.co/sMEbr5oQ3u
Sat May 02 22:26:24 +0000 2015,#Raptors trying to focus on #Wizards, not just Pierce http://t.co/shUC3cT0Bm
Sat May 02 22:26:07 +0000 2015,#Raptors trying to focus on #Wizards not just Paul Pierce #NBA http://t.co/FOlQDhsHKz
Sat May 02 22:26:05 +0000 2015,#NBA Toronto #Raptors at Miami #Heat game preview http://t.co/kt7SH1JvcX
Sat May 02 22:26:05 +0000 2015,#Raptors trying to focus on #Wizards not just Paul Pierce #NBA http://t.co/0kbpm5HZ57
Sat May 02 22:23:37 +0000 2015,RT @NBA_Mixes: The #Raptors mascot got some sick dance moves http://t.co/WwErvWEL1k http://t.co/v7R2PQYYM6
Sat May 02 22:21:42 +0000 2015,The #Raptors mascot got some sick dance moves http://t.co/WwErvWEL1k http://t.co/v7R2PQYYM6
Sat May 02 22:18:18 +0000 2015,RT @Raptors: ICYMI: #Raptors season-ending recaps from @stackmack

Masai Ujiri - http://t.co/jmndTGGSzM
Coach Casey &amp; Players - http://t.co…
Sat May 02 22:18:17 +0000 2015,RT @TRaptorsfan: Latest On Thaddeus Young, Option Decision http://t.co/b1A2GWv2RZ #Raptors #NBA
Sat May 02 22:15:07 +0000 2015,Latest On Thaddeus Young, Option Decision http://t.co/b1A2GWv2RZ #Raptors #NBA
Sat May 02 22:13:58 +0000 2015,Mychal Thompson :Warriors Plan To Go Hard After Kevin Durant In 2016| http://t.co/lV10mycDek #Raptors
Sat May 02 22:07:25 +0000 2015,For the record this #Canadian had a rooting interest watching the #Raptors in the #NBAPlayoffs http://t.co/Vfs0yCQA8n
Sat May 02 22:04:06 +0000 2015,Toronto #Raptors at Miami #Heat game preview http://t.co/8Vu7Z7Vhhl #NBA
Sat May 02 22:04:02 +0000 2015,#Raptors trying to focus on #NBA #Wizards, not just Paul Pierce http://t.co/nuSXv8i9Nq
Sat May 02 22:02:10 +0000 2015,http://t.co/KFFocDygFG #Raptors Leafs, Raptors more alike than you think ₪   57
Sat May 02 21:55:03 +0000 2015,Hoops Rumors Originals 4/26/15-5/2/15 http://t.co/gPdoFXlJ2Q #Raptors #NBA
Sat May 02 21:53:12 +0000 2015,RT @RushNash: We the North #lowry #Raptors #7 #WeTheNorth https://t.co/o1gftu3KMo
Sat May 02 21:42:18 +0000 2015,#NBA #Raptors trying to focus on #Wizards not just Paul Pierce http://t.co/Mls9Mga78H
Sat May 02 21:42:14 +0000 2015,Orlando #Magic drop heart breaker to Toronto #Raptors http://t.co/Gr7Cbaw7iD #NBA
Sat May 02 21:42:14 +0000 2015,Orlando #Magic drop heart breaker to Toronto #Raptors http://t.co/TJBAUe9oMB #NBA
Sat May 02 21:42:13 +0000 2015,#Raptors trying to focus on #Wizards not just Paul Pierce #NBA http://t.co/RgU0fEqvsM
Sat May 02 21:42:12 +0000 2015,#NBA Orlando #Magic drop heart breaker to Toronto #Raptors http://t.co/TlwzaFbEaP
Sat May 02 21:41:27 +0000 2015,RT @SimonDingleyCBC: Canada's Andrew Wiggins back in Toronto wearing @BlueJays cap. Says he cheered for #Raptors in NBA playoffs. http://t.…
Sat May 02 21:40:52 +0000 2015,Canada's Andrew Wiggins back in Toronto wearing @BlueJays cap. Says he cheered for #Raptors in NBA playoffs. http://t.co/pByUl5TigU
Sat May 02 21:38:56 +0000 2015,Five possible homes for Raptors proposed NBA D-League team| http://t.co/07Eih6WVDO #Raptors
Sat May 02 21:30:25 +0000 2015,Sit Down and Write Two Letters :The Case for Keeping Dwane Casey http://t.co/jxooEOoojh #Raptors #NBA
Sat May 02 21:28:24 +0000 2015,With 6 UFAs and Marcus Camby's waived contract expiring, the #Raptors could have just under $30 million coming off the books this summer
Sat May 02 21:28:03 +0000 2015,ICYMI: #Raptors season-ending recaps from #stackmack Masai Ujiri - http://t.co/IqzNC90Jhp Coach Casey &amp; Players -… http://t.co/ejssNNLUlT
Sat May 02 21:28:03 +0000 2015,#Raptors 【RETWEET】 #Followback #Follow #TFB #TFBJP #F4F #FF #Me #Love #TF #Like #MGWV @FollowbackImage http://t.co/HifLH9DuFW
Sat May 02 21:27:59 +0000 2015,#Raptors UFAs ($ coming off the books): Amir ($7M), Fields ($6.3M), Hayes ($6.0M), Williams ($5.5M), Hansbrough ($3.3M), Stiemsma ($981K)
Sat May 02 21:20:41 +0000 2015,RT @Clippers_FZ: Orlando #Magic drop heart breaker to Toronto #Raptors #NBA http://t.co/7t511ys04h
Sat May 02 21:20:12 +0000 2015,#Raptors trying to focus on #Wizards, not just Pierce http://t.co/uQM36VlbvH
Sat May 02 21:20:06 +0000 2015,Orlando #Magic drop heart breaker to Toronto #Raptors #NBA http://t.co/7t511ys04h
Sat May 02 21:13:30 +0000 2015,The bitch is back!!!! Thanks for the present hectorpuebla #raptors #thecanadianboyisback https://t.co/JGx3ubx0mV
Sat May 02 21:10:24 +0000 2015,The Stunted Growth of Jonas Valanciunas http://t.co/3nLHU13a7d #Raptors #NBA
Sat May 02 21:04:42 +0000 2015,RT @TRaptorsfan: Poll :What should the Raptors do with Jonas Valanciunas? http://t.co/7xfoDHhdN3 #Raptors #NBA
