Sun May 03 00:27:54 +0000 2015,After changing my mind like 50 times, I've finally concluded that I'd rather face the #Spurs in round 2. #Rockets
Sun May 03 00:27:08 +0000 2015,RT @JudsonAthletics: Thanks to all who came out and supported our fundraiser today! It was a huge success! #Rockets http://t.co/ZKt6Z3cHoA
Sun May 03 00:27:05 +0000 2015,TIX http://t.co/J0APjn0b85 L L (2) LA CLIPPERS vs Houston #Rockets 5/8 tickets Round2 Game3 Sec321 R6… http://t.co/gevfwBuRcr #Ticket…
Sun May 03 00:25:39 +0000 2015,L L #NBA #DwightHoward 2014-15 Panini Prizm Variation Short Print Dwight Howard #11 Houston Rockets #Rockets… http://t.co/AWNRk6AVOa
Sun May 03 00:25:36 +0000 2015,RT @ZillaMane41: #Rockets #RedNation #HTine 🚀🚀🚀 http://t.co/heeRLyO8tR
Sun May 03 00:25:31 +0000 2015,My older brother the Spurs fan says the #Rockets' horse and gun emoji Tweet is "classless". Being a bandwagon fan is worse, dude. #Pursuit
Sun May 03 00:24:37 +0000 2015,#NBAPlayoffs #ROCKETSvMAVS #MavsVsRockets #Rockets #Mavericks  check your balls! http://t.co/CPTfsk8dRE
Sun May 03 00:22:15 +0000 2015,#DwightHoward #Deals Dwight Howard 2010-11 Panini Threads Century Stars Materials #14 381/399 http://t.co/ienrcHIrTh #NBA #Rockets
Sun May 03 00:22:15 +0000 2015,#NBA #DwightHoward Dwight Howard 2010-11 Panini Threads Century Stars Materials #14 381/399 http://t.co/MDlNzpbJjK #Rockets #Bargains
Sun May 03 00:20:35 +0000 2015,L #NBA #Rockets 2009-10 #JamesHarden/Serge Ibaka Rookie Auto 15/99 Sp #Bargains #Deals http://t.co/JUOiQBIcgX
Sun May 03 00:16:34 +0000 2015,#NBA #Rockets #JamesHarden 2014-15 Select Concourse Base #26 http://t.co/LFA2PaPwEU #Bargains #Deals
Sun May 03 00:16:02 +0000 2015,Mal sehen wer's macht und gegen die #Rockets ran muss. #LACvsSAS #nbade
Sun May 03 00:15:02 +0000 2015,Thanks to all who came out and supported our fundraiser today! It was a huge success! #Rockets http://t.co/ZKt6Z3cHoA
Sun May 03 00:14:35 +0000 2015,TIX http://t.co/JaFlKEdQwa L (2) LA CLIPPERS vs Houston #Rockets 5/8 tickets Gm#3 CENTER Sec319… http://t.co/viaCDYNRB5 #Ticket #Tickets
Sun May 03 00:14:35 +0000 2015,L L L #NBA #DwightHoward 2014-15 Panini Select DWIGHT HOWARD Courtside SILVER Prizm Team USA SP #232 #Rockets… http://t.co/QTTs6brbcM
Sun May 03 00:11:24 +0000 2015,http://t.co/gNvynRi2jI Inside The NBA: Uninterrupted  #Rockets #NBA http://t.co/2jrSZ3xnW0
Sun May 03 00:11:04 +0000 2015,TIX http://t.co/J0APjn0b85 L 2 E-TICKETS (Flash Seats)!! Houston #Rockets vs TBD Playoffs 05/04/15… http://t.co/777zD9GAUo #Ticket…
Sun May 03 00:10:33 +0000 2015,It's game time! Who will play the #Rockets in the second round of the #NBA playoffs? #Spurs and #Clippers right now on ESPN 106.3!
Sun May 03 00:10:04 +0000 2015,Southwest Notes :Parsons, Villanueva, Fredette http://t.co/Bg6dvLTD6q #Rockets #NBA
Sun May 03 00:09:08 +0000 2015,L L B #NBA #DwightHoward 2004-05 Bowman Chrome Dwight Howard Rookie Card #129 #Rockets #Bargains http://t.co/nj8ACQ2C6J
Sun May 03 00:09:05 +0000 2015,L #NBA #Rockets 2014-15 PANINI SELECT #JamesHarden DWIGHT HOWARD DUAL #Jersey /149 ROCKETS #Bargains #Deals http://t.co/ylsBzxIjGH
Sun May 03 00:04:37 +0000 2015,#DwightHoward #Deals Dwight Howard 2014-15 Select Concourse Base #34 http://t.co/LSYhvk3Zmb #NBA #Rockets
Sun May 03 00:04:36 +0000 2015,#NBA #DwightHoward Dwight Howard 2014-15 Select Concourse Base #34 http://t.co/vhxcoEvf1d #Rockets #Bargains
Sun May 03 00:03:32 +0000 2015,Watching spurs vs. clippers game cause the winner of this takes on my babies.👊🏼🏀 #Houston #Rockets
Sun May 03 00:03:06 +0000 2015,L L L #NBA #DwightHoward Dwight Howard 2014-15 Select Concourse Blue Silver Prizms Refractor #34 #Rockets #Bargains http://t.co/XP1G2fvoPX
Sun May 03 00:03:06 +0000 2015,L L L #Cards #NBA 2014-15 PANINI SELECT #JamesHarden DWIGHT HOWARD DUAL #Jersey /149 #Rockets #Card #Bestseller http://t.co/4RsyP1ls4P
Sun May 03 00:02:29 +0000 2015,Josh Smith is talented and versatile, but this is a real quote of his #pistons #hawks #rockets http://t.co/cJBtTKnIy5
Sun May 03 00:01:21 +0000 2015,#NBA #Rockets 2012 Brilliance Insert #Cards Lot Anthony Davis #JamesHarden Julius Erving Beal http://t.co/KVWpdULqe4 #Bargains #Deals
Sun May 03 00:01:05 +0000 2015,TIX http://t.co/uc1QIL6tF6 A 2 E-#Tickets (Flash Seats)!! Houston #Rockets vs TBD Playoffs… http://t.co/wqu5AwpQbK #Ticket #BasketBall
Sun May 03 00:00:36 +0000 2015,Game 7 between #Clippers/ #Spurs should be one of the best games of this years #NBAPlayoffs. Winner gets to play #Rockets and @JHarden13.
Sat May 02 23:59:51 +0000 2015,#NBA #Rockets - HOUSTON ROCKETS v SPURS 1981 ALBUQUERQUE PROGRAM GERVIN:  $19.00End Dat... http://t.co/S5mUOZgUWh http://t.co/k33Sm3HFUt
Sat May 02 23:59:51 +0000 2015,#NBA #Rockets - NBA Adidas stitched James Harden 13 CNY Houston Rockets Jersey size XL:... http://t.co/f25PZ9Uh4X http://t.co/k33Sm3HFUt
Sat May 02 23:59:36 +0000 2015,http://t.co/yrMtBKmZxO 2 E-TICKETS (Flash Seats)!! Houston Rockets vs TBD Playoffs 05 #Rockets http://t.co/zYxZYJTHqk
Sat May 02 23:59:05 +0000 2015,TIX http://t.co/JaFlKEdQwa L (2) LA CLIPPERS vs Houston #Rockets 5/10 tickets Game4 Sec321 Row6… http://t.co/wEQEC0ZE9n #Ticket #Tickets
Sat May 02 23:58:07 +0000 2015,L L B #DwightHoward #Deals 2014-15 Panini Hoops Basketball - Dwight Howard Road to Finals - 561/2014 #NBA #Rockets http://t.co/XQNvRYksTu
Sat May 02 23:55:33 +0000 2015,TIX http://t.co/J0APjn0b85 L (2) LA CLIPPERS vs Houston #Rockets 5/8 tickets Round2 Game3 Sec321 R6… http://t.co/gevfwBuRcr #Ticket…
Sat May 02 23:50:49 +0000 2015,HOUSTON ROCKETS for the last WEEK

#rockets #relaxing http://t.co/u9nsRmpjCw
Sat May 02 23:50:04 +0000 2015,Hoops Rumors Weekly Mailbag 4/26/15-5/2/15 http://t.co/wRTUGUM3Ub #Rockets #NBA
Sat May 02 23:49:15 +0000 2015,TIX http://t.co/JaFlKEdQwa 2 E-TICKETS (Flash Seats)!! Houston #Rockets vs TBD Playoffs 05/04/15… http://t.co/sRtkatHxRk #Ticket #Tickets
Sat May 02 23:49:09 +0000 2015,TIX http://t.co/J0APjnhMwF 2 E-TICKETS (Flash Seats)!! Houston #Rockets vs TBD Playoffs 05/04/15… http://t.co/777zD9GAUo #Ticket #Tickets
Sat May 02 23:49:04 +0000 2015,TIX http://t.co/uc1QIL6tF6 2 E-#Tickets (Flash Seats)!! Houston #Rockets vs TBD Playoffs… http://t.co/wqu5AwpQbK #Ticket #BasketBall
Sat May 02 23:45:05 +0000 2015,#NBA #Rockets 2009-10 #JamesHarden/Serge Ibaka Rookie Auto 15/99 Sp http://t.co/rshJw2dJLr #Bargains #Deals
Sat May 02 23:44:05 +0000 2015,http://t.co/5lUFLmgRBu [Houston Chronicle: Ultimate Rockets] - Defense remains atop Rocke #Rockets http://t.co/pLNLaedgXq
Sat May 02 23:43:09 +0000 2015,L #NBA #Rockets 14-15 Select #JamesHarden USA Basketball Tie Dye Refractor 13/25 Same #Jersey No #Bargains #Deals http://t.co/6FKSiF4smD
Sat May 02 23:43:06 +0000 2015,L #Basketball #Buzz 2014-15 Panini Prizm Variation Short Print Dwight Howard #11 Houston #Rockets #Forsale #onsale http://t.co/Ipg1cWktEf
Sat May 02 23:37:14 +0000 2015,L #DwightHoward #Deals 2014-15 Panini Prizm Variation Short Print Dwight Howard #11 Houston Rockets #NBA #Rockets http://t.co/bKk4oQaWkK
Sat May 02 23:33:35 +0000 2015,#Spurs #Rockets #2ndRound
Sat May 02 23:32:05 +0000 2015,L #NBA #DwightHoward 2014-15 Panini Prizm Variation Short Print Dwight Howard #11 Houston Rockets #Rockets #Bargains http://t.co/Urdg3PJpgp
Sat May 02 23:31:03 +0000 2015,TIX http://t.co/uc1QIL6tF6 A A (2) LA CLIPPERS vs Houston #Rockets 5/8 #Tickets Gm#3 CENTER Sec319… http://t.co/JpIoJ14Rcv #Ticket…
Sat May 02 23:29:06 +0000 2015,#Cards #NBA 2013 14 #JamesHarden PANINI INNOVATION STAINED GLASS INSERT SSP #58 #Rockets http://t.co/DAAxmKJjE1 #Card #Bestseller
Sat May 02 23:29:05 +0000 2015,TIX http://t.co/JaFlKEdQwa L (2) LA CLIPPERS vs Houston #Rockets 5/10 tickets Game4 Sec321 Row6… http://t.co/4yQY6RSgti #Ticket #Tickets
Sat May 02 23:29:05 +0000 2015,#NBA #Rockets 2014-15 PANINI SELECT #JamesHarden DWIGHT HOWARD DUAL #Jersey /149 ROCKETS http://t.co/jjXvge3qTg #Bargains #Deals
Sat May 02 23:27:07 +0000 2015,L L #Cards #NBA 2014-15 PANINI SELECT #JamesHarden DWIGHT HOWARD DUAL #Jersey /149 #Rockets #Card #Bestseller http://t.co/8K1a095wBj
Sat May 02 23:26:05 +0000 2015,TIX http://t.co/J0APjn0b85 L (2) LA CLIPPERS vs Houston #Rockets 5/10 tickets Game4 Sec321 Row6… http://t.co/loUv2Exlb7 #Ticket #Tickets
Sat May 02 23:25:15 +0000 2015,NBA Game Thread for April 30, 2015 http://t.co/sgyG4oKo8r #Rockets #NBA
Sat May 02 23:22:09 +0000 2015,L L #NBA #DwightHoward 2014-15 Panini Select DWIGHT HOWARD Courtside SILVER Prizm Team USA SP #232 #Rockets… http://t.co/vQGgG3vpzr
Sat May 02 23:19:14 +0000 2015,OK HOUSTON

who do you want

CLIPPERS
or 
SPURS

#rockets
Sat May 02 23:18:03 +0000 2015,#food #johnny #rockets #sp @ Johnny Rockets Brasil https://t.co/DvkcDo60zF
Sat May 02 23:16:36 +0000 2015,TIX http://t.co/JaFlKEdQwa (2) LA CLIPPERS vs Houston #Rockets 5/8 tickets Gm#3 CENTER Sec319… http://t.co/viaCDYNRB5 #Ticket #Tickets
Sat May 02 23:16:35 +0000 2015,TIX http://t.co/J0APjn0b85 (2) LA CLIPPERS vs Houston #Rockets 5/8 tickets Round2 Game3 Sec321 R6… http://t.co/gevfwBuRcr #Ticket #Tickets
Sat May 02 23:16:35 +0000 2015,L L #NBA #Rockets 2012-13 CONTENDERS #JamesHarden CONTEMPORARY CONTENDERS AUTO 19/49 #Bargains #Deals http://t.co/4iLi4h4edj
Sat May 02 23:16:34 +0000 2015,L B #NBA #DwightHoward 2004-05 Bowman Chrome Dwight Howard Rookie Card #129 #Rockets #Bargains http://t.co/leWrq6exlN
Sat May 02 23:16:34 +0000 2015,TIX http://t.co/uc1QIL6tF6 (2) LA CLIPPERS vs Houston #Rockets 5/10 #Tickets Game4 Sec321 Row6… http://t.co/9mgyBLsP5D #Ticket #BasketBall
Sat May 02 23:15:37 +0000 2015,ORES State Track meet 200m Champion 
󾟭#rockets http://t.co/j36xOYf7YQ
Sat May 02 23:13:34 +0000 2015,TIX http://t.co/JaFlKEdQwa L L (2) LA CLIPPERS vs Houston #Rockets 5/8 tickets Round2 Game3 Sec321 R6… http://t.co/cz5Q3WAeuj #Ticket…
Sat May 02 23:10:34 +0000 2015,TIX http://t.co/J0APjn0b85 L L L (2) LA CLIPPERS vs Houston #Rockets 5/8 tickets Gm#3 CENTER Sec319… http://t.co/1ZoEReZJMK #Ticket…
Sat May 02 23:10:07 +0000 2015,L L #DwightHoward #Deals 2014-15 Panini Select DWIGHT HOWARD Courtside SILVER Prizm Team USA SP #232 #NBA #Rockets http://t.co/4160eAMQr4
Sat May 02 23:05:15 +0000 2015,Fellow executives snub Daryl Morey for Executive of the Year http://t.co/PIea3YO89d #Rockets #NBA
Sat May 02 23:04:34 +0000 2015,L L #NBA #DwightHoward Dwight Howard 2014-15 Select Concourse Blue Silver Prizms Refractor #34 #Rockets #Bargains http://t.co/GEJkxCyLnT
Sat May 02 23:01:18 +0000 2015,TIX http://t.co/J0APjn0b85 (2) LA CLIPPERS vs Houston #Rockets 5/10 tickets Game4 Sec321 Row6… http://t.co/8mZreQncMD #Ticket #Tickets
Sat May 02 23:01:03 +0000 2015,TIX http://t.co/uc1QIL6tF6 A (2) LA CLIPPERS vs Houston #Rockets 5/8 #Tickets Gm#3 CENTER Sec319… http://t.co/JpIoJ14Rcv #Ticket…
Sat May 02 23:00:06 +0000 2015,TIX http://t.co/JaFlKEdQwa (2) LA CLIPPERS vs Houston #Rockets 5/10 tickets Game4 Sec321 Row6… http://t.co/wEQEC0ZE9n #Ticket #Tickets
Sat May 02 23:00:05 +0000 2015,TIX http://t.co/uc1QIL6tF6 (2) LA CLIPPERS vs Houston #Rockets 5/10 #Tickets Game4 Sec321 Row6… http://t.co/cKUXj7iLY4 #Ticket #BasketBall
Sat May 02 22:59:05 +0000 2015,L B #DwightHoward #Deals 2014-15 Panini Hoops Basketball - Dwight Howard Road to Finals - 561/2014 #NBA #Rockets http://t.co/NUhZMIZNap
Sat May 02 22:58:21 +0000 2015,TIX http://t.co/JaFlKEdQwa L (2) LA CLIPPERS vs Houston #Rockets 5/8 tickets Round2 Game3 Sec321… http://t.co/4YP7RwLvE6 #Ticket #Tickets
Sat May 02 22:56:36 +0000 2015,#NBA #Rockets 14-15 Select #JamesHarden USA Basketball Tie Dye Refractor 13/25 Same #Jersey No http://t.co/txqUzfrV5k #Bargains #Deals
Sat May 02 22:55:34 +0000 2015,TIX http://t.co/J0APjn0b85 L (2) LA CLIPPERS vs Houston #Rockets 5/8 tickets Round2 Game3 Sec321… http://t.co/6r6CYOmBRN #Ticket #Tickets
Sat May 02 22:52:13 +0000 2015,James Harden, Dwight Howard Leading Modern-Day Rockets to Uncharted Territory| http://t.co/2600Xxeb2h #Rockets
Sat May 02 22:45:14 +0000 2015,Top 5 stories on the Houston Rockets this week http://t.co/WwPAEEqaIA #Rockets #NBA
Sat May 02 22:45:04 +0000 2015,#Rockets play the winner of #CLIPPERSvSPURS. Would it be too much to ask for this game to go to Quadruple OT?
Sat May 02 22:44:06 +0000 2015,TIX http://t.co/JaFlKEdQwa (2) LA CLIPPERS vs Houston #Rockets 5/10 tickets Game4 Sec321 Row6… http://t.co/4yQY6RSgti #Ticket #Tickets
Sat May 02 22:44:06 +0000 2015,#Basketball #Buzz 2014-15 Panini Prizm Variation Short Print Dwight Howard #11 Houston #Rockets http://t.co/kXjDbHKx1J #Forsale #onsale
Sat May 02 22:44:05 +0000 2015,#DwightHoward #Deals 2014-15 Panini Prizm Variation Short Print Dwight Howard #11 Houston Rockets http://t.co/T6KEVM5APX #NBA #Rockets
Sat May 02 22:44:05 +0000 2015,#NBA #DwightHoward 2014-15 Panini Prizm Variation Short Print Dwight Howard #11 Houston Rockets http://t.co/cSvWKPJ3Q1 #Rockets #Bargains
Sat May 02 22:44:04 +0000 2015,TIX http://t.co/J0APjn0b85 (2) LA CLIPPERS vs Houston #Rockets 5/10 tickets Game4 Sec321 Row6… http://t.co/loUv2Exlb7 #Ticket #Tickets
Sat May 02 22:44:04 +0000 2015,TIX http://t.co/uc1QIL6tF6 (2) LA CLIPPERS vs Houston #Rockets 5/8 #Tickets Round2 Game3… http://t.co/xI4OrSUuy0 #Ticket #BasketBall
Sat May 02 22:44:04 +0000 2015,L #Cards #NBA 2014-15 PANINI SELECT #JamesHarden DWIGHT HOWARD DUAL #Jersey /149 #Rockets #Card #Bestseller http://t.co/u4WFZRlGWq
Sat May 02 22:43:43 +0000 2015,Congratulations to Cathy Jankovic of Subsurface Consultants &amp; Associates for winning our first #Rockets playoff tickets contest!
Sat May 02 22:42:08 +0000 2015,TIX http://t.co/JaFlKEdQwa L (2) LA CLIPPERS vs Houston #Rockets 5/8 tickets Round2 Game3 Sec321 R6… http://t.co/cz5Q3WAeuj #Ticket…
Sat May 02 22:41:15 +0000 2015,http://t.co/gNvynRi2jI NBA Rooks: Marcus Smart  #Rockets #NBA http://t.co/WzEe047rcP
Sat May 02 22:40:39 +0000 2015,Gronk taking a page Calvin's sartorial splendor book? But don't think Murph has worn a hat let alone plaid #Rockets http://t.co/mEh3V3AETo
Sat May 02 22:40:37 +0000 2015,TIX http://t.co/J0APjn0b85 L L (2) LA CLIPPERS vs Houston #Rockets 5/8 tickets Gm#3 CENTER Sec319… http://t.co/1ZoEReZJMK #Ticket #Tickets
Sat May 02 22:40:34 +0000 2015,#NBA #Rockets #JamesHarden 2014-15 PANINI SELECT COURTSIDE PURPLE WHITE PRIZM TEAM USA #214 http://t.co/ToI5hASy0s #Bargains #Deals
Sat May 02 22:40:00 +0000 2015,Houston #Rockets fire social media manager who tweeted infamous #Mavericks tweet – http://t.co/e0M3TtjSCt http://t.co/aBTc2KJx6g
Sat May 02 22:39:31 +0000 2015,Kentucky Derby Time....🐴🔫 shhhh it'll be over soon #rockets
Sat May 02 22:38:34 +0000 2015,L #NBA #Rockets 2012-13 CONTENDERS #JamesHarden CONTEMPORARY CONTENDERS AUTO 19/49 #Bargains #Deals http://t.co/oywnEKL4UP
Sat May 02 22:37:37 +0000 2015,L #NBA #DwightHoward 2014-15 Panini Select DWIGHT HOWARD Courtside SILVER Prizm Team USA SP #232 #Rockets #Bargains http://t.co/pekomxqXtB
Sat May 02 22:36:20 +0000 2015,RT @The_FastBreak: Awesome dunk by James Harden!! #Rockets #NBAPlayoffs https://t.co/KOlOu0vzF2
Sat May 02 22:36:01 +0000 2015,RT @TKoB23: Sérieusement, on préfère Steph Curry en MVP que James Harden ... 

#CurryMVP #SplashBrothers #Warriors #Harden #Rockets
Sat May 02 22:32:05 +0000 2015,L L L #NBA #DwightHoward 2004-05 Bowman Chrome Dwight Howard Rookie Card #129 #Rockets #Bargains http://t.co/dHkuxvt2h0
