Sun May 03 00:16:23 +0000 2015,#NBA #Pelicans dispose of the #Suns, 90-75 http://t.co/1QOvxnTsIZ
Sun May 03 00:16:22 +0000 2015,#Suns' changes, issues complicate Jeff Hornacek's job #NBA http://t.co/IBZNOCFlKa
Sun May 03 00:16:18 +0000 2015,#NBA After an odd year, the Phoenix #Suns face an uncertain future http://t.co/uz3qmIsisP
Sun May 03 00:15:12 +0000 2015,Damian Lillard Graduates From Weber State http://t.co/aSRc3p6sAy #Suns #NBA
Sun May 03 00:13:50 +0000 2015,Not quite Cotton Fitzsimmons admonishing #Suns fans who booed Dan Majerle pick, but stromg take on @KingRod90 http://t.co/jQU7F9jcyG
Sun May 03 00:11:34 +0000 2015,RT @topSuns: Jaylen Brown Commits To California http://t.co/KSaHi8r13b #Suns #NBA
Sun May 03 00:08:17 +0000 2015,RT @ValleyoftheSuns: Our final Phoenix #Suns Player Grades are up and we saved the best for last! Here’s a look at Eric Bledsoe’s season:

…
Sun May 03 00:08:14 +0000 2015,RT @ValleyoftheSuns: ICYMI, we took a look at Eric Bledsoe’s improvement over the last year with some Phoenix #Suns Player Grades:

http://…
Sun May 03 00:08:10 +0000 2015,RT @ValleyoftheSuns: Phoenix #Suns: Complete 2014-15 Player Grades

http://t.co/smYY70Zhdq http://t.co/URl4EAbqGO
Sun May 03 00:08:07 +0000 2015,RT @ValleyoftheSuns: The @Suns want to know: If the #Suns had football helmets, what would they look like?

http://t.co/d2PXpS5aeA http://t…
Sun May 03 00:08:04 +0000 2015,RT @ValleyoftheSuns: 5-on-5: Assessing The #Suns’ Position In The 2015 NBA Draft

http://t.co/lspS7Hz7tI http://t.co/A1uvOK1OBD
Sun May 03 00:08:01 +0000 2015,RT @ValleyoftheSuns: Did you miss any of our 2014-15 Phoenix #Suns Player Grades? We’ve gathered them all in one convenient spot: 

http://…
Sun May 03 00:02:16 +0000 2015,03-04 Flair Final Edition @AMAREisreal STOUDEMIRE PARCHMENT GOLD CUT AutoGraph #/25 http://t.co/CYdhOLKrq3 @eBay #Mavericks #Suns #Knicks
Sat May 02 23:55:12 +0000 2015,Arron Afflalo Plans To Opt Out, Become Free Agent http://t.co/PM5Wo1TN6j #Suns #NBA
Sat May 02 23:54:30 +0000 2015,#NBA The New Orleans #Pelicans dispose of the Phoenix #Suns, 90-75 http://t.co/3rTKDzGcw8
Sat May 02 23:46:44 +0000 2015,http://t.co/EEkB0NdMH9: A&amp;amp;L Transport... http://t.co/Um0FZK1Ikc #arizona #freight #moving #phoenix #shipping #suns #transport #tucson
Sat May 02 23:37:16 +0000 2015,#suns Alex Len offensive and defensive shot charts http://t.co/IjErWyhj1o #reddit
Sat May 02 23:37:09 +0000 2015,Just referenced Horry's hip check of Nash in my notes column for Sunday. Really been 8 years? And does still get under your skin #suns fans?
Sat May 02 23:35:11 +0000 2015,Jaylen Brown Commits To California http://t.co/KSaHi8r13b #Suns #NBA
Sat May 02 23:32:30 +0000 2015,After an odd year, the Phoenix #Suns face an uncertain #NBA future http://t.co/Hs8fZUWrcI
Sat May 02 23:32:04 +0000 2015,#NBA The New Orleans #Pelicans dispose of the Phoenix #Suns, 90-75 http://t.co/DFIV4lEBCK
Sat May 02 23:15:11 +0000 2015,Mike Dunleavy Jr. Dodges Suspension From NBA http://t.co/uOV902Lmcy #Suns #NBA
Sat May 02 23:10:28 +0000 2015,After an odd #NBA year, the Phoenix #Suns face an uncertain future http://t.co/g0w9HBwL8G
Sat May 02 23:10:25 +0000 2015,#NBA After an odd year, the Phoenix #Suns face an uncertain future http://t.co/4FVg0M3Yl6
Sat May 02 23:10:22 +0000 2015,#NBA #Suns' changes, issues complicate Jeff Hornacek's job http://t.co/WzC5JbS0JQ
Sat May 02 23:10:20 +0000 2015,After an odd #NBA year, the Phoenix #Suns face an uncertain future http://t.co/EodYYXW407
Sat May 02 22:55:10 +0000 2015,Clippers Ballmer is a fan boy, and might not make it through the playoffs http://t.co/iEtKLiT6ri #Suns #NBA
Sat May 02 22:49:19 +0000 2015,RT @Magic_FZ: The New Orleans #Pelicans dispose of the Phoenix #Suns, 90-75 #NBA http://t.co/KOubKIlcTR
Sat May 02 22:48:59 +0000 2015,After an odd #NBA year, the Phoenix #Suns face an uncertain future http://t.co/CFw5PU5CMd
Sat May 02 22:48:58 +0000 2015,Phoenix #Suns' changes, issues complicate Jeff Hornacek's job #NBA http://t.co/zpJTmdvWDx
Sat May 02 22:48:57 +0000 2015,The New Orleans #Pelicans dispose of the Phoenix #Suns, 90-75 #NBA http://t.co/KOubKIlcTR
Sat May 02 22:48:56 +0000 2015,#NBA The New Orleans #Pelicans dispose of the Phoenix #Suns, 90-75 http://t.co/LzvC3T3JHH
Sat May 02 22:48:54 +0000 2015,#NBA Phoenix #Suns' changes, issues complicate Jeff Hornacek's job http://t.co/j3lX678yx4
Sat May 02 22:35:09 +0000 2015,Solar Flares :Phoenix Suns top 5 stories of the week http://t.co/TCjDv5WfrM #Suns #NBA
Sat May 02 22:26:24 +0000 2015,#NBA #Pelicans dispose of the #Suns, 90-75 http://t.co/wb3hy6WaHj
Sat May 02 22:21:08 +0000 2015,Gold #Coast #Suns #beat #Brisbane #Lions #by #64 #points #in #QClash #at #Carrara,… http://t.co/YwYk4Fthlz |P2 http://t.co/KX9mq7Q85Y
Sat May 02 22:18:30 +0000 2015,RT @topSuns: Suns Player Reviews :Jerel McNeal http://t.co/9TsOMj7mwg #Suns #NBA
Sat May 02 22:15:09 +0000 2015,Suns Player Reviews :Jerel McNeal http://t.co/9TsOMj7mwg #Suns #NBA
Sat May 02 22:06:10 +0000 2015,Some non #MayweatherPacquiao notes: like the #AZCardinals draft, nice win for @torontofc and 48/4 for b. Knight is a good deal for the #suns
Sat May 02 22:04:28 +0000 2015,After an odd year, the Phoenix #Suns face an uncertain #NBA future http://t.co/5HaEcVGzgs
Sat May 02 22:04:27 +0000 2015,#NBA #Suns' changes, issues complicate Jeff Hornacek's job http://t.co/Z4MrohWaJN
Sat May 02 21:55:08 +0000 2015,What if Suns Starred in Avengers :Age of Ultron? http://t.co/DNDijpdrEF #Suns #NBA
Sat May 02 21:49:28 +0000 2015,RT @ElsLewis: Couldn't have asked for a better club to play for and teammates to win with. Thank you for all you taught me @Lenbusch keep i…
Sat May 02 21:42:16 +0000 2015,After an odd year, the Phoenix #Suns face an uncertain future #NBA http://t.co/n6QxCrvz5y
Sat May 02 21:42:10 +0000 2015,#NBA #Pelicans dispose of the #Suns, 90-75 http://t.co/SMBKry9qWl
Sat May 02 21:35:08 +0000 2015,Hoops Rumors Originals 4/26/15-5/2/15 http://t.co/6ljaezY6x9 #Suns #NBA
Sat May 02 21:15:07 +0000 2015,Southwest Notes :Parsons, Villanueva, Fredette http://t.co/hWR5sOahBB #Suns #NBA
Sat May 02 20:58:12 +0000 2015,Phoenix #Suns' changes, issues complicate Jeff Hornacek's job #NBA http://t.co/0jJob8okiX
Sat May 02 20:58:06 +0000 2015,The New Orleans #Pelicans dispose of the Phoenix #Suns, 90-75 #NBA http://t.co/2GatPTIt0I
Sat May 02 20:58:05 +0000 2015,#Suns' changes, issues complicate Jeff Hornacek's job #NBA http://t.co/bDLJfS4vtS
Sat May 02 20:58:04 +0000 2015,The New Orleans #Pelicans dispose of the Phoenix #Suns, 90-75 #NBA http://t.co/nUrA57DBmK
Sat May 02 20:58:03 +0000 2015,#NBA The New Orleans #Pelicans dispose of the Phoenix #Suns, 90-75 http://t.co/BZIme0muKN
Sat May 02 20:36:30 +0000 2015,#Suns' changes, issues complicate Jeff Hornacek's job #NBA http://t.co/1DvN2Gx3fi
Sat May 02 20:30:18 +0000 2015,Mike Conley Not Expected To Play In Games 1-2 http://t.co/I37paOTdyc #Suns #NBA
Sat May 02 20:14:17 +0000 2015,#NBA #Pelicans dispose of the #Suns, 90-75 http://t.co/BcsInGdopO
Sat May 02 20:04:43 +0000 2015,http://t.co/EEkB0MWbiz: 43 Cheap Jordan Retro VIII 8... http://t.co/DkaAm5zdto #cheap #jordan #phoenix #quality #retro #review #suns #viii
Sat May 02 20:04:41 +0000 2015,http://t.co/EEkB0NdMH9: where to buy 2014 new Air Jordan 8 Retro Phoenix... http://t.co/4ZmCa6GZbd #jordan #phoenix #retro #suns #unboxing
Sat May 02 19:52:13 +0000 2015,#NBA Phoenix #Suns' changes, issues complicate Jeff Hornacek's job http://t.co/wff6m0Zdpx
Sat May 02 19:52:11 +0000 2015,#NBA The New Orleans #Pelicans dispose of the Phoenix #Suns, 90-75 http://t.co/6vimCGTwQ1
Sat May 02 19:52:11 +0000 2015,#NBA #Pelicans dispose of the #Suns, 90-75 http://t.co/9I6fy1Uwv3
Sat May 02 19:52:09 +0000 2015,After an odd year, the Phoenix #Suns face an uncertain future #NBA http://t.co/vr9F2nsQgN
Sat May 02 19:52:08 +0000 2015,#NBA New Orleans #Pelicans dispose of the Phoenix #Suns, 90-75 http://t.co/c24xnIakyt
Sat May 02 19:52:06 +0000 2015,After an odd year, the Phoenix #Suns face an uncertain future #NBA http://t.co/i3MTl1yBZB
Sat May 02 19:51:11 +0000 2015,#LebronGang #u18FinalsWinners #Suns @SevenoaksSuns http://t.co/1qTiQYvOct
Sat May 02 19:30:46 +0000 2015,#NBA Phoenix #Suns' changes, issues complicate Jeff Hornacek's job http://t.co/zVhFqVBYPd
Sat May 02 19:30:45 +0000 2015,After an odd year, the Phoenix #Suns face an uncertain #NBA future http://t.co/ep2PiovD33
Sat May 02 19:27:07 +0000 2015,http://t.co/hF236a2kOs: SUNS TV: PGA Golf At Metricon Stadium http://t.co/vqGSHnFSXb #golf #metricon #stadium #suns
Sat May 02 19:10:52 +0000 2015,RT @ElsLewis: Couldn't have asked for a better club to play for and teammates to win with. Thank you for all you taught me @Lenbusch keep i…
Sat May 02 19:08:25 +0000 2015,#Suns' changes, issues complicate Jeff Hornacek's job #NBA http://t.co/5lWlix1Jly
Sat May 02 19:08:25 +0000 2015,#NBA The New Orleans #Pelicans dispose of the Phoenix #Suns, 90-75 http://t.co/w73Jw0DwJA
Sat May 02 19:08:21 +0000 2015,#Suns' changes, issues complicate Jeff Hornacek's job #NBA http://t.co/GUkda26qzk
Sat May 02 19:08:09 +0000 2015,RT @ElsLewis: Couldn't have asked for a better club to play for and teammates to win with. Thank you for all you taught me @Lenbusch keep i…
Sat May 02 19:06:55 +0000 2015,RT @ElsLewis: Couldn't have asked for a better club to play for and teammates to win with. Thank you for all you taught me @Lenbusch keep i…
Sat May 02 18:56:54 +0000 2015,RT @ElsLewis: Couldn't have asked for a better club to play for and teammates to win with. Thank you for all you taught me @Lenbusch keep i…
Sat May 02 18:46:53 +0000 2015,RT @Bucks_FZ: #NBA The New Orleans #Pelicans dispose of the Phoenix #Suns, 90-75 http://t.co/TU7Y9QxPE1
Sat May 02 18:46:09 +0000 2015,Phoenix #Suns' changes, issues complicate Jeff Hornacek's job #NBA http://t.co/BHJB8NIrE3
Sat May 02 18:46:08 +0000 2015,Phoenix #Suns' changes, issues complicate Jeff Hornacek's job #NBA http://t.co/e0iONeG0EO
Sat May 02 18:46:05 +0000 2015,Phoenix #Suns' changes, issues complicate Jeff Hornacek's job #NBA http://t.co/Mz3Q5NX84x
Sat May 02 18:46:03 +0000 2015,#NBA The New Orleans #Pelicans dispose of the Phoenix #Suns, 90-75 http://t.co/TU7Y9QxPE1
Sat May 02 18:44:17 +0000 2015,RT @ElsLewis: Couldn't have asked for a better club to play for and teammates to win with. Thank you for all you taught me @Lenbusch keep i…
Sat May 02 18:29:05 +0000 2015,RT @Lakers_FZ: The New Orleans #Pelicans dispose of the Phoenix #Suns, 90-75 #NBA http://t.co/9n4YAB3aAD
Sat May 02 18:28:02 +0000 2015,Couldn't have asked for a better club to play for and teammates to win with. Thank you for all you taught me @Lenbusch keep in touch💗 #suns
Sat May 02 18:27:15 +0000 2015,#Suns Can Stephen Curry Lead the Warriors to the Promised Land?: The last team to have this t... http://t.co/klGIv0kFTI #GoSuns #Phoenix
Sat May 02 18:24:21 +0000 2015,The New Orleans #Pelicans dispose of the Phoenix #Suns, 90-75 #NBA http://t.co/9n4YAB3aAD
Sat May 02 18:24:17 +0000 2015,#NBA After an odd year, the Phoenix #Suns face an uncertain future http://t.co/f0BFjusfoT
Sat May 02 18:24:04 +0000 2015,After an odd #NBA year, the Phoenix #Suns face an uncertain future http://t.co/oN0wf13S1V
Sat May 02 18:17:29 +0000 2015,Just finished a dope workout! #GotEm #Suns https://t.co/0SkTjbaX17
Sat May 02 18:11:42 +0000 2015,Mazā Lote.
#cute #dogy #suns #Stende #Kristas_houda https://t.co/H1qWTaZfZA
Sat May 02 18:06:02 +0000 2015,If Brandon Knight wanted $48 million from Milwaukee, what will he be aiming for with the Phoenix #Suns? http://t.co/8JvKbbhHTw
Sat May 02 18:02:09 +0000 2015,#NBA New Orleans #Pelicans dispose of the Phoenix #Suns, 90-75 http://t.co/lTouQYXAU6
Sat May 02 18:02:07 +0000 2015,After an odd year, the Phoenix #Suns face an uncertain #NBA future http://t.co/vtbEnOH3bW
Sat May 02 17:58:39 +0000 2015,#suns Eric has good taste. http://t.co/xWNU6g0iNA #reddit
Sat May 02 17:50:13 +0000 2015,2014/15 D-League Usage Report :Pacers http://t.co/Rbgn0udrva #Suns #NBA
Sat May 02 17:40:23 +0000 2015,After an odd year, the Phoenix #Suns face an uncertain #NBA future http://t.co/Kr5ZqTV9KV
Sat May 02 17:40:21 +0000 2015,#NBA #Suns' changes, issues complicate Jeff Hornacek's job http://t.co/p2rs8LqrWt
Sat May 02 17:33:07 +0000 2015,#Suns 【RETWEET】 #Followback #Follow #TFB #TFBJP #F4F #FF #Me #Love #TF #Like #MGWV @FollowbackImage http://t.co/YGzPm8uIZU
Sat May 02 17:30:11 +0000 2015,And-Ones :Huertas, NBA Draft, Towns http://t.co/U3MnFVqY70 #Suns #NBA
Sat May 02 17:23:45 +0000 2015,@SevenoaksSuns well done Girls, all the hard work pays off #Suns
Sat May 02 17:18:22 +0000 2015,#NBA The New Orleans #Pelicans dispose of the Phoenix #Suns, 90-75 http://t.co/FX7EgfcHrW
Sat May 02 17:18:08 +0000 2015,After an odd #NBA year, the Phoenix #Suns face an uncertain future http://t.co/c3y7v0Qywp
