Sun May 03 00:06:07 +0000 2015,#TrailBlazers #Buzz NEW #NBA TEENYMATES 1" Figure Portland Trail Blazers http://t.co/mxdF7LgamD #Deals #Collectibles
Sun May 03 00:06:06 +0000 2015,#NBA #TrailBlazers Portland Trailblazers T-shirt XL Teenage Mutant Turtles writing limited edition http://t.co/ixYVlo56BO #Sales #Discount
Sun May 03 00:02:35 +0000 2015,#Healthy #WeightLoss Jillian Michaels’ New Workout: Lose Weight In Just 30 Minutes A Day http://t.co/H1hKnG4WhO #TrailBlazers #Diet
Sun May 03 00:01:06 +0000 2015,L #NBA #TrailBlazers *NEW* $65 #Adidas ON COURT WARM UP PANTS PORTLAND TRAIL BLAZERS NBA SIZE 2XL #Sales #Discount http://t.co/VtPOe6ykHZ
Sat May 02 23:59:07 +0000 2015,#TrailBlazers #Cards 2013-14 National Treasures Damian Lillard Game Gear Jersey 33/99 Trail Blazers http://t.co/AJ6MM36kff #Onsale #Card
Sat May 02 23:59:06 +0000 2015,#TrailBlazers #Cards 1997-98 Skybox Metal Basketball #36 Isiah Rider Portland Trail Blazers #F469 http://t.co/ITQK13VxRe #Onsale #Card
Sat May 02 23:56:03 +0000 2015,L #TrailBlazers #Cards RED AUERBACH: 1996-97 Portland Trailblazers Unused Picture Ticket #NBA @ 50 #Onsale #Card http://t.co/0bNfeDgUFP
Sat May 02 23:54:28 +0000 2015,Portland #TrailBlazers vs. Utah #Jazz: Blazers Fall Flat on #NBA Fan Appreciation Night http://t.co/HcquYKqj4B
Sat May 02 23:51:05 +0000 2015,L #TrailBlazers #Cards 1995-96 Fleer Metal Basketball #92 Buck Williams Portland Trail Blazers #F326 #Onsale #Card http://t.co/9QXNtayLc4
Sat May 02 23:50:05 +0000 2015,#TrailBlazers #Buzz Portland Trailblazers T-shirt XL Teenage Mutant Turtles writing limited… http://t.co/QVtflbW8NX #Deals #Collectibles
Sat May 02 23:50:04 +0000 2015,#NBA #TrailBlazers PORTLAND TRAILBLAZERS mens L large #Adidas black shorts NBA #Basketball drexler… http://t.co/hvUk4wle9E #Sales #Discount
Sat May 02 23:46:03 +0000 2015,L #NBA #TrailBlazers *NEW* $65 #Adidas ON COURT WARM UP PANTS PORTLAND TRAIL BLAZERS NBA SIZE XL #Sales #Discount http://t.co/dTdVgY5Lc1
Sat May 02 23:43:06 +0000 2015,#TrailBlazers #Cards 1995-96 Fleer Metal Basketball #92 Buck Williams Portland Trail Blazers #F326 http://t.co/3hXCFBUXi8 #Onsale #Card
Sat May 02 23:43:06 +0000 2015,#TrailBlazers #Cards 2012-13 Panini Signatures Meyers Leonard 1/1 Platinum Auto.Rookie Card Graded http://t.co/Hj9lyrWQXY #Onsale #Card
Sat May 02 23:40:34 +0000 2015,L #TrailBlazers #Cards Damian Lillard 2012 Ultimate Leaf State Pride Silver Auto RC BGS 9.5/10 #24/25 #Onsale #Card http://t.co/bgoNvL7w3w
Sat May 02 23:34:06 +0000 2015,#TrailBlazers #Buzz Portland Trail Blazers Season Ticket Holder Scarf http://t.co/oBi3ryi7iQ #Deals #Collectibles
Sat May 02 23:34:06 +0000 2015,#NBA #TrailBlazers Portland Trail Blazers Season Ticket Holder Scarf http://t.co/Ke756RrnW6 #Sales #Discount
Sat May 02 23:32:35 +0000 2015,#Healthy #WeightLoss For a Slim Body After 7 Days http://t.co/ipMVpzPC39 #TrailBlazers #Diet
Sat May 02 23:32:03 +0000 2015,#NBA Portland #TrailBlazers vs. Utah #Jazz: Blazers Fall Flat on Fan Appreciation Night http://t.co/GM9AFzu0kA
Sat May 02 23:31:10 +0000 2015,L #NBA #TrailBlazers NWT MENS DAMIAN LILLARD PORTLAND TRAIL BLAZERS #0 BLACK #Jersey SZ XXL 2XL SEWN #Sales… http://t.co/lq5qlzlqR6
Sat May 02 23:27:07 +0000 2015,#TrailBlazers #Cards 1976 TOPPS 31 SIDNEY WICKS 78 GEOFF PETRIE 119 HOLLINS Trail Blazers Combine Sh http://t.co/7T3FZZLd2T #Onsale #Card
Sat May 02 23:27:07 +0000 2015,#TrailBlazers #Cards 2014-15 Panini Prizm Basketball LaMarcus Aldridge Blue &amp; Green Mosaic Prizm #28 http://t.co/tRfMQPJHGx #Onsale #Card
Sat May 02 23:25:35 +0000 2015,L #TrailBlazers #Cards 2013-14 National Treasures Damian Lillard Game Gear Jersey 33/99 Trail Blazers #Onsale #Card http://t.co/h7AH11w2eH
Sat May 02 23:20:06 +0000 2015,L L #TrailBlazers #Cards GEORGE MIKAN: 1996-97 Portland Trailblazers Unused Picture Ticket #NBA @ 50 #Onsale #Card http://t.co/Z0xLURiZMZ
Sat May 02 23:18:06 +0000 2015,#TrailBlazers #Buzz *NEW* $65 #Adidas ON COURT WARM UP PANTS PORTLAND TRAIL BLAZERS #NBA SIZE… http://t.co/64F69iKhFt #Deals #Collectibles
Sat May 02 23:18:05 +0000 2015,#NBA #TrailBlazers *NEW* $65 #Adidas ON COURT WARM UP PANTS PORTLAND TRAIL BLAZERS NBA SIZE 2XL http://t.co/9YdGfdUg3L #Sales #Discount
Sat May 02 23:16:35 +0000 2015,#Healthy #WeightLoss Slimera Garcinia Cambogia - Get Rid Big Fat http://t.co/SiKJFzZQlX #TrailBlazers #Diet
Sat May 02 23:14:36 +0000 2015,L #TrailBlazers #Cards 2013-14 Panini Elite RC New Breed AUTO/Game Jersey SP #125/199 C.J. McCollum #Onsale #Card http://t.co/3eVlUvccWG
Sat May 02 23:10:50 +0000 2015,#TrailBlazers #Cards RED AUERBACH: 1996-97 Portland Trailblazers Unused Picture Ticket #NBA @ 50 http://t.co/UTumqWdEQr #Onsale #Card
Sat May 02 23:10:50 +0000 2015,#TrailBlazers #Cards 1995-96 Fleer Metal Basketball #92 Buck Williams Portland Trail Blazers #F326 http://t.co/8d9oay0pIL #Onsale #Card
Sat May 02 23:08:35 +0000 2015,L L L #TrailBlazers #Cards DAMIAN LILLARD 2012 PANINI SELECT # 150 TRAILBLAZERS ROOKIE AUTO - PSA/DNA #Onsale #Card http://t.co/U75BTc1NSg
Sat May 02 23:01:13 +0000 2015,#TrailBlazers #Buzz *NEW* $65 #Adidas ON COURT WARM UP PANTS PORTLAND TRAIL BLAZERS #NBA SIZE… http://t.co/QOWKsSlhFC #Deals #Collectibles
Sat May 02 23:01:09 +0000 2015,#NBA #TrailBlazers *NEW* $65 #Adidas ON COURT WARM UP PANTS PORTLAND TRAIL BLAZERS NBA SIZE XL http://t.co/rluHTZuNro #Sales #Discount
Sat May 02 22:59:05 +0000 2015,L #TrailBlazers #Cards 2014-15 Panini Prizm Basketball LaMarcus Aldridge Blue &amp;amp; Green Mosaic Prizm #28 #Onsale… http://t.co/wI70M5pjVh
Sat May 02 22:55:05 +0000 2015,#TrailBlazers #Cards Martell Webster 2004/05 Finest XRC Sp Rookie Refractor 196 Trailblazers /359 http://t.co/lDyggALSEU #Onsale #Card
Sat May 02 22:55:04 +0000 2015,#TrailBlazers #Cards Damian Lillard 2012 Ultimate Leaf State Pride Silver Auto RC BGS 9.5/10 #24/25 http://t.co/wl0vzBFPPQ #Onsale #Card
Sat May 02 22:53:35 +0000 2015,L L L #TrailBlazers #Cards Martell Webster 2004/05 Finest XRC Sp Rookie Refractor 196 Trailblazers /359 #Onsale… http://t.co/MQI8XU7m3h
Sat May 02 22:49:00 +0000 2015,Portland #TrailBlazers vs. Utah #Jazz: Blazers Fall Flat on Fan Appreciation Night #NBA http://t.co/jR1CnwOmet
Sat May 02 22:48:59 +0000 2015,#NBA Portland #TrailBlazers vs. Utah #Jazz: Blazers Fall Flat on Fan Appreciation Night http://t.co/lCIiSyyye7
Sat May 02 22:48:59 +0000 2015,#NBA Portland #TrailBlazers vs. Utah #Jazz: Blazers Fall Flat on Fan Appreciation Night http://t.co/PhRQXDS1bK
Sat May 02 22:46:08 +0000 2015,#TrailBlazers #Buzz NWT MENS DAMIAN LILLARD PORTLAND TRAIL BLAZERS #0 BLACK #Jersey SZ XXL 2XL… http://t.co/BrhlfuSsFL #Deals #Collectibles
Sat May 02 22:46:07 +0000 2015,#NBA #TrailBlazers NWT MENS DAMIAN LILLARD PORTLAND TRAIL BLAZERS #0 BLACK #Jersey SZ XXL 2XL SEWN http://t.co/J58nnfEwTa #Sales #Discount
Sat May 02 22:46:07 +0000 2015,#Healthy #WeightLoss Learn About Weight Loss by Hypnosis http://t.co/Fx6ivcDs9f #TrailBlazers #Diet
Sat May 02 22:43:09 +0000 2015,L L L #TrailBlazers #Cards 1997-98 Topps Minted in Springfield #90 Jermaine O'Neal Blazers #Onsale #Card http://t.co/7WvHWFK5bq
Sat May 02 22:38:35 +0000 2015,#TrailBlazers #Cards C.J. MCCOLLUM 2013 14 PANINI SPECTRA TRAILBLAZERS ROOKIE JERSEY AUTO 1/5 http://t.co/O0wbkRo7yw #Onsale #Card
Sat May 02 22:38:35 +0000 2015,#TrailBlazers #Cards 2013-14 National Treasures Damian Lillard Game Gear Jersey 33/99 Trail Blazers http://t.co/FUdPI17PDH #Onsale #Card
Sat May 02 22:37:34 +0000 2015,L #TrailBlazers #Cards GEORGE MIKAN: 1996-97 Portland Trailblazers Unused Picture Ticket #NBA @ 50 #Onsale #Card http://t.co/N8aRp5gEGI
Sat May 02 22:32:05 +0000 2015,L L #TrailBlazers #Cards 1997-98 Topps Minted in Springfield #90 Jermaine O'Neal Blazers #Onsale #Card http://t.co/idPGYp1o9j
Sat May 02 22:29:36 +0000 2015,#Healthy #WeightLoss 3 Tips To Keeping The Weight Off This Holiday Season http://t.co/HpYP94xCzs #TrailBlazers #Diet
Sat May 02 22:26:36 +0000 2015,L #TrailBlazers #Cards Portland Trail Blazers 1994-95 Topps Stadium Club Super Team Insert #22 #Onsale #Card http://t.co/na9hL9kIWe
Sat May 02 22:22:34 +0000 2015,#TrailBlazers #Cards 2013-14 Panini Elite RC New Breed AUTO/Game Jersey SP #125/199 C.J. McCollum http://t.co/GnCzoQPAWf #Onsale #Card
Sat May 02 22:22:33 +0000 2015,#TrailBlazers #Cards RED AUERBACH: 1996-97 Portland Trailblazers Unused Picture Ticket #NBA @ 50 http://t.co/QzhxXMAtJY #Onsale #Card
Sat May 02 22:21:06 +0000 2015,L L #TrailBlazers #Cards 1991 Star 11 card SEALED sets Clyde Drexler 4 sets Portland Trailblazers #Onsale #Card http://t.co/jfZfTWjMx5
Sat May 02 22:14:36 +0000 2015,L L #TrailBlazers #Cards DAMIAN LILLARD 2012 PANINI SELECT # 150 TRAILBLAZERS ROOKIE AUTO - PSA/DNA #Onsale #Card http://t.co/ZBxRXJ24Eh
Sat May 02 22:13:38 +0000 2015,RT @TrailBlazers1v: #Healthy #WeightLoss My 40lb weight loss on a Raw Food Diet! Before &amp;amp;amp; After video/photos http://t.co/4mSQoTJgIR…
Sat May 02 22:13:37 +0000 2015,#Healthy #WeightLoss My 40lb weight loss on a Raw Food Diet! Before &amp;amp;amp; After video/photos http://t.co/4mSQoTJgIR #TrailBlazers #Diet
Sat May 02 22:10:12 +0000 2015,L #TrailBlazers #Cards BOB COUSY: 1996-97 Portland Trailblazers Unused Picture Ticket #NBA @ 50 #Onsale #Card http://t.co/4Xn4gVzRog
Sat May 02 22:06:06 +0000 2015,#TrailBlazers #Cards 2014-15 Panini Prizm Basketball LaMarcus Aldridge Blue &amp; Green Mosaic Prizm #28 http://t.co/JojxYEPQjt #Onsale #Card
Sat May 02 22:06:05 +0000 2015,#TrailBlazers #Cards Portland Trail Blazers 1994-95 Topps Stadium Club Super Team Insert #22 http://t.co/KAYQqcjs4V #Onsale #Card
Sat May 02 21:59:06 +0000 2015,L L #TrailBlazers #Cards Martell Webster 2004/05 Finest XRC Sp Rookie Refractor 196 Trailblazers /359 #Onsale #Card http://t.co/y5APAIQvjO
Sat May 02 21:58:34 +0000 2015,#Healthy #WeightLoss Grieving Newcastle mum Nicola Pyatt vows to win battle against... http://t.co/LmJofWkYQ2 #TrailBlazers #Diet
Sat May 02 21:50:36 +0000 2015,#TrailBlazers #Cards 2012 Prizm DAMIAN LILLARD (RC) #245 PSA 9 MINT PORTLAND TRAILBLAZERS http://t.co/3IiOishFA6 #Onsale #Card
Sat May 02 21:50:35 +0000 2015,#TrailBlazers #Cards 1976 TOPPS 31 SIDNEY WICKS 78 GEOFF PETRIE 119 HOLLINS Trail Blazers Combine Sh http://t.co/FMHYDMm1Xx #Onsale #Card
Sat May 02 21:49:34 +0000 2015,L L L #TrailBlazers #Buzz Damian Lillard #Adidas #NBA Portland Trail Blazers #Jersey (Red) T Shirt… #Deals… http://t.co/gEugB1UXx7
Sat May 02 21:43:36 +0000 2015,L L #TrailBlazers #Cards 1997-98 Topps Minted in Springfield #90 Jermaine O'Neal Blazers #Onsale #Card http://t.co/PSD05wsjWi
Sat May 02 21:43:07 +0000 2015,#Healthy #WeightLoss Bite Counter: is 100 bites per day the secret to weight loss? http://t.co/LPS60wbAqR #TrailBlazers #Diet
Sat May 02 21:35:05 +0000 2015,#TrailBlazers #Cards 2014-15 Panini Select Damian Lillard Gold Base 5/10 Gold Prizm Trailblazers http://t.co/yH4eQSnGaa #Onsale #Card
Sat May 02 21:35:04 +0000 2015,#TrailBlazers #Cards GEORGE MIKAN: 1996-97 Portland Trailblazers Unused Picture Ticket #NBA @ 50 http://t.co/9Cl6AlKgHD #Onsale #Card
Sat May 02 21:34:37 +0000 2015,RT @emmanuelabor: burn notice #blazermania #trillblazin #pdx  #Portland #trailblazers #burn http://t.co/r85ynuTpH5
Sat May 02 21:34:17 +0000 2015,L #TrailBlazers #Cards 1997-98 Topps Minted in Springfield #90 Jermaine O'Neal Blazers #Onsale #Card http://t.co/nUd1oDEwt6
Sat May 02 21:34:09 +0000 2015,burn notice #blazermania #trillblazin #pdx  #Portland #trailblazers #burn http://t.co/r85ynuTpH5
Sat May 02 21:23:04 +0000 2015,L #TrailBlazers #Cards 1991 Star 11 card SEALED sets Clyde Drexler 4 sets Portland Trailblazers #Onsale #Card http://t.co/csNcuj3hos
Sat May 02 21:20:12 +0000 2015,Portland #TrailBlazers vs. Utah #Jazz: Blazers Fall Flat on Fan Appreciation Night #NBA http://t.co/x2t4oXsa9O
Sat May 02 21:20:07 +0000 2015,Portland #TrailBlazers vs. Utah #Jazz: Blazers Fall Flat on #NBA Fan Appreciation Night http://t.co/Mb7OwY13H9
Sat May 02 21:20:06 +0000 2015,#NBA Portland #TrailBlazers vs. Utah #Jazz: Blazers Fall Flat on Fan Appreciation Night http://t.co/tr6NbmRTYw
Sat May 02 21:19:36 +0000 2015,#TrailBlazers #Cards Portland Trail Blazers 1994-95 Topps Stadium Club Super Team Insert #22 http://t.co/UuuNbIiA56 #Onsale #Card
Sat May 02 21:19:36 +0000 2015,#TrailBlazers #Cards 2009-10 Nothing But Net #5 Martell Webster Blazers http://t.co/UmnRXUelpV #Onsale #Card
Sat May 02 21:17:50 +0000 2015,L #TrailBlazers #Cards 1991 Star 11 card SEALED sets Clyde Drexler 4 sets Portland Trailblazers #Onsale #Card http://t.co/D3P8gTQvuE
Sat May 02 21:14:19 +0000 2015,#Healthy #WeightLoss The Get Skinny Quick Season http://t.co/ehZaayb9Wl #TrailBlazers #Diet … http://t.co/Tw1XBy7Tii
Sat May 02 21:13:34 +0000 2015,#Healthy #WeightLoss The Get Skinny Quick Season http://t.co/ts0JuHsVJQ #TrailBlazers #Diet
Sat May 02 21:12:06 +0000 2015,L #TrailBlazers #Cards DAMIAN LILLARD 2012 PANINI SELECT # 150 TRAILBLAZERS ROOKIE AUTO - PSA/DNA #Onsale #Card http://t.co/WZJkUQ2mi0
Sat May 02 21:07:07 +0000 2015,L L B #TrailBlazers #Cards 2014-15 Panini Immaculate Basketball 5-Box Case Break2 - PORTLAND TRAIL BLAZERS #Onsale… http://t.co/qe4qB6ATrS
Sat May 02 21:04:08 +0000 2015,#TrailBlazers #Cards BOB COUSY: 1996-97 Portland Trailblazers Unused Picture Ticket #NBA @ 50 http://t.co/Ey8sFNLryP #Onsale #Card
Sat May 02 21:04:08 +0000 2015,#TrailBlazers #Cards 2013-14 Panini Elite RC New Breed AUTO/Game Jersey SP #125/199 C.J. McCollum http://t.co/lnhON4E8Iu #Onsale #Card
Sat May 02 21:01:34 +0000 2015,L #TrailBlazers #Cards BILL WALTON 2008-09 Upper Deck #220 Trail Blazers #Onsale #Card http://t.co/Agh93C5slH
Sat May 02 20:55:36 +0000 2015,L #TrailBlazers #Cards Martell Webster 2004/05 Finest XRC Sp Rookie Refractor 196 Trailblazers /359 #Onsale #Card http://t.co/bhEpOjMaNg
Sat May 02 20:47:05 +0000 2015,#TrailBlazers #Cards Clyde Drexler 2014-15 Panini Select Gold Patch #8/10 Prizm Ref Game Used Jersey http://t.co/N0MQWVfFw1 #Onsale #Card
Sat May 02 20:47:04 +0000 2015,#TrailBlazers #Cards BILL WALTON 2008-09 Upper Deck #220 Trail Blazers http://t.co/FTvJBGFhVQ #Onsale #Card
Sat May 02 20:46:07 +0000 2015,L L #TrailBlazers #Buzz Damian Lillard #Adidas #NBA Portland Trail Blazers #Jersey (Red) T Shirt… #Deals… http://t.co/LWqG0K7E7W
Sat May 02 20:43:08 +0000 2015,#Healthy #WeightLoss Number 1 Weight Management Tool I Give ALL My Clients - Part 2 http://t.co/SyBDo7wllQ #TrailBlazers #Diet
Sat May 02 20:40:34 +0000 2015,L #TrailBlazers #Cards 1997-98 Topps Minted in Springfield #90 Jermaine O'Neal Blazers #Onsale #Card http://t.co/46z87SfGem
Sat May 02 20:38:04 +0000 2015,#TrailBlazers #Buzz CHICAGO BULLS 1992 #NBA FINALS "DEAD MEAT BULLS" PLACARD PORTLAND TRAIL… http://t.co/zMZI9aTLj5 #Deals #Collectibles
Sat May 02 20:38:03 +0000 2015,#NBA #TrailBlazers CHICAGO BULLS 1992 NBA FINALS "DEAD MEAT BULLS" PLACARD PORTLAND TRAIL BLAZERS http://t.co/a2sza9rQea #Sales #Discount
Sat May 02 20:36:32 +0000 2015,#NBA Portland #TrailBlazers vs. Utah #Jazz: Blazers Fall Flat on Fan Appreciation Night http://t.co/j1p6rv5zTP
Sat May 02 20:34:34 +0000 2015,L #TrailBlazers #Buzz BILL WALTON 1974 ROOKIE PICTORIAL PORTLAND TRAILBLAZERS PHOTOS AFTER THE… #Deals #Collectibles http://t.co/yj4eBNqtPP
Sat May 02 20:31:34 +0000 2015,#TrailBlazers #Cards 1997-98 Topps Minted in Springfield #90 Jermaine O'Neal Blazers http://t.co/2E52CpdphE #Onsale #Card
Sat May 02 20:31:33 +0000 2015,#TrailBlazers #Cards 1991 Star 11 card SEALED sets Clyde Drexler 4 sets Portland Trailblazers http://t.co/luc7kMnCIU #Onsale #Card
Sat May 02 20:29:05 +0000 2015,L #TrailBlazers #Cards DAMIAN LILLARD 2012 PANINI SELECT # 150 TRAILBLAZERS ROOKIE AUTO - PSA/DNA #Onsale #Card http://t.co/GmGxan079g
Sat May 02 20:23:34 +0000 2015,L #TrailBlazers #Cards C.J. MCCOLLUM 2013 14 PANINI SPECTRA TRAILBLAZERS ROOKIE JERSEY AUTO 1/5 #Onsale #Card http://t.co/BkyESMt1lc
Sat May 02 20:16:19 +0000 2015,@MCLAAthletics softball hits two back to back home runs to lead @wsulancers 8-3! #trailblazers
