Sun May 03 00:00:12 +0000 2015,Graduation day :NBA star Damian Lillard gets his degree from Weber State http://t.co/WDskikOJLj #UtahJazz #NBA
Sat May 02 23:45:09 +0000 2015,#NBA #UtahJazz - John Stockton Utah Jazz Hardwood Classics Jersey Size Medium brand new... http://t.co/sObEKTQ3U8 http://t.co/lQmogZfBKD
Sat May 02 23:45:08 +0000 2015,#NBA #UtahJazz - John Stockton Utah Jazz Hardwood Classics Jersey Size Medium brand new... http://t.co/9wOFyEb0Oi http://t.co/k33Sm3HFUt
Sat May 02 23:45:08 +0000 2015,#NBA #UtahJazz - Mint Adidas Deron Williams Utah Jazz NBA Jersey Sz Youth L(14-16) Or W... http://t.co/TsweACUiiy http://t.co/k33Sm3HFUt
Sat May 02 23:27:38 +0000 2015,Game Preview :Jazz at Rockets| http://t.co/9SFoYCJNGe #NBA #UtahJazz
Sat May 02 23:20:11 +0000 2015,Latest On Thaddeus Young, Option Decision http://t.co/cmhce4kCHV #UtahJazz #NBA
Sat May 02 23:15:46 +0000 2015,#NBA #UtahJazz - Mint Adidas Deron Williams Utah Jazz NBA Jersey Sz Youth L(14-16) Or W... http://t.co/yUvnFlHNxa http://t.co/lQmogZfBKD
Sat May 02 23:14:33 +0000 2015,J'prend 20 points d'écart en première mi-temps, j'remonte a -8 au final.. #NBA2K15 #MonMG #UtahJazz
Sat May 02 23:08:38 +0000 2015,#UtahJazz #jazznation #gojazz #utah NBA Playoffs 2015: San Antonio Spurs look to steal a Game 7 road victory a.. http://t.co/YiDX7zKOhT
Sat May 02 23:00:10 +0000 2015,Hoops Rumors Originals 4/26/15-5/2/15 http://t.co/xH9tOQJ3LC #UtahJazz #NBA
Sat May 02 22:54:33 +0000 2015,Looking for a great #BasketballCamp in #SaltLakeCity #Utah? #UtahJazz #TreyBurke June 2015… https://t.co/kkRHzjPdSw
Sat May 02 22:52:51 +0000 2015,Looking for a great #BasketballCamp in #SaltLakeCity #Utah? #UtahJazz #TreyBurke June 2015… https://t.co/S2ARZbzlUf
Sat May 02 22:52:35 +0000 2015,And-Ones :Bhamara, Jazz, Brooks| http://t.co/NVtq9nQnui #NBA #UtahJazz
Sat May 02 22:51:23 +0000 2015,Trey Burke  #UtahJazz #TreyBurke https://t.co/VQzxpzs4R3
Sat May 02 22:41:19 +0000 2015,#NBA #UtahJazz - UTAH JAZZ Track JACKET -SIZE MEDIUM -Retro Classic NWOT Navy:  $19.99E... http://t.co/EAoDktSAoH http://t.co/lQmogZfBKD
Sat May 02 22:41:18 +0000 2015,#NBA #UtahJazz - Utah Jazz Jersey - #32 Karl Malone - Retro Purple - Labled Size XL/48:... http://t.co/vT3Dh1ilQZ http://t.co/lQmogZfBKD
Sat May 02 22:41:18 +0000 2015,#NBA #UtahJazz - utah jazz jersey Men L Deron Williams Nba Authentic Hayward Favors Vtg... http://t.co/pmpMlbIp3M http://t.co/lQmogZfBKD
Sat May 02 22:41:18 +0000 2015,#NBA #UtahJazz - ⊙ ADIDAS Utah Jazz ANDREI KIRILENKO NBA Jersey YOUTH M BSK31:  $26.99E... http://t.co/90nAe88Qbo http://t.co/lQmogZfBKD
Sat May 02 22:41:18 +0000 2015,#NBA #UtahJazz - vtg Champion Karl Malone jersey rare sz youth S 8 Utah Jazz nba black ... http://t.co/VkAIkAIOkk http://t.co/lQmogZfBKD
Sat May 02 22:40:04 +0000 2015,Southwest Notes :Parsons, Villanueva, Fredette http://t.co/UlAMxmtr3q #UtahJazz #NBA
Sat May 02 22:21:34 +0000 2015,RT @topUJazz: Hoops Rumors Weekly Mailbag 4/26/15-5/2/15 http://t.co/uo8DgknA71 #UtahJazz #NBA
Sat May 02 22:20:03 +0000 2015,Hoops Rumors Weekly Mailbag 4/26/15-5/2/15 http://t.co/uo8DgknA71 #UtahJazz #NBA
Sat May 02 22:17:33 +0000 2015,Rodney Hood Named NBAâs Western Conference Rookie of the Month for April| http://t.co/SQCYvIBTqc #NBA #UtahJazz
Sat May 02 21:08:06 +0000 2015,#NBA #UtahJazz - Authentic Utah Jazz Shorts:  $100.00End Date: Monday Jun-1-2015 13:41:... http://t.co/sdnsywOGZW http://t.co/lQmogZfBKD
Sat May 02 20:34:07 +0000 2015,#NBA #UtahJazz - utah jazz karl malone No.32 swingman throwback soul men jersey size S-... http://t.co/pbQ7zGyYcW http://t.co/k33Sm3HFUt
Sat May 02 20:34:07 +0000 2015,#NBA #UtahJazz - John Stockton Utah Jazz Reebok Jersey Size 2XL Brand New:  $24.99End D... http://t.co/aiJD0OvJUD http://t.co/k33Sm3HFUt
Sat May 02 20:32:27 +0000 2015,Jazz and Partners Contribute Nearly $240,000 in Charitable Donations This Season| http://t.co/0rekYRin66 #NBA #UtahJazz
Sat May 02 20:15:09 +0000 2015,Jazz need to find a back-up big man http://t.co/aQel8bwY9h #UtahJazz #NBA
Sat May 02 20:05:18 +0000 2015,#NBA #UtahJazz - utah jazz karl malone No.32 swingman throwback soul men jersey size S-... http://t.co/yUA8RJEYLu http://t.co/lQmogZfBKD
Sat May 02 20:05:18 +0000 2015,#NBA #UtahJazz - John Stockton Utah Jazz Reebok Jersey Size 2XL Brand New:  $24.99End D... http://t.co/fEobj5rjLk http://t.co/lQmogZfBKD
Sat May 02 20:01:56 +0000 2015,RT @JustinSwapp: @Joeingles7 @mharpring15 Matt's first taste: 

https://t.co/QuFnbt6TPF

#utahjazz #jazznation
Sat May 02 19:55:08 +0000 2015,Northwest Notes :Donovan, Blazers, Thunder http://t.co/qoRq7SyZYX #UtahJazz #NBA
Sat May 02 19:37:42 +0000 2015,Emptying the Noggin â Bryce Cotton on the hammer dunk| http://t.co/9NX6G8Dy36 #NBA #UtahJazz
Sat May 02 19:35:07 +0000 2015,2014/15 D-League Usage Report :Pacers http://t.co/zcJluoXQpG #UtahJazz #NBA
Sat May 02 19:15:07 +0000 2015,And-Ones :Huertas, NBA Draft, Towns http://t.co/Arwt5hIDIV #UtahJazz #NBA
Sat May 02 19:14:57 +0000 2015,Met my new best friend at the RSL game last night. @utahjazz #utahjazz http://t.co/DdQ98XRsqF
Sat May 02 19:02:04 +0000 2015,If you actually needed reasons to be excited about the #UtahJazz, here are 5. #GoJazz http://t.co/k2fjVPYSLV... http://t.co/3yq00CZOrY
Sat May 02 18:30:17 +0000 2015,Utah Jazz top five stories of the week http://t.co/kgCyIbW7y4 #UtahJazz #NBA
Sat May 02 18:26:11 +0000 2015,#NBA #UtahJazz - Karl Malone Utah Jazz Throwback jersey medium jersey:  $0.99 (0 Bids)E... http://t.co/vb5Mu9sSH0 http://t.co/lQmogZfBKD
Sat May 02 18:26:11 +0000 2015,#NBA #UtahJazz - Bryon Russell Utah Jazz Purple Jersey Bobblehead:  $5.99 (0 Bids)End D... http://t.co/NcpLsRdArl http://t.co/lQmogZfBKD
Sat May 02 18:26:10 +0000 2015,#NBA #UtahJazz - Karl Malone Utah Jazz Throwback jersey medium jersey:  $0.99 (0 Bids)E... http://t.co/GvWrWjYSu9 http://t.co/k33Sm3HFUt
Sat May 02 18:26:10 +0000 2015,#NBA #UtahJazz - Bryon Russell Utah Jazz Purple Jersey Bobblehead:  $5.99 (0 Bids)End D... http://t.co/oHCXnGoOCN http://t.co/k33Sm3HFUt
Sat May 02 17:52:36 +0000 2015,Nets Drop to 3-10 in January With a Drubbing by the Jazz| http://t.co/OzrKDEqDzJ #NBA #UtahJazz
Sat May 02 17:50:15 +0000 2015,7 reasons why May 2 is the biggest sports day of the year http://t.co/sMfxr274RY #UtahJazz #NBA
Sat May 02 17:30:15 +0000 2015,Warriors GM Bob Myers voted NBA's executive of the year http://t.co/azBJYAs81u #UtahJazz #NBA
Sat May 02 17:21:48 +0000 2015,#NBA #UtahJazz - John Stockton Utah Jazz MED Adidas Throwback Hardwood Classics Swingma... http://t.co/466QPXLrYm http://t.co/lQmogZfBKD
Sat May 02 17:21:48 +0000 2015,#NBA #UtahJazz - John Stockton Utah Jazz MED Adidas Throwback Hardwood Classics Swingma... http://t.co/8DbwlRCYiz http://t.co/k33Sm3HFUt
Sat May 02 17:10:14 +0000 2015,Graduation day :NBA star Damian Lillard gets his degree from Weber State http://t.co/WDskikOJLj #UtahJazz #NBA
Sat May 02 16:42:32 +0000 2015,The RoundupâJazz 91, Rockets 117| http://t.co/PA2COp5wJz #NBA #UtahJazz
Sat May 02 15:50:11 +0000 2015,And-Ones :Huertas, NBA Draft, Towns http://t.co/Arwt5i0eAt #UtahJazz #NBA
Sat May 02 15:30:11 +0000 2015,Week In Review 4/26/15-5/2/15 http://t.co/JDDZZpxPAr #UtahJazz #NBA
Sat May 02 15:12:56 +0000 2015,#NBA #UtahJazz - NBA Basketball Utah Jazz Adidas Shirt Adult L Large:  $3.95End Date: M... http://t.co/hgwo0AfjLy http://t.co/k33Sm3HFUt
Sat May 02 14:51:11 +0000 2015,RT @devdixon: #UtahJazz News Graduation day: NBA star Damian Lillard gets his degree from Weber State: OGDEN — Damian Lillar... http://t.co…
Sat May 02 14:42:29 +0000 2015,#NBA #UtahJazz - NBA Basketball Utah Jazz Adidas Shirt Adult L Large:  $3.95End Date: M... http://t.co/QHWBcuhOHR http://t.co/lQmogZfBKD
Sat May 02 14:19:36 +0000 2015,#UtahJazz News Graduation day: NBA star Damian Lillard gets his degree from Weber State: OGDEN — Damian Lillar... http://t.co/G54NIgleax
Sat May 02 14:19:27 +0000 2015,@Joeingles7 @mharpring15 Matt's first taste: 

https://t.co/QuFnbt6TPF

#utahjazz #jazznation
Sat May 02 13:44:12 +0000 2015,#UtahJazz #jazznation #gojazz #forum Early Start on Predictions for 2015-2016 - All-Star Game http://t.co/m8pIc5pU9J
Sat May 02 13:25:07 +0000 2015,Jazz need to find a back-up big man http://t.co/aQel8bfmKH #UtahJazz #NBA
Sat May 02 13:05:06 +0000 2015,Prospect Profile :Tyus Jones http://t.co/D3kZQydEHo #UtahJazz #NBA
Sat May 02 12:59:15 +0000 2015,RT @topUJazz: Northwest Notes :Donovan, Blazers, Thunder http://t.co/qoRq7SyZYX #UtahJazz #NBA
Sat May 02 12:45:06 +0000 2015,Northwest Notes :Donovan, Blazers, Thunder http://t.co/qoRq7SyZYX #UtahJazz #NBA
Sat May 02 12:17:33 +0000 2015,Jazz Hold On to Beat the Knicks| http://t.co/ICrkkhJQps #NBA #UtahJazz
Sat May 02 11:07:29 +0000 2015,And-Ones :Tomic, Huertas, Free Agents| http://t.co/CQx9Ju35wu #NBA #UtahJazz
Sat May 02 10:32:27 +0000 2015,Jazz Rookie Bryce Cotton Selected to All-NBA D-League Second Team| http://t.co/j3WC9zpI97 #NBA #UtahJazz
Sat May 02 10:24:49 +0000 2015,#NBA #UtahJazz - Utah Jazz 2 1/2" Logo Patch Emblem  Basketball:  $1.99 (0 Bids)End Dat... http://t.co/Y8xtxpdJmX http://t.co/lQmogZfBKD
Sat May 02 10:24:48 +0000 2015,#NBA #UtahJazz - Utah Jazz 2 1/2" Logo Patch Emblem  Basketball 5 Patch Lot:  $3.99 (0 ... http://t.co/TtljQPTAQo http://t.co/lQmogZfBKD
Sat May 02 10:24:48 +0000 2015,#NBA #UtahJazz - Utah Jazz 3 1/2" Logo Patch Emblem Basketball:  $2.99 (0 Bids)End Date... http://t.co/UaeLaG8nHK http://t.co/lQmogZfBKD
Sat May 02 10:24:48 +0000 2015,#NBA #UtahJazz - Utah Jazz since 1980 3 1/2" Logo Patch Crest Basketball:  $2.99 (0 Bid... http://t.co/ZKpWSpA1mt http://t.co/lQmogZfBKD
Sat May 02 10:00:58 +0000 2015,#JPGibson #UtahJazz http://t.co/qqMRa9dLLT
Sat May 02 10:00:16 +0000 2015,Jazz need to find a back-up big man http://t.co/aQel8bwY9h #UtahJazz #NBA
Sat May 02 09:57:51 +0000 2015,And-Ones :Bhamara, Jazz, Brooks| http://t.co/NVtq9nQnui #NBA #UtahJazz
Sat May 02 09:22:49 +0000 2015,Cavaliers Win Fourth Straight; Pistons Hold Off the Magic| http://t.co/gV9M7IbukN #NBA #UtahJazz
Sat May 02 09:00:11 +0000 2015,2014/15 D-League Usage Report :Pacers http://t.co/zcJluoXQpG #UtahJazz #NBA
Sat May 02 08:47:46 +0000 2015,Northwest Notes :Brooks, Thunder, Aldridge| http://t.co/JD9pJfZVgh #NBA #UtahJazz
Sat May 02 08:40:03 +0000 2015,And-Ones :Huertas, NBA Draft, Towns http://t.co/Arwt5hIDIV #UtahJazz #NBA
Sat May 02 08:37:16 +0000 2015,#UtahJazz #jazznation #gojazz #forum Former Utah Jazz Player JP Gibson Receives Last Chemo Treatment http://t.co/nteURNuq16
Sat May 02 08:15:12 +0000 2015,Utah Jazz top five stories of the week http://t.co/kgCyIbW7y4 #UtahJazz #NBA
Sat May 02 08:12:44 +0000 2015,Emptying the Noggin â Bryce Cotton on the hammer dunk| http://t.co/9NX6G8lXby #NBA #UtahJazz
Sat May 02 07:37:42 +0000 2015,Western Notes :McDaniels, Duncan, Brooks| http://t.co/eVqnnbyZi6 #NBA #UtahJazz
Sat May 02 07:35:11 +0000 2015,7 reasons why May 2 is the biggest sports day of the year http://t.co/sMfxr274RY #UtahJazz #NBA
Sat May 02 07:15:11 +0000 2015,Warriors GM Bob Myers voted NBA's executive of the year http://t.co/azBJYAs81u #UtahJazz #NBA
Sat May 02 07:02:40 +0000 2015,The RoundupâJazz 91, Rockets 117| http://t.co/PA2COp5wJz #NBA #UtahJazz
Sat May 02 06:27:38 +0000 2015,And-Ones :Martin, Fontecchio, Jazz| http://t.co/CHBjfjVoqo #NBA #UtahJazz
Sat May 02 06:15:09 +0000 2015,2014/15 D-League Usage Report :Clippers http://t.co/BB8rk0VBwm #UtahJazz #NBA
Sat May 02 05:55:08 +0000 2015,Celtics Notes :Thomas, Ainge, Offseason http://t.co/26QJwFD16O #UtahJazz #NBA
Sat May 02 05:35:08 +0000 2015,Prospect Profile :Tyus Jones http://t.co/D3kZQydEHo #UtahJazz #NBA
Sat May 02 05:15:07 +0000 2015,Northwest Notes :Donovan, Blazers, Thunder http://t.co/qoRq7SyZYX #UtahJazz #NBA
Sat May 02 04:33:58 +0000 2015,#NBA #UtahJazz - Champion Vintage Utah Jazz Shooting Shirt Warmup Jersey Black Retro M/... http://t.co/ovyHT5ThCo http://t.co/lQmogZfBKD
Sat May 02 04:07:30 +0000 2015,Northwest Notes :Brooks, Jazz, Wolves| http://t.co/Yx75j30i3P #NBA #UtahJazz
Sat May 02 03:43:10 +0000 2015,RT @NBAJazz_fans: Jazz Rookie Bryce Cotton Selected to All-NBA D-League Second Team| http://t.co/j3WC9zpI97 #NBA #UtahJazz
Sat May 02 03:30:15 +0000 2015,#NBA #UtahJazz - UTAH JAZZ Multi-Color LICENSE PLATE #7 - NEW:  $10.99End Date: Sunday ... http://t.co/8mcDNtUgaX http://t.co/lQmogZfBKD
Sat May 02 03:30:15 +0000 2015,#NBA #UtahJazz - UTAH JAZZ Multi-Color LICENSE PLATE #7 - NEW:  $10.99End Date: Sunday ... http://t.co/reJS57r2Dd http://t.co/k33Sm3HFUt
Sat May 02 03:30:15 +0000 2015,#NBA #UtahJazz - KARL MALONE Utah Jazz jersey youth XL rare 90's FREE SHIP Champion NWO... http://t.co/1zfVAs8VeU http://t.co/k33Sm3HFUt
Sat May 02 03:30:15 +0000 2015,#NBA #UtahJazz - 4" Utah Jazz NBA Logo Basketball Die-Cut Sticker:  $1.99End Date: Sund... http://t.co/rqpN8U3n3e http://t.co/k33Sm3HFUt
Sat May 02 03:10:11 +0000 2015,Jazz need to find a back-up big man http://t.co/aQel8bwY9h #UtahJazz #NBA
Sat May 02 03:00:28 +0000 2015,#NBA #UtahJazz - KARL MALONE Utah Jazz jersey youth XL rare 90's FREE SHIP Champion NWO... http://t.co/REm51seMXi http://t.co/lQmogZfBKD
Sat May 02 03:00:27 +0000 2015,#NBA #UtahJazz - 4" Utah Jazz NBA Logo Basketball Die-Cut Sticker:  $1.99End Date: Sund... http://t.co/uqZ2i6ephf http://t.co/lQmogZfBKD
Sat May 02 02:57:53 +0000 2015,Northwest Notes :Donovan, Blazers, Pleiss| http://t.co/QldDXBo6lS #NBA #UtahJazz
Sat May 02 02:36:28 +0000 2015,That time we had Paul Millsap, DeMarre Carrol, Kyle Korver. Ya. #utahjazz
Sat May 02 02:28:07 +0000 2015,#NBA #UtahJazz - Carlos Boozer Utah Jazz Youth Jersey By Reebok. Size L (14-16).:  $13.... http://t.co/YZR9nI0jbQ http://t.co/lQmogZfBKD
