Sun May 03 00:08:19 +0000 2015,#Wizards #Washington #WashingtonWizards Mystics/Wizards PA announcer Mike Clapper talks about his gig on Frida.. http://t.co/sUNXE2tfUE
Sun May 03 00:04:35 +0000 2015,TIX http://t.co/vCFfWs8E2n 2 #Ticket ATL Hawks vs Washington #Wizards Section 213 http://t.co/GaRCf5X07C #Tickets #ForSale
Sun May 03 00:02:34 +0000 2015,Wizards Unveil New Primary Logo| http://t.co/t78chgZ0Fn #NBA #Wizards
Sun May 03 00:01:34 +0000 2015,#NBA Game This Sunday May 3 #Wizards will be facing #Hawks! Let's support are local #Team together here @... http://t.co/OHBUs7d15K
Sat May 02 23:58:28 +0000 2015,#NBA #Wizards - Champion Michael Jordan Washington Wizards #23 NBA Jersey (Men's Size 4... http://t.co/2SlbrRlMMJ http://t.co/k33Sm3HFUt
Sat May 02 23:58:28 +0000 2015,#NBA #Wizards - Washington Wizards NBA Flag 3ft x 5ft Banner made in USA:  $19.99End Da... http://t.co/lMpSitN0au http://t.co/k33Sm3HFUt
Sat May 02 23:58:28 +0000 2015,#NBA #Wizards - Michael Jordan #23 Washington Wizards Jersey Champion youth Size XL18-2... http://t.co/erTOh1LjsH http://t.co/k33Sm3HFUt
Sat May 02 23:54:28 +0000 2015,An edgier Otto Porter Jr. surfaces for #Wizards in forwards #NBA playoff debut http://t.co/9dpYjkvWPp
Sat May 02 23:54:27 +0000 2015,#Raptors trying to focus on #Wizards not just Paul Pierce #NBA http://t.co/Oimr4BjcU2
Sat May 02 23:54:22 +0000 2015,#Raptors trying to focus on #Wizards, not just Pierce http://t.co/u2AC4DHNn5
Sat May 02 23:49:06 +0000 2015,TIX http://t.co/vCFfWs8E2n 1-4 #Ticket Round 2 Washington #Wizards vs ATL Hawks HG3 5/15 Verizon… http://t.co/SHnjDPufW3 #Tickets #ForSale
Sat May 02 23:45:34 +0000 2015,"I solemnly swear that I'm up to no good... " #harrypotter #diagonalley #hogsmeade #wizards… https://t.co/MCTEGRBOAg
Sat May 02 23:45:09 +0000 2015,#Wizards seek winning direction against #Hawks http://t.co/5xq7sDXdM9 #ESPN
Sat May 02 23:45:07 +0000 2015,Latest On Thaddeus Young, Option Decision http://t.co/Cdg1Zhkojv #Wizards #NBA
Sat May 02 23:38:10 +0000 2015,#Wizards seek winning direction against #Hawks: @ESPN http://t.co/tdctNeN5Lb #NBA
Sat May 02 23:33:52 +0000 2015,http://t.co/dVavLl6NQ9 2 Tickets ATL Hawks vs Washington Wizards Section 213  #Wizards http://t.co/rIeWj1g9Fl
Sat May 02 23:33:22 +0000 2015,#Hawks face quick turnaround but seem 2 have swaggr bak  http://t.co/TpYVqLoLjq #Atlanta #season #Wizards
Sat May 02 23:32:25 +0000 2015,#Raptors trying to focus on #NBA #Wizards, not just Paul Pierce http://t.co/L06OX8ObbC
Sat May 02 23:32:25 +0000 2015,#Raptors trying to focus on #Wizards not just Paul Pierce #NBA http://t.co/IQFSwqweNl
Sat May 02 23:32:21 +0000 2015,TIX http://t.co/vCFfWs8E2n 2 #Ticket Round 2 Washington #Wizards vs ATL Hawks HG3 5/15 Verizon… http://t.co/Cf4S7K0QG2 #Tickets #ForSale
Sat May 02 23:30:55 +0000 2015,http://t.co/qWQfAWvxPQ Wizards-Hawks Preview (The Associated Press)  #Wizards http://t.co/w42tJyZ7KJ
Sat May 02 23:20:04 +0000 2015,Hoops Rumors Originals 4/26/15-5/2/15 http://t.co/9g8xiaBVBS #Wizards #NBA
Sat May 02 23:16:35 +0000 2015,TIX http://t.co/vCFfWs8E2n 2 Washington #Wizards vs Atlanta Hawks NBA Playoff #Ticket - Game #3 http://t.co/m42GAsVmYR #Tickets #ForSale
Sat May 02 23:15:13 +0000 2015,http://t.co/eGbFNVeX8t Wizards hope to turn over a new leaf in second-round series with A #Wizards http://t.co/kBgHAkKjMD
Sat May 02 23:14:15 +0000 2015,This is amazing #wizards #lovemylife http://t.co/zdqn1AiiQN
Sat May 02 23:10:25 +0000 2015,An edgier Otto Porter Jr. surfaces for #Wizards #NBA http://t.co/peMm79DQWK
Sat May 02 23:10:24 +0000 2015,An edgier Otto Porter Jr. surfaces for #Wizards in forwards playoff debut #NBA http://t.co/0GeQiBz8P2
Sat May 02 23:10:23 +0000 2015,#NBA #Wizards are searching for their best look for prime time http://t.co/hIVE5cYRUj
Sat May 02 23:10:23 +0000 2015,An edgier Otto Porter Jr. surfaces for #Wizards in forwards #NBA playoff debut http://t.co/AZHH0Mrw12
Sat May 02 23:10:22 +0000 2015,An edgier Otto Porter Jr. surfaces for #Wizards #NBA http://t.co/rgkAPBimUp
Sat May 02 23:10:06 +0000 2015,#NBA @ATLHawks acabó
con @BrooklynNets y va por
#Wizards http://t.co/JqtlMcN6mX http://t.co/lspBqLfbsU
Sat May 02 23:00:06 +0000 2015,TIX http://t.co/vCFfWs8E2n 2 #Ticket Round 2 Washington #Wizards vs ATL Hawks HG3 5/15 Verizon… http://t.co/fp3dKRproZ #Tickets #ForSale
Sat May 02 22:58:02 +0000 2015,I had American Pharoah because just like my fandom for the #Nats and #Caps and #Redskins and #Wizards I go for the frontrunner
Sat May 02 22:55:03 +0000 2015,Southwest Notes :Parsons, Villanueva, Fredette http://t.co/B3Xd21dkGz #Wizards #NBA
Sat May 02 22:53:43 +0000 2015,RT @WashWizards: Atlanta it is... The #Wizards will take on the #Hawks in the second round!  Game 1 on Sunday at 1pm in ATL 

#dcRising
Sat May 02 22:49:15 +0000 2015,#Wizards Marcin Gortat is the Polish Hammer and now he is also the Playoff Hammer
http://t.co/cqbCNMR2Qi
@HoopsHabit http://t.co/GLbkmgBb6U
Sat May 02 22:48:57 +0000 2015,#NBA Finally healthy, #Wizards are searching for their best look for prime time http://t.co/8Xjc3g2rFY
Sat May 02 22:48:56 +0000 2015,An edgier Otto Porter Jr. surfaces for #Wizards in forwards playoff debut #NBA http://t.co/HUtRXJclVz
Sat May 02 22:48:55 +0000 2015,Finally healthy, #Wizards are searching for their best look #NBA http://t.co/NpJYAlIZl0
Sat May 02 22:46:27 +0000 2015,http://t.co/dVavLl6NQ9 BUTLER Washington Wizards sewn basketball jersey size adult XL #Wizards http://t.co/r0ZIXf01R1
Sat May 02 22:44:04 +0000 2015,TIX http://t.co/vCFfWs8E2n Washington #Wizards vs Atlanta Hawks #Ticket 5/3/2015 http://t.co/cRQYIg2dFK #Tickets #ForSale
Sat May 02 22:42:25 +0000 2015,http://t.co/dVavLl6NQ9 [Washington Post] - Wiz Insider: Wizards hope to turn over a n #Wizards http://t.co/hWK7hnwz6Y
Sat May 02 22:41:52 +0000 2015,#Wizards #Hawks begins early tomorrow. DC punished TOR, ATL had some issues vs BKN. #Grizzlies #Warriors super series starts at 3:30.
Sat May 02 22:33:12 +0000 2015,RT @MonumentalNtwrk: Was this the best thing that happened on #Wizards social media this past week? http://t.co/HJQNfGTbr2 #OffTheBench htt…
Sat May 02 22:32:06 +0000 2015,#Wizards-#Hawks Preview (Yahoo Sports): @YahooSports http://t.co/0q5BXMr4Vy #NBA
Sat May 02 22:31:10 +0000 2015,On my way to Atlanta for the second round of the NBA playoffs #nba #NBAplayoffs #washington #wizards…… http://t.co/zZQAVJWGGx
Sat May 02 22:29:51 +0000 2015,Wiz Insidr #Wizards hope 2 turn ovr a new leaf in 2nd-round series wiv #Atlanta #Atlanta #Hawks #regularseason #Wizards http://www.was...
Sat May 02 22:29:27 +0000 2015,RT @otgbasketball: How the Hawks Can Fly Past the Wizards - http://t.co/0oE7G3BXG5 #NBA #NBAPlayoffs #Hawks #Wizards http://t.co/DYwb9meaul
Sat May 02 22:28:35 +0000 2015,TIX http://t.co/vCFfWs8E2n 1-8 #Ticket Round 2 Washington #Wizards vs ATL Hawks HG1 5/9 Verizon… http://t.co/Si39jXsqI3 #Tickets #ForSale
Sat May 02 22:26:24 +0000 2015,#Raptors trying to focus on #Wizards, not just Pierce http://t.co/shUC3cT0Bm
Sat May 02 22:26:07 +0000 2015,#Raptors trying to focus on #Wizards not just Paul Pierce #NBA http://t.co/FOlQDhsHKz
Sat May 02 22:26:07 +0000 2015,An edgier Otto Porter Jr. surfaces for #Wizards #NBA http://t.co/ndyjXkhdBs
Sat May 02 22:26:05 +0000 2015,#Raptors trying to focus on #Wizards not just Paul Pierce #NBA http://t.co/0kbpm5HZ57
Sat May 02 22:26:04 +0000 2015,An edgier Otto Porter Jr. surfaces for #Wizards in forwards playoff debut #NBA http://t.co/E20oMqPD19
Sat May 02 22:25:38 +0000 2015,RT @NBA: It'll be the @ATLHawks moving on to the Eastern Conference Semifinals; host #Wizards Sunday at 1pm EST on ABC. http://t.co/HBBZ8Dl…
Sat May 02 22:25:23 +0000 2015,New Washington Wizards Rumors. Thursday, April 30 2015 http://t.co/pYQlUXTVxT #Wizards #NBA
Sat May 02 22:20:32 +0000 2015,RT @WizOfAwes: #Wizards shut down Korver during the reg. season. Here's how they can do it in the 2nd round: http://t.co/CypJ0P2Pow http://…
Sat May 02 22:18:29 +0000 2015,RT @WizOfAwes: #Wizards shut down Korver during the reg. season. Here's how they can do it in the 2nd round: http://t.co/CypJ0P2Pow http://…
Sat May 02 22:13:55 +0000 2015,RT @BenMehicNBA: Containing Kyle Korver will be key for the #Wizards and Otto Porter might get the assignment: http://t.co/ruFi7CC2uB http:…
Sat May 02 22:12:06 +0000 2015,TIX http://t.co/vCFfWs8E2n 1-8 #Ticket Round 2 Washington #Wizards vs ATL Hawks HG1 5/9 Verizon… http://t.co/U6uLBPZkKq #Tickets #ForSale
Sat May 02 22:12:02 +0000 2015,RT @WizOfAwes: #Wizards shut down Korver during the reg. season. Here's how they can do it in the 2nd round: http://t.co/CypJ0P2Pow http://…
Sat May 02 22:12:01 +0000 2015,Tonight's all star elixir and perogi TARG crew featuring #wizards Marci, Jennilee and LewDog on FOH… https://t.co/jauW5cxK1D
Sat May 02 22:08:08 +0000 2015,#Wizards #Washington #WashingtonWizards John Wall is Coming For Your 'POINT GOD' Tweets http://t.co/YSNe2lHZZF
Sat May 02 22:05:49 +0000 2015,RT @CompendioDeport: #NBA @ATLHawks acabó
con @BrooklynNets y va por
#Wizards http://t.co/JqtlMcN6mX http://t.co/lspBqLfbsU
Sat May 02 22:05:02 +0000 2015,#NBA @ATLHawks acabó
con @BrooklynNets y va por
#Wizards http://t.co/JqtlMcN6mX http://t.co/lspBqLfbsU
Sat May 02 22:04:29 +0000 2015,An edgier Otto Porter Jr. surfaces for #Wizards #NBA http://t.co/GSY5ty3uOj
Sat May 02 22:04:28 +0000 2015,An edgier Otto Porter Jr. surfaces for #Wizards in forwards #NBA playoff debut http://t.co/CCdVu3QWrB
Sat May 02 22:04:27 +0000 2015,#NBA An edgier Otto Porter Jr. surfaces for #Wizards in forwards playoff debut http://t.co/tOcZ4xEADa
Sat May 02 22:04:02 +0000 2015,#Raptors trying to focus on #NBA #Wizards, not just Paul Pierce http://t.co/nuSXv8i9Nq
Sat May 02 22:00:22 +0000 2015,Hawks vs. Nets Game 6 GameThread :I want to sleep in after the Mayweather vs. Pacquiao fight! http://t.co/8eqxwi4e9Z #Wizards #NBA
Sat May 02 21:59:20 +0000 2015,http://t.co/dVavLl6NQ9 2 Washington Wizards vs Atlanta Hawks NBA Playoff Tickets - Ga #Wizards http://t.co/zH61SskR41
Sat May 02 21:55:05 +0000 2015,TIX http://t.co/vCFfWs8E2n 1-4 #Ticket Round 2 Washington #Wizards vs ATL Hawks HG2 5/11 Verizon… http://t.co/cT43C1HNw6 #Tickets #ForSale
Sat May 02 21:53:13 +0000 2015,http://t.co/qWQfAWvxPQ Hawks face quick turnaround, but seem to have swagger back (The #Wizards http://t.co/w42tJyZ7KJ
Sat May 02 21:46:48 +0000 2015,RT @WizOfAwes: #Wizards shut down Korver during the reg. season. Here's how they can do it in the 2nd round: http://t.co/CypJ0P2Pow http://…
Sat May 02 21:42:18 +0000 2015,#NBA #Raptors trying to focus on #Wizards not just Paul Pierce http://t.co/Mls9Mga78H
Sat May 02 21:42:15 +0000 2015,#NBA An edgier Otto Porter Jr. surfaces for #Wizards in forwards playoff debut http://t.co/QZ7aaFdl1N
Sat May 02 21:42:13 +0000 2015,#Raptors trying to focus on #Wizards not just Paul Pierce #NBA http://t.co/RgU0fEqvsM
Sat May 02 21:42:10 +0000 2015,Finally healthy, #Wizards are searching for their best look #NBA http://t.co/H2I2aJBpsG
Sat May 02 21:39:38 +0000 2015,RT @BenMehicNBA: Containing Kyle Korver will be key for the #Wizards and Otto Porter might get the assignment: http://t.co/ruFi7CC2uB http:…
Sat May 02 21:39:05 +0000 2015,TIX http://t.co/vCFfWs8E2n 2 Washington #Wizards vs Atlanta Hawks NBA Playoff #Ticket - Game #4 http://t.co/677b1I8pIs #Tickets #ForSale
Sat May 02 21:37:59 +0000 2015,Containing Kyle Korver will be key for the #Wizards and Otto Porter might get the assignment: http://t.co/ruFi7CC2uB http://t.co/lTein6z5kz
Sat May 02 21:36:11 +0000 2015,RT @WizOfAwes: #Wizards shut down Korver during the reg. season. Here's how they can do it in the 2nd round: http://t.co/CypJ0P2Pow http://…
Sat May 02 21:35:21 +0000 2015,NBA Playoffs 2015 :Wizards vs. Hawks series schedule, TV Listings, and times released http://t.co/tgjuKQcM1k #Wizards #NBA
Sat May 02 21:34:55 +0000 2015,#Wizards shut down Korver during the reg. season. Here's how they can do it in the 2nd round: http://t.co/CypJ0P2Pow http://t.co/H5eGqpsGAK
Sat May 02 21:33:47 +0000 2015,#Wizards Hawks face quick turnaround, but seem to have swagger back (The Associated Press):... http://t.co/nWdumW9f4P #WashingtonWizards
Sat May 02 21:31:43 +0000 2015,In the ATL, where the #Wizards start their seven-game series with the Hawks tomorrow (05-03-2015).… https://t.co/7kjDi8wdqg
Sat May 02 21:30:02 +0000 2015,RT @crossoverNBA: New at @Bloguin and CC, by @mzemek:

#Wizards - #Hawks Is A Biblical Basketball Series -- It's A Book Of Revelation

http…
Sat May 02 21:27:04 +0000 2015,@taytayro22 @laurenroeling @dmoore124 #wizards
Sat May 02 21:23:04 +0000 2015,TIX http://t.co/vCFfWs8E2n 1-4 #Ticket Round 2 Washington #Wizards vs ATL Hawks HG3 5/15 Verizon… http://t.co/F2c2rMyMi4 #Tickets #ForSale
Sat May 02 21:20:12 +0000 2015,#Raptors trying to focus on #Wizards, not just Pierce http://t.co/uQM36VlbvH
Sat May 02 21:20:11 +0000 2015,An edgier Otto Porter Jr. surfaces for #Wizards in forwards playoff debut #NBA http://t.co/VZIFMqON0o
Sat May 02 21:18:14 +0000 2015,John 8:32 is a #Wizards verse.
Two Pauls have central roles.
Both teams seek redemption.

WASH-ATL: Bible basketball

http://t.co/XUyKgTdzAD
Sat May 02 21:16:06 +0000 2015,New at @Bloguin and CC, by @mzemek:

#Wizards - #Hawks Is A Biblical Basketball Series -- It's A Book Of Revelation

http://t.co/XUyKgTdzAD
Sat May 02 21:09:04 +0000 2015,http://t.co/dVavLl6NQ9 [The Washington Times] - Hawks face quick turnaround, but seem #Wizards http://t.co/eu4hqBW7sF
Sat May 02 21:08:14 +0000 2015,RT @ThonMaker14: 3 and 0?! I think So! #Wizards #ButImNotaRaptor 😂😜
Sat May 02 21:07:05 +0000 2015,TIX http://t.co/vCFfWs8E2n 1-4 #Ticket Round 2 Washington #Wizards vs ATL Hawks HG1 5/9 Verizon… http://t.co/xZWe7AQIi7 #Tickets #ForSale
Sat May 02 21:07:05 +0000 2015,Hawks face quick turnaround, but seem to have swagger back... http://t.co/eti10M6NQg   #NBA #Washington #Wizards
Sat May 02 21:03:09 +0000 2015,RT @TheOTnation: #NBA Eastern Conference Semis Preview http://t.co/a6KxVWFn1j
#Cavaliers #Bulls #Wizards #Hawks #NBAPlayoffs
Sat May 02 21:02:32 +0000 2015,RT @WashWizards: Atlanta it is... The #Wizards will take on the #Hawks in the second round!  Game 1 on Sunday at 1pm in ATL 

#dcRising
Sat May 02 21:01:59 +0000 2015,#NBA Eastern Conference Semis Preview http://t.co/a6KxVWFn1j
#Cavaliers #Bulls #Wizards #Hawks #NBAPlayoffs
